SET IDENTITY_INSERT platform_dataattributes off;
INSERT INTO platform_dataattributes (platformdataattributesid,dataattributename,sensitivityflagid,createddate,statusid,createduser,platformdataattributeguid,registeredapp,attributetype) VALUES
      (1,'Names - Last',3,'2020-08-04 21:51:36.000',1,NULL,NULL,'16a17a48-d09b-11ea-9579-bba61161b25a  ','Upsert'),
      (2,'Area Code',3,'2020-08-04 21:51:36.000',1,NULL,NULL,'16a17a48-d09b-11ea-9579-bba61161b25a  ','As-Is'),
      (3,'Address',3,'2020-08-04 21:51:36.000',1,NULL,NULL,'16a17a48-d09b-11ea-9579-bba61161b25a  ','Generator'),
      (4,'ZipCode US - Includes City & State',3,'2020-08-04 21:51:36.000',1,NULL,NULL,'16a17a48-d09b-11ea-9579-bba61161b25a  ','As-Is'),
      (5,'Phone Number - US',3,'2020-08-04 21:51:36.000',1,NULL,NULL,'16a17a48-d09b-11ea-9579-bba61161b25a  ','Generator'),
      (6,'Credit Cards',3,'2020-08-04 21:51:36.000',1,NULL,NULL,'16a17a48-d09b-11ea-9579-bba61161b25a  ','Generator'),
      (7,'Bank Accounts',1,'2020-08-04 21:51:36.000',1,NULL,NULL,'16a17a48-d09b-11ea-9579-bba61161b25a  ','Generator'),
      (8,'Date of Birth',3,'2020-08-04 21:51:36.000',1,NULL,NULL,'16a17a48-d09b-11ea-9579-bba61161b25a  ','Generator'),
      (9,'Drivers License Number',1,'2020-08-04 21:51:36.000',1,NULL,NULL,'16a17a48-d09b-11ea-9579-bba61161b25a  ','Generator'),
      (10,'Social Security Number',3,'2020-08-04 21:51:36.000',1,NULL,NULL,'16a17a48-d09b-11ea-9579-bba61161b25a  ','Generator'),
      (11,'UPC Codes',1,'2020-08-04 21:51:36.000',1,NULL,NULL,'16a17a48-d09b-11ea-9579-bba61161b25a  ','As-Is'),
      (12,'Company Names',1,'2020-08-04 21:51:36.000',1,NULL,NULL,'16a17a48-d09b-11ea-9579-bba61161b25a  ','As-Is'),
      (13,'Employer Identification Numbers (EIN)',1,'2020-08-04 21:51:36.000',1,NULL,NULL,'16a17a48-d09b-11ea-9579-bba61161b25a  ','As-Is'),
      (14,'Account Numbers',3,'2020-08-04 21:51:36.000',1,NULL,NULL,'16a17a48-d09b-11ea-9579-bba61161b25a  ','Generator'),
      (15,'User Identities',3,'2020-08-04 21:51:36.000',1,NULL,NULL,'16a17a48-d09b-11ea-9579-bba61161b25a  ','Generator'),
      (16,'Bank Routing',3,'2020-08-04 21:51:36.000',1,NULL,NULL,'16a17a48-d09b-11ea-9579-bba61161b25a  ','As-Is'),
      (17,'Phone Number - International',3,'2020-08-04 21:51:36.000',1,NULL,NULL,'16a17a48-d09b-11ea-9579-bba61161b25a  ','Generator'),
      (19,'Area Code Intl - IDD',3,'2020-08-04 21:51:36.000',1,NULL,NULL,'16a17a48-d09b-11ea-9579-bba61161b25a  ','As-Is'),
      (20,'ZipCode Intl ',3,'2020-08-04 21:51:36.000',1,NULL,NULL,'16a17a48-d09b-11ea-9579-bba61161b25a  ','As-Is'),
      (18,'Names - First',3,'2020-08-04 21:51:36.000',1,NULL,NULL,'16a17a48-d09b-11ea-9579-bba61161b25a  ','Upsert'),
      (21,'Serial Numbers',6,'2022-06-02 13:59:20.860',1,'NULL','NULL','16a17a48-d09b-11ea-9579-bba61161b25a  ','Generator'),
      (22,'Regular Expression Based Data',3,'2023-01-18 23:51:30.423',1,'NULL','NULL','16a17a48-d09b-11ea-9579-bba61161b25a  ','Generator'),
      (23,'Professions',3,'2023-01-19 10:06:59.813',1,'NULL','NULL','16a17a48-d09b-11ea-9579-bba61161b25a  ','As-Is'),
      (24,'Devices',3,'2023-12-31 04:21:49.731',1,'NULL','NULL ','16a17a48-d09b-11ea-9579-bba61161b25a  ','Generator');
SET IDENTITY_INSERT platform_dataattributes on;

SET IDENTITY_INSERT platform_datageneration off;
INSERT INTO platform_datageneration (DataGenTypeID,DataGenTypeDescription,Definition,DataAttributeID,CreatedDate,StatusID,CreatedUser) VALUES
     (1,'Master','^5[1-5][0-9]{14}$',6,'2021-05-24 19:48:20',1,NULL),
	 (2,'Visa','^4[0-9]{12}(?:[0-9]{3})?$',6,'2021-05-24 19:48:20',1,NULL),
	 (3,'Discover','^65[4-9][0-9]{13}|64[4-9][0-9]{13}|6011[0-9]{12}|(622(?:12[6-9]|1[3-9][0-9]|[2-8][0-9][0-9]|9[01][0-9]|92[0-5])[0-9]{10})$',6,'2021-05-24 19:48:20',1,NULL),
	 (4,'AMEX','^3[47][0-9]{13}$',6,'2021-05-24 19:48:20',1,NULL),
	 (5,'AL','^[0-9]{7,8}$',9,'2021-05-24 19:48:20',1,NULL),
	 (6,'AK','^[0-9]{7}$',9,'2021-05-24 19:48:20',1,NULL),
	 (7,'AZ','^[A-Z]{1}[0-9]{8}$',9,'2021-05-24 19:48:20',1,NULL),
	 (8,'AR','^[0-9]{9}$',9,'2021-05-24 19:48:20',1,NULL),
	 (9,'CA','^[A-Z]{1}[0-9]{7}$',9,'2021-05-24 19:48:20',1,NULL),
	 (10,'CO','^[0-9]{9}$',9,'2021-05-24 19:48:20',1,NULL),
	  (11,'CT','^[0-9]{9}$',9,'2021-05-24 19:48:20',1,NULL),
	 (12,'DE','^[0-9]{1,7}$',9,'2021-05-24 19:48:20',1,NULL),
	 (13,'DC','^[0-9]{7}$',9,'2021-05-24 19:48:20',1,NULL),
	 (14,'FL','^[A-Z]{1}[0-9]{12}$',9,'2021-05-24 19:48:20',1,NULL),
	 (15,'GA','^[0-9]{9}$',9,'2021-05-24 19:48:20',1,NULL),
	 (16,'HI','^H[0-9]{8}$',9,'2021-05-24 19:48:20',1,NULL),
	 (17,'ID','^[A-Z]{3}[0-9]{6}$',9,'2021-05-24 19:48:20',1,NULL),
	 (18,'IL','^[A-Z]{1}[0-9]{11}$',9,'2021-05-24 19:48:20',1,NULL),
	 (19,'IN','^[0-9]{10}$',9,'2021-05-24 19:48:20',1,NULL),
	 (20,'IA','^[A-Z]{3}[0-9]{2}[A-Z]{4}$',9,'2021-05-24 19:48:20',1,NULL),
	 (21,'KS','^K[0-9]{8}$',9,'2021-05-24 19:48:20',1,NULL),
	 (22,'KY','^[A-Z]{1}[0-9]{8}$',9,'2021-05-24 19:48:20',1,NULL),
	 (23,'LA','^0[0-9]{8}$',9,'2021-05-24 19:48:20',1,NULL),
	 (24,'ME','^[0-9]{7}$',9,'2021-05-24 19:48:20',1,NULL),
	 (25,'MD','^[A-Z]{1}[0-9]{12}$',9,'2021-05-24 19:48:20',1,NULL),
	 (26,'MA','^S[0-9]{8}$',9,'2021-05-24 19:48:21',1,NULL),
	 (27,'MI','^[A-Z]{1}[0-9]{12}$',9,'2021-05-24 19:48:21',1,NULL),
	 (28,'MN','^[A-Z]{1}[0-9]{12}$',9,'2021-05-24 19:48:21',1,NULL),
	 (29,'MS','^[0-9]{9}$',9,'2021-05-24 19:48:21',1,NULL),
	 (30,'MO','^[A-Z]{1}[0-9]{9}$',9,'2021-05-24 19:48:21',1,NULL),
	 (31,'MT','^[0-9]{13}$',9,'2021-05-24 19:48:21',1,NULL),
	 (32,'NE','^[A-Z]{1}[0-9]{8}$',9,'2021-05-24 19:48:21',1,NULL),
	 (33,'NV','^[0-9]{12}$',9,'2021-05-24 19:48:21',1,NULL),
	 (34,'NH','^[A-Z]{3}[0-9]{8}$',9,'2021-05-24 19:48:21',1,NULL),
	 (35,'NJ','^[A-Z]{1}[0-9]{14}$',9,'2021-05-24 19:48:21',1,NULL),
	 (36,'NM','^[0-9]{9}$',9,'2021-05-24 19:48:21',1,NULL),
	 (37,'NY','^[0-9]{9}$',9,'2021-05-24 19:48:21',1,NULL),
	 (38,'NC','^[0-9]{12}$',9,'2021-05-24 19:48:21',1,NULL),
	 (39,'ND','^[A-Z]{3}[0-9]{6}$',9,'2021-05-24 19:48:21',1,NULL),
	 (40,'OH','^[A-Z]{2}[0-9]{6}$',9,'2021-05-24 19:48:21',1,NULL),
	 (41,'OK','^[A-Z]{1}[0-9]{9}$',9,'2021-05-24 19:48:21',1,NULL),
	 (42,'OR','^[A-Z]{1}[0-9]{6,7}$',9,'2021-05-24 19:48:21',1,NULL),
	 (43,'PA','^[0-9]{8}$',9,'2021-05-24 19:48:21',1,NULL),
	 (44,'RI','(^V[0-9]{6}$)|(^[0-9]{7}$)',9,'2021-05-24 19:48:21',1,NULL),
	 (45,'SC','^[0-9]{6,11}$',9,'2021-05-24 19:48:21',1,NULL),
	 (46,'SD','^[0-9]{8,9}$',9,'2021-05-24 19:48:21',1,NULL),
	 (47,'TN','^[0-9]{7,9}$',9,'2021-05-24 19:48:21',1,NULL),
	 (48,'TX','^[0-9]{8}$',9,'2021-05-24 19:48:21',1,NULL),
	 (49,'UT','^[0-9]{4,10}$',9,'2021-05-24 19:48:21',1,NULL),
	 (50,'VT','(^[0-9]{7}A$)|(^[0-9]{8}$)',9,'2021-05-24 19:48:21',1,NULL),
	 (51,'VA','^[A-Z]{1}[0-9]{8}$',9,'2021-05-24 19:48:21',1,NULL),
	 (52,'WA','(^[A-Z]{7}[0-9]{5}$)|(^[A-Z]{7}[0-9]{3}[A-Z]{2}$)',9,'2021-05-24 19:48:21',1,NULL),
	 (53,'WV','^[A-Z]{1}[0-9]{6}$',9,'2021-05-24 19:48:21',1,NULL),
	 (54,'WI','^[A-Z]{1}[0-9]{13}$',9,'2021-05-24 19:48:21',1,NULL),
	 (55,'WY','^[0-9]{9}$',9,'2021-05-24 19:48:21',1,NULL),
	 (56,'Numeric','^[0-9]{9}$',14,'2021-05-24 19:48:21',1,NULL),
	 (57,'Mixed','^[A-Z]{2}[%#@&]{1}[0-9]{5}[A-Z]{1}$',14,'2021-05-24 19:48:21',1,NULL),
	 (58,'Peoples Bank','^[0-9]{10}$',7,'2021-05-24 19:48:21',1,NULL),
	 (59,'Cadeceus','^[%#@&]{1}[A-Z]{3}[%#@&]{1}[0-9]{1}[A-Z]{2}$',15,'2021-05-24 19:48:21',1,NULL)
     ;
SET IDENTITY_INSERT platform_datageneration off;

SET IDENTITY_INSERT platform_datastructures off;
INSERT INTO platform_datastructures (platformdatastructuresid,datastructurename,sensitivityflagid,createddate,statusid,createduser,platformdatastructuresguid,registeredapp) VALUES
      (1,'Person Demographics',2,'2021-03-29 11:23:43.000',1,NULL,'16a17a48-d09b-11ea-9579-bba61161b25a  ',NULL),
      (2,'Bank Account',2,'2021-03-29 11:33:12.000',1,NULL,'16a17a48-d09b-11ea-9579-bba61161b25a  ',NULL),
      (3,'US Phone Number',1,'2021-03-29 11:33:12.000',1,NULL,'16a17a48-d09b-11ea-9579-bba61161b25a  ',NULL),
      (4,'Complete Name',3,'2021-03-29 11:33:12.000',1,NULL,'16a17a48-d09b-11ea-9579-bba61161b25a  ',NULL),
      (5,'US Address',1,'2021-03-29 11:33:12.000',1,NULL,'16a17a48-d09b-11ea-9579-bba61161b25a  ',NULL);
SET IDENTITY_INSERT platform_datastructures on;

SET IDENTITY_INSERT platform_datastructures_dtl off;
INSERT INTO platform_datastructures_dtl (platformdatastructuresdtlid,platformdatastructuresid,compositedatastructurename,sensitivityflagid,createddate,statusid,createduser,platformdatastructurestodataattributesguid,registeredapp,platformdataattributesid)
VALUES (1,1,NULL,1,'2021-03-29 11:41:11.000',1,NULL,NULL,'16a17a48-d09b-11ea-9579-bba61161b25a  ',1),
       (2,1,NULL,1,'2021-03-29 11:41:11.000',1,NULL,NULL,'16a17a48-d09b-11ea-9579-bba61161b25a  ',18),
       (3,2,NULL,1,'2021-03-29 11:44:41.000',1,NULL,NULL,'16a17a48-d09b-11ea-9579-bba61161b25a  ',16),
       (4,2,NULL,1,'2021-03-29 11:44:41.000',1,NULL,NULL,'16a17a48-d09b-11ea-9579-bba61161b25a  ',7),
       (5,3,NULL,1,'2021-03-29 11:44:41.000',1,NULL,NULL,'16a17a48-d09b-11ea-9579-bba61161b25a  ',2),
       (6,3,NULL,1,'2021-03-29 11:44:41.000',1,NULL,NULL,'16a17a48-d09b-11ea-9579-bba61161b25a  ',5),
       (7,4,NULL,1,'2021-03-29 11:44:41.000',1,NULL,NULL,'16a17a48-d09b-11ea-9579-bba61161b25a  ',1),
       (8,4,NULL,1,'2021-03-29 11:44:41.000',1,NULL,NULL,'16a17a48-d09b-11ea-9579-bba61161b25a  ',18),
       (9,5,NULL,1,'2021-03-29 11:44:41.000',1,NULL,NULL,'16a17a48-d09b-11ea-9579-bba61161b25a  ',3),
       (10,5,NULL,1,'2021-03-29 11:44:41.000',1,NULL,NULL,'16a17a48-d09b-11ea-9579-bba61161b25a  ',4),
       (11,1,NULL,1,'2021-12-26 07:49:32.000',1,NULL,NULL,'16a17a48-d09b-11ea-9579-bba61161b25a  ',3),
       (12,1,NULL,1,'2021-12-26 07:51:15.000',1,NULL,NULL,'16a17a48-d09b-11ea-9579-bba61161b25a  ',4),
       (13,1,NULL,1,'2021-12-26 07:51:15.000',1,NULL,NULL,'16a17a48-d09b-11ea-9579-bba61161b25a  ',2),
       (14,1,NULL,1,'2021-12-26 07:51:59.000',1,NULL,NULL,'16a17a48-d09b-11ea-9579-bba61161b25a  ',5),
       (15,1,NULL,1,'2021-12-26 07:51:59.000',1,NULL,NULL,'16a17a48-d09b-11ea-9579-bba61161b25a  ',8),
       (16,1,NULL,1,'2021-12-26 07:53:10.000',1,NULL,NULL,'16a17a48-d09b-11ea-9579-bba61161b25a  ',9),
       (17,1,NULL,1,'2021-12-26 07:53:10.000',1,NULL,NULL,'16a17a48-d09b-11ea-9579-bba61161b25a  ',10);
SET IDENTITY_INSERT platform_datastructures_dtl on;