INSERT INTO platform_dataattributes (platformdataattributesid,dataattributename,sensitivityflagid,createddate,statusid,createduser,platformdataattributeguid,registeredapp,attributetype) VALUES
      (1,'Names - Last',3,'2020-08-04 21:51:36.000',1,NULL,NULL,'16a17a48-d09b-11ea-9579-bba61161b25a  ','Upsert'),
      (2,'Area Code',3,'2020-08-04 21:51:36.000',1,NULL,NULL,'16a17a48-d09b-11ea-9579-bba61161b25a  ','As-Is'),
      (3,'Address',3,'2020-08-04 21:51:36.000',1,NULL,NULL,'16a17a48-d09b-11ea-9579-bba61161b25a  ','Generator'),
      (4,'ZipCode US - Includes City & State',3,'2020-08-04 21:51:36.000',1,NULL,NULL,'16a17a48-d09b-11ea-9579-bba61161b25a  ','As-Is'),
      (5,'Phone Number - US',3,'2020-08-04 21:51:36.000',1,NULL,NULL,'16a17a48-d09b-11ea-9579-bba61161b25a  ','Generator'),
      (6,'Credit Cards',3,'2020-08-04 21:51:36.000',1,NULL,NULL,'16a17a48-d09b-11ea-9579-bba61161b25a  ','Generator'),
      (7,'Bank Accounts',1,'2020-08-04 21:51:36.000',1,NULL,NULL,'16a17a48-d09b-11ea-9579-bba61161b25a  ','Generator'),
      (8,'Date of Birth',3,'2020-08-04 21:51:36.000',1,NULL,NULL,'16a17a48-d09b-11ea-9579-bba61161b25a  ','Generator'),
      (9,'Drivers License Number',1,'2020-08-04 21:51:36.000',1,NULL,NULL,'16a17a48-d09b-11ea-9579-bba61161b25a  ','Generator'),
      (10,'Social Security Number',3,'2020-08-04 21:51:36.000',1,NULL,NULL,'16a17a48-d09b-11ea-9579-bba61161b25a  ','Generator'),
      (11,'UPC Codes',1,'2020-08-04 21:51:36.000',1,NULL,NULL,'16a17a48-d09b-11ea-9579-bba61161b25a  ','As-Is'),
      (12,'Company Names',1,'2020-08-04 21:51:36.000',1,NULL,NULL,'16a17a48-d09b-11ea-9579-bba61161b25a  ','As-Is'),
      (13,'Employer Identification Numbers (EIN)',1,'2020-08-04 21:51:36.000',1,NULL,NULL,'16a17a48-d09b-11ea-9579-bba61161b25a  ','As-Is'),
      (14,'Account Numbers',3,'2020-08-04 21:51:36.000',1,NULL,NULL,'16a17a48-d09b-11ea-9579-bba61161b25a  ','Generator'),
      (15,'User Identities',3,'2020-08-04 21:51:36.000',1,NULL,NULL,'16a17a48-d09b-11ea-9579-bba61161b25a  ','Generator'),
      (16,'Bank Routing',3,'2020-08-04 21:51:36.000',1,NULL,NULL,'16a17a48-d09b-11ea-9579-bba61161b25a  ','As-Is'),
      (17,'Phone Number - International',3,'2020-08-04 21:51:36.000',1,NULL,NULL,'16a17a48-d09b-11ea-9579-bba61161b25a  ','Generator'),
      (19,'Area Code Intl - IDD',3,'2020-08-04 21:51:36.000',1,NULL,NULL,'16a17a48-d09b-11ea-9579-bba61161b25a  ','As-Is'),
      (20,'ZipCode Intl ',3,'2020-08-04 21:51:36.000',1,NULL,NULL,'16a17a48-d09b-11ea-9579-bba61161b25a  ','As-Is'),
      (18,'Names - First',3,'2020-08-04 21:51:36.000',1,NULL,NULL,'16a17a48-d09b-11ea-9579-bba61161b25a  ','Upsert'),
      (21,'Serial Numbers',6,'2022-06-02 13:59:20.860',1,'NULL','NULL','16a17a48-d09b-11ea-9579-bba61161b25a  ','Generator'),
      (22,'Regular Expression Based Data',3,'2023-01-18 23:51:30.423',1,'NULL','NULL','16a17a48-d09b-11ea-9579-bba61161b25a  ','Generator'),
      (23,'Professions',3,'2023-01-19 10:06:59.813',1,'NULL','NULL','16a17a48-d09b-11ea-9579-bba61161b25a  ','As-Is'),
      (24,'Devices',3,'2023-12-31 04:21:49.731',1,'NULL','NULL ','16a17a48-d09b-11ea-9579-bba61161b25a  ','Generator')
;
INSERT INTO platform_datageneration (DataGenTypeID,DataGenTypeDescription,Definition,DataAttributeID,CreatedDate,StatusID,CreatedUser) VALUES
     (1,'Credit Card: Mastercard','^5[1-5][0-9]{14}$',6,'2021-05-24 19:48:20',1,NULL),
	 (2,'Credit Card: Visa','^4[0-9]{12}(?:[0-9]{3})?$',6,'2021-05-24 19:48:20',1,NULL),
	 (3,'Credit Card: Discover','^65[4-9][0-9]{13}|64[4-9][0-9]{13}|6011[0-9]{12}|(622(?:12[6-9]|1[3-9][0-9]|[2-8][0-9][0-9]|9[01][0-9]|92[0-5])[0-9]{10})$',6,'2021-05-24 19:48:20',1,NULL),
	 (4,'Credit Card: AMEX','^3[47][0-9]{13}$',6,'2021-05-24 19:48:20',1,NULL),
	 (5,'State DLN: AL','^[0-9]{7,8}$',9,'2021-05-24 19:48:20',1,NULL),
	 (6,'State DLN: AK','^[0-9]{7}$',9,'2021-05-24 19:48:20',1,NULL),
	 (7,'State DLN: AZ','^[A-Z]{1}[0-9]{8}$',9,'2021-05-24 19:48:20',1,NULL),
	 (8,'State DLN: AR','^[0-9]{9}$',9,'2021-05-24 19:48:20',1,NULL),
	 (9,'State DLN: CA','^[A-Z]{1}[0-9]{7}$',9,'2021-05-24 19:48:20',1,NULL),
	 (10,'State DLN: CO','^[0-9]{9}$',9,'2021-05-24 19:48:20',1,NULL),
	 (11,'State DLN: CT','^[0-9]{9}$',9,'2021-05-24 19:48:20',1,NULL),
	 (12,'State DLN: DE','^[0-9]{1,7}$',9,'2021-05-24 19:48:20',1,NULL),
	 (13,'State DLN: DC','^[0-9]{7}$',9,'2021-05-24 19:48:20',1,NULL),
	 (14,'State DLN: FL','^[A-Z]{1}[0-9]{12}$',9,'2021-05-24 19:48:20',1,NULL),
	 (15,'State DLN: GA','^[0-9]{9}$',9,'2021-05-24 19:48:20',1,NULL),
	 (16,'State DLN: HI','^H[0-9]{8}$',9,'2021-05-24 19:48:20',1,NULL),
	 (17,'State DLN: ID','^[A-Z]{3}[0-9]{6}$',9,'2021-05-24 19:48:20',1,NULL),
	 (18,'State DLN: IL','^[A-Z]{1}[0-9]{11}$',9,'2021-05-24 19:48:20',1,NULL),
	 (19,'State DLN: IN','^[0-9]{10}$',9,'2021-05-24 19:48:20',1,NULL),
	 (20,'State DLN: IA','^[A-Z]{3}[0-9]{2}[A-Z]{4}$',9,'2021-05-24 19:48:20',1,NULL),
	 (21,'State DLN: KS','^K[0-9]{8}$',9,'2021-05-24 19:48:20',1,NULL),
	 (22,'State DLN: KY','^[A-Z]{1}[0-9]{8}$',9,'2021-05-24 19:48:20',1,NULL),
	 (23,'State DLN: LA','^0[0-9]{8}$',9,'2021-05-24 19:48:20',1,NULL),
	 (24,'State DLN: ME','^[0-9]{7}$',9,'2021-05-24 19:48:20',1,NULL),
	 (25,'State DLN: MD','^[A-Z]{1}[0-9]{12}$',9,'2021-05-24 19:48:20',1,NULL),
	 (26,'State DLN: MA','^S[0-9]{8}$',9,'2021-05-24 19:48:21',1,NULL),
	 (27,'State DLN: MI','^[A-Z]{1}[0-9]{12}$',9,'2021-05-24 19:48:21',1,NULL),
	 (28,'State DLN: MN','^[A-Z]{1}[0-9]{12}$',9,'2021-05-24 19:48:21',1,NULL),
	 (29,'State DLN: MS','^[0-9]{9}$',9,'2021-05-24 19:48:21',1,NULL),
	 (30,'State DLN: MO','^[A-Z]{1}[0-9]{9}$',9,'2021-05-24 19:48:21',1,NULL),
	 (31,'State DLN: MT','^[0-9]{13}$',9,'2021-05-24 19:48:21',1,NULL),
	 (32,'State DLN: NE','^[A-Z]{1}[0-9]{8}$',9,'2021-05-24 19:48:21',1,NULL),
	 (33,'State DLN: NV','^[0-9]{12}$',9,'2021-05-24 19:48:21',1,NULL),
	 (34,'State DLN: NH','^[A-Z]{3}[0-9]{8}$',9,'2021-05-24 19:48:21',1,NULL),
	 (35,'State DLN: NJ','^[A-Z]{1}[0-9]{14}$',9,'2021-05-24 19:48:21',1,NULL),
	 (36,'State DLN: NM','^[0-9]{9}$',9,'2021-05-24 19:48:21',1,NULL),
	 (37,'State DLN: NY','^[0-9]{9}$',9,'2021-05-24 19:48:21',1,NULL),
	 (38,'State DLN: NC','^[0-9]{12}$',9,'2021-05-24 19:48:21',1,NULL),
	 (39,'State DLN: ND','^[A-Z]{3}[0-9]{6}$',9,'2021-05-24 19:48:21',1,NULL),
	 (40,'State DLN: OH','^[A-Z]{2}[0-9]{6}$',9,'2021-05-24 19:48:21',1,NULL),
	 (41,'State DLN: OK','^[A-Z]{1}[0-9]{9}$',9,'2021-05-24 19:48:21',1,NULL),
	 (42,'State DLN: OR','^[A-Z]{1}[0-9]{6,7}$',9,'2021-05-24 19:48:21',1,NULL),
	 (43,'State DLN: PA','^[0-9]{8}$',9,'2021-05-24 19:48:21',1,NULL),
	 (44,'State DLN: RI','(^V[0-9]{6}$)|(^[0-9]{7}$)',9,'2021-05-24 19:48:21',1,NULL),
	 (45,'State DLN: SC','^[0-9]{6,11}$',9,'2021-05-24 19:48:21',1,NULL),
	 (46,'State DLN: SD','^[0-9]{8,9}$',9,'2021-05-24 19:48:21',1,NULL),
	 (47,'State DLN: TN','^[0-9]{7,9}$',9,'2021-05-24 19:48:21',1,NULL),
	 (48,'State DLN: TX','^[0-9]{8}$',9,'2021-05-24 19:48:21',1,NULL),
	 (49,'State DLN: UT','^[0-9]{4,10}$',9,'2021-05-24 19:48:21',1,NULL),
	 (50,'State DLN: VT','(^[0-9]{7}A$)|(^[0-9]{8}$)',9,'2021-05-24 19:48:21',1,NULL),
	 (51,'State DLN: VA','^[A-Z]{1}[0-9]{8}$',9,'2021-05-24 19:48:21',1,NULL),
	 (52,'State DLN: WA','(^[A-Z]{7}[0-9]{5}$)|(^[A-Z]{7}[0-9]{3}[A-Z]{2}$)',9,'2021-05-24 19:48:21',1,NULL),
	 (53,'State DLN: WV','^[A-Z]{1}[0-9]{6}$',9,'2021-05-24 19:48:21',1,NULL),
	 (54,'State DLN: WI','^[A-Z]{1}[0-9]{13}$',9,'2021-05-24 19:48:21',1,NULL),
	 (55,'State DLN: WY','^[0-9]{9}$',9,'2021-05-24 19:48:21',1,NULL),
	 (56,'Numeric Account Number','^[0-9]{9}$',14,'2021-05-24 19:48:21',1,NULL),
	 (57,'Mixed Formatted Number','^[A-Z]{2}[%#@&]{1}[0-9]{5}[A-Z]{1}$',14,'2021-05-24 19:48:21',1,NULL),
	 (58,'Bank Account Number','^[0-9]{10}$',7,'2021-05-24 19:48:21',1,NULL),
	 (59,'Sample Identity','^[%#@&]{1}[A-Z]{3}[%#@&]{1}[0-9]{1}[A-Z]{2}$',15,'2021-05-24 19:48:21',1,NULL)
;
INSERT INTO platform_datastructures (platformdatastructuresid,datastructurename,sensitivityflagid,createddate,statusid,createduser,platformdatastructuresguid,registeredapp) VALUES
      (1,'Person Demographics',2,'2021-03-29 11:23:43.000',1,NULL,'16a17a48-d09b-11ea-9579-bba61161b25a  ',NULL),
      (2,'Bank Account',2,'2021-03-29 11:33:12.000',1,NULL,'16a17a48-d09b-11ea-9579-bba61161b25a  ',NULL),
      (3,'US Phone Number',1,'2021-03-29 11:33:12.000',1,NULL,'16a17a48-d09b-11ea-9579-bba61161b25a  ',NULL),
      (4,'Complete Name',3,'2021-03-29 11:33:12.000',1,NULL,'16a17a48-d09b-11ea-9579-bba61161b25a  ',NULL),
      (5,'US Address',1,'2021-03-29 11:33:12.000',1,NULL,'16a17a48-d09b-11ea-9579-bba61161b25a  ',NULL)
;
INSERT INTO platform_datastructures_dtl (platformdatastructuresdtlid,platformdatastructuresid,compositedatastructurename,sensitivityflagid,createddate,statusid,createduser,platformdatastructurestodataattributesguid,registeredapp,platformdataattributesid)
VALUES (1,1,NULL,1,'2021-03-29 11:41:11.000',1,NULL,NULL,'16a17a48-d09b-11ea-9579-bba61161b25a  ',1),
       (2,1,NULL,1,'2021-03-29 11:41:11.000',1,NULL,NULL,'16a17a48-d09b-11ea-9579-bba61161b25a  ',18),
       (3,2,NULL,1,'2021-03-29 11:44:41.000',1,NULL,NULL,'16a17a48-d09b-11ea-9579-bba61161b25a  ',16),
       (4,2,NULL,1,'2021-03-29 11:44:41.000',1,NULL,NULL,'16a17a48-d09b-11ea-9579-bba61161b25a  ',7),
       (5,3,NULL,1,'2021-03-29 11:44:41.000',1,NULL,NULL,'16a17a48-d09b-11ea-9579-bba61161b25a  ',2),
       (6,3,NULL,1,'2021-03-29 11:44:41.000',1,NULL,NULL,'16a17a48-d09b-11ea-9579-bba61161b25a  ',5),
       (7,4,NULL,1,'2021-03-29 11:44:41.000',1,NULL,NULL,'16a17a48-d09b-11ea-9579-bba61161b25a  ',1),
       (8,4,NULL,1,'2021-03-29 11:44:41.000',1,NULL,NULL,'16a17a48-d09b-11ea-9579-bba61161b25a  ',18),
       (9,5,NULL,1,'2021-03-29 11:44:41.000',1,NULL,NULL,'16a17a48-d09b-11ea-9579-bba61161b25a  ',3),
       (10,5,NULL,1,'2021-03-29 11:44:41.000',1,NULL,NULL,'16a17a48-d09b-11ea-9579-bba61161b25a  ',4),
       (11,1,NULL,1,'2021-12-26 07:49:32.000',1,NULL,NULL,'16a17a48-d09b-11ea-9579-bba61161b25a  ',3),
       (12,1,NULL,1,'2021-12-26 07:51:15.000',1,NULL,NULL,'16a17a48-d09b-11ea-9579-bba61161b25a  ',4),
       (13,1,NULL,1,'2021-12-26 07:51:15.000',1,NULL,NULL,'16a17a48-d09b-11ea-9579-bba61161b25a  ',2),
       (14,1,NULL,1,'2021-12-26 07:51:59.000',1,NULL,NULL,'16a17a48-d09b-11ea-9579-bba61161b25a  ',5),
       (15,1,NULL,1,'2021-12-26 07:51:59.000',1,NULL,NULL,'16a17a48-d09b-11ea-9579-bba61161b25a  ',8),
       (16,1,NULL,1,'2021-12-26 07:53:10.000',1,NULL,NULL,'16a17a48-d09b-11ea-9579-bba61161b25a  ',9),
       (17,1,NULL,1,'2021-12-26 07:53:10.000',1,NULL,NULL,'16a17a48-d09b-11ea-9579-bba61161b25a  ',10)
;