INSERT INTO refdata_status (status_id, status_description)
VALUES ('Active', 'Active'),
       ('Inactive', 'Inactive'),
       ('Archived', 'Archived'),
       ('UNDF', 'Undefined');

INSERT INTO refdata_timezones (timezone_id, timezone_desc)
VALUES ('CST', 'Central Timezone'),
       ('EST', 'Eastern Timezone'),
       ('MST', 'Mountain Timezone'),
       ('PST', 'Pacific Timezone'),
       ('UNK', 'Unknown');

INSERT INTO refdata_usstates (state_id, state_description, lattitude, longitude)
VALUES ('AK', 'Alaska', '63.588753', '-154.493062'),
       ('AL', 'Alabama', '32.318231', '-86.902298'),
       ('AR', 'Arkansas', '35.20105', '-91.831833'),
       ('AZ', 'Arizona', '34.048928', '-111.093731'),
       ('CA', 'California', '36.778261', '-119.417932'),
       ('CO', 'Colorado', '39.550051', '-105.782067'),
       ('CT', 'Connecticut', '41.603221', '-73.087749'),
       ('DC', 'District of Columbia', '38.905985', '-77.033418'),
       ('DE', 'Delaware', '38.910832', '-75.52767'),
       ('FL', 'Florida', '27.664827', '-81.515754'),
       ('GA', 'Georgia', '32.157435', '-82.907123'),
       ('HI', 'Hawaii', '19.898682', '-155.665857'),
       ('IA', 'Iowa', '41.878003', '-93.097702'),
       ('ID', 'Idaho', '44.068202', '-114.742041'),
       ('IL', 'Illinois', '40.633125', '-89.398528'),
       ('IN', 'Indiana', '40.551217', '-85.602364'),
       ('KS', 'Kansas', '39.011902', '-98.484246'),
       ('KY', 'Kentucky', '37.839333', '-84.270018'),
       ('LA', 'Louisiana', '31.244823', '-92.145024'),
       ('MA', 'Massachusetts', '42.407211', '-71.382437'),
       ('MD', 'Maryland', '39.045755', '-76.641271'),
       ('ME', 'Maine', '45.253783', '-69.445469'),
       ('MI', 'Michigan', '44.314844', '-85.602364'),
       ('MN', 'Minnesota', '46.729553', '-94.6859'),
       ('MO', 'Missouri', '37.964253', '-91.831833'),
       ('MS', 'Mississippi', '32.354668', '-89.398528'),
       ('MT', 'Montana', '46.879682', '-110.362566'),
       ('NC', 'North Carolina', '35.759573', '-79.0193'),
       ('ND', 'North Dakota', '47.551493', '-101.002012'),
       ('NE', 'Nebraska', '41.492537', '-99.901813'),
       ('NH', 'New Hampshire', '43.193852', '-71.572395'),
       ('NJ', 'New Jersey', '40.058324', '-74.405661'),
       ('NM', 'New Mexico', '34.97273', '-105.032363'),
       ('NV', 'Nevada', '38.80261', '-116.419389'),
       ('NY', 'New York', '43.299428', '-74.217933'),
       ('OH', 'Ohio', '40.417287', '-82.907123'),
       ('OK', 'Oklahoma', '35.007752', '-97.092877'),
       ('OR', 'Oregon', '43.804133', '-120.554201'),
       ('PA', 'Pennsylvania', '41.203322', '-77.194525'),
       ('PR', 'Puerto Rico', '18.220833', '-66.590149'),
       ('RI', 'Rhode Island', '41.580095', '-71.477429'),
       ('SC', 'South Carolina', '33.836081', '-81.163725'),
       ('SD', 'South Dakota', '43.969515', '-99.901813'),
       ('TN', 'Tennessee', '35.517491', '-86.580447'),
       ('TX', 'Texas', '31.968599', '-99.901813'),
       ('UT', 'Utah', '39.32098', '-111.093731'),
       ('VA', 'Virginia', '37.431573', '-78.656894'),
       ('VT', 'Vermont', '44.558803', '-72.577841'),
       ('WA', 'Washington', '47.751074', '-120.740139'),
       ('WI', 'Wisconsin', '43.78444', '-88.787868'),
       ('WV', 'West Virginia', '38.597626', '-80.454903'),
       ('WY', 'Wyoming', '43.075968', '-107.290284');

INSERT INTO refdata_vendors (vendor_id, vendor_name)
VALUES ('d04ac95d-b26e-401f-a740-f19ce3d486f0  ', 'Data Jedi Toolbelt Platform'),
       ('f5c07f58-b6d6-42fc-a3c5-f7383ea732bc  ', 'Undefined Vendor');

INSERT INTO refdata_industrystds (industry_std, industrystd_desc)
VALUES ('EDI', 'EDI'),
       ('FHIR', 'HL7 FHIR'),
       ('HL7', 'HL7 v2'),
       ('NCPDP', 'NCPDP'),
       ('UNDF', 'Undefined');

INSERT INTO refdata_sensitivityflags (sensitivityflag_id, sensitivityflag_desc)
VALUES ('UNDF', 'Undefined'),
       ('PHI', 'Personal Health Information'),
       ('PII', 'Personally Identifiable Information'),
       ('REF', 'Reference Data'),
       ('GEN', 'General Data'),
       ('UNK', 'Unknown');

INSERT INTO refdata_codesets (codesets_id, codeset_name, industry_std, field_mapping, sensitivityflag_id, externaltable_id, external_notes, external_link)
VALUES ('c7a8de68-46bc-4148-bc73-efa6f16073d3  ', 'Race', 'HL7', 'PID.10', 'REF', NULL, NULL, NULL),
       ('86ef92e7-0838-482a-807e-7309cf092b02  ', 'Language', 'HL7', 'PID.15', 'REF', NULL, NULL, NULL),
       ('4fd9b290-4b81-461c-834e-6bbbbea96be9  ', 'Marital Status', 'HL7', 'PID.16', 'REF', NULL, NULL, NULL),
       ('808952ab-17dd-4fee-aa0d-a383a3b586b7  ', 'Religous Affiliation', 'HL7', 'PID.17', 'REF', NULL, NULL, NULL),
       ('64d53b2e-739a-44a8-b95f-8e32a002f441  ', 'Ethnicity', 'HL7', 'PID.22', 'REF', NULL, NULL, NULL),
       ('d9bbf2c8-6a31-4c6b-830e-e65f1a1c6d31  ', 'Birth Country/Citizenship', 'HL7', 'PID.26', 'REF', NULL, NULL,
        NULL),
       ('86f9788a-f09e-4191-91a4-518651022d9b  ', 'Patient Class', 'HL7', 'PV1.2', 'REF', NULL, NULL, NULL),
       ('a98a063c-8d0f-4b42-a842-a9e1d741945b  ', 'Hospital Service', 'HL7', 'PV1.10', 'REF', NULL, NULL, NULL),
       ('7b291d08-3618-47d8-a447-1167e3e3405d  ', 'Admit Source', 'HL7', 'PV1.14', 'REF', NULL, NULL, NULL),
       ('3e63a0f9-3fb2-43de-954b-972133bd87e2  ', 'VIP Indicator', 'HL7', 'PV1.16', 'REF', NULL, NULL, NULL),
       ('18155599-e99e-470d-ba04-e7d044c5a21b  ', 'Discharge Disposition', 'HL7', 'PV1.36', 'REF', NULL, NULL, NULL),
       ('096e53c6-f6fa-4fa0-869c-868e33472a11  ', 'Allergy Type', 'HL7', 'AL1.2', 'REF', NULL, NULL, NULL),
       ('4b9ba37c-4621-437d-97de-3b4d741aca0b  ', 'Allergy Reaction Code', 'HL7', 'AL1.5', 'REF', NULL, NULL, NULL),
       ('bf89e225-ae8d-479a-bc3d-c68d3335a878  ', 'Allergy Severity', 'HL7', 'AL1.4', 'REF', NULL, NULL, NULL),
       ('dbb80469-6e27-4a7d-b34f-2b534f0d67e3  ', 'Diagnosis Code', 'HL7', 'DG1.3', 'REF', NULL, NULL, NULL),
       ('19c028c4-9a69-4be0-951c-64af35cc4ee2  ', 'Diagnosis Type', 'HL7', 'DG1.6', 'REF', NULL, NULL, NULL),
       ('8f0ffcc8-fce9-442b-af58-b85eeb9fa3f6  ', 'Procedure Code', 'HL7', 'PR1.3', 'REF', NULL, NULL, NULL),
       ('5aa56122-4d8d-4598-bbdd-c5291804439e  ', 'Consent Code', 'HL7', 'PR1.13', 'REF', NULL, NULL, NULL),
       ('e58270c1-de36-453d-b559-7f0cc1a1d71c  ', 'Admit Type', 'HL7', 'PV1.4', 'REF', NULL, NULL, NULL),
       ('3200c04c-bde5-4004-a554-0ba01759ea91  ', 'Ambulatory Status', 'HL7', 'PV1.15', 'REF', NULL, NULL, NULL),
       ('9fee9aa6-a19e-42ce-b36c-8a568a0ae2b1  ', 'Administration Method', 'HL7', 'RXR.4', 'REF', NULL, NULL, NULL),
       ('b76be0cd-7670-4241-9a76-61372884fda4  ', 'Sensitivity to Causative Agent Code', 'HL7', 'IAR.3', 'REF', NULL,
        NULL, NULL),
       ('7217e6e1-68b6-4ace-b22d-6caca9a5246d  ', 'MDC', 'HL7', 'DG1.7', 'REF', NULL, NULL, NULL),
       ('37c5a2ec-7b91-40da-859a-3124f8754856  ', 'Order Status', 'HL7', 'ORC.5', 'REF', NULL, NULL, NULL),
       ('0a0a2bef-4151-41f7-beb8-96d601378a17  ', 'Patient Type', 'HL7', 'PV1.18', 'REF', NULL, NULL, NULL),
       ('0406f84f-78ad-47fe-9c51-905c70dce8fd  ', 'Medication Give Code', 'HL7', 'RXO.1', 'REF', NULL, NULL, NULL),
       ('f518f6a0-950f-4bdd-bfcf-e4fee0335beb  ', 'Medication Requested Give Units', 'HL7', 'RXO.4', 'REF', NULL, NULL,
        NULL),
       ('44958f1f-e27b-43b7-a054-b6de7a512a5e  ', 'Dispense Code', 'HL7', 'RXO.10', 'REF', NULL, NULL, NULL),
       ('4f5eb3ad-c0f5-41cd-896f-f74f8cb2bd50  ', 'Medication Requested Dispense Units', 'HL7', 'RXO.12', 'REF', NULL,
        NULL, NULL),
       ('bb6d560e-dc6b-458e-ac0e-07f4b45aeb2b  ', 'Medication Give Strength Units', 'HL7', 'RXO.18', 'REF', NULL, NULL,
        NULL),
       ('6cbf43d6-292c-4379-a21b-6ca1e3cc300d  ', 'Medication Route', 'HL7', 'RXR.1', 'REF', NULL, NULL, NULL),
       ('01aa80d3-9679-4fa6-b85d-e10b08b4815f  ', 'Medication Site', 'HL7', 'RXR.2', 'REF', NULL, NULL, NULL),
       ('eb61c067-49f6-4255-a086-6784bb5f4c2d  ', 'Document Type', 'HL7', 'TXA.2', 'REF', NULL, NULL, NULL),
       ('4cf5c6b8-a21d-40bb-a430-f308585eb6e1  ', 'Document Completion Status', 'HL7', 'TXA.17', 'REF', NULL, NULL,
        NULL),
       ('0b2a7621-ad36-43e2-aae3-4145f0b819f2  ', 'Document Confidentiality Status', 'HL7', 'TXA.18', 'REF', NULL, NULL,
        NULL),
       ('8763a279-f2a6-44d4-8b29-e0ccccf1074b  ', 'Document Availability Status', 'HL7', 'TXA.19', 'REF', NULL, NULL,
        NULL),
       ('4ed835d6-9b3f-4ba6-b7a4-4c195dfa214b  ', 'Abnormal Flags', 'HL7', 'OBX.8', 'REF', NULL, NULL, NULL),
       ('2a9dcf15-5f25-45f1-9b45-19b3a107c5dc  ', 'Specimen Source', 'HL7', 'OBR.15', 'REF', NULL, NULL, NULL),
       ('78a88a3f-ead0-491d-9eb3-1aa0a5b007a7  ', 'Service Section ID', 'HL7', 'OBR.24', 'REF', NULL, NULL, NULL),
       ('2d2c511a-e539-46bb-a016-3d4406241166  ', 'Result Status', 'HL7', 'OBR.25', 'REF', NULL, NULL, NULL),
       ('2e385236-42eb-4445-93f6-79e9972fff28  ', 'Quantity Timing', 'HL7', 'OBR.27', 'REF', NULL, NULL, NULL),
       ('d083b99f-9358-4352-8c23-6b57396904e5  ', 'Immunization Site', 'HL7', 'RXR.2', 'REF', NULL, NULL, NULL),
       ('593718cf-b68d-4bc9-9d6d-997be00df31b  ', 'Immunization Route', 'HL7', 'RXR.1', 'REF', NULL, NULL, NULL),
       ('c13e603b-7287-4662-ae55-cef3e185d345  ', 'Immunization Completion Status', 'HL7', 'RXA.20', 'REF', NULL, NULL,
        NULL),
       ('a7d4f41e-bb2b-420f-84bc-0d845ef8ae9f  ', 'Immunizaton Indicator', 'HL7', 'RXA.19', 'REF', NULL, NULL, NULL),
       ('1b7f2eb5-14fb-4b47-9e30-92dc53567cf9  ', 'Refusal Reason', 'HL7', 'RXA.18', 'REF', NULL, NULL, NULL),
       ('cc1617ef-b2cd-4fe7-9011-393845123d59  ', 'Administered Dosage Form', 'HL7', 'RXA.8', 'REF', NULL, NULL, NULL),
       ('b57d1183-7afb-4c0f-8cc7-04ea78b2e5db  ', 'Administered Units', 'HL7', 'RXA.7', 'REF', NULL, NULL, NULL),
       ('fe054765-7b23-4987-abbe-5e9946cb9864  ', 'Action Code', 'HL7', 'RXA.21', 'REF', NULL, NULL, NULL),
       ('82f7c2f3-c16b-4ea2-a967-6312c27c23ba  ', 'Specimen Action Code', 'HL7', 'OBR.11', 'REF', NULL, NULL, NULL),
       ('83afe9da-3037-4857-8079-38701e56be21  ', 'Lab Text Code', 'HL7', 'OBX.2', 'REF', NULL, NULL, NULL),
       ('2c237188-ee0e-467a-a2be-84c40f86bf26  ', 'Observaton Identifier Code', 'HL7', 'OBX.20', 'REF', NULL, NULL,
        NULL),
       ('91718d04-bf3d-4727-859c-ac4d1512165a  ', 'Observation Units', 'HL7', 'OBX.6', 'REF', NULL, NULL, NULL),
       ('6cba4e2a-375e-4a0a-ae20-5e28820028c9  ', 'Abnormal Method', 'HL7', 'RXR.4', 'REF', NULL, NULL, NULL),
       ('c15efebd-3420-424e-a1a2-9d0844a00e0a  ', 'Lab Result Status', 'HL7', 'OBX.11', 'REF', NULL, NULL, NULL),
       ('526dccb2-4d29-412b-bfeb-685d48d64376  ', 'Observation Method', 'HL7', 'OBX.17', 'REF', NULL, NULL, NULL),
       ('5dc00379-59fb-4458-b0e9-4b8f08fd20b1  ', 'Problem Code', 'HL7', 'PRB.1', 'REF', NULL, NULL, NULL),
       ('d7b384ea-2a1b-4005-a25e-858b0af488a4  ', 'Problem Classification Code', 'HL7', 'PRB.28', 'REF', NULL, NULL,
        NULL),
       ('a35d3360-351e-434e-b14d-0c71460ce083  ', 'Problem Severity', 'HL7', 'PRB.26', 'REF', NULL, NULL, NULL),
       ('ecfc898f-654e-459a-bedc-9bd3ec61c9a1  ', 'Observation Method', 'HL7', 'OBX.17', 'REF', NULL, NULL, NULL),
       ('1adc1e87-b4fe-4439-9a87-a32121488661  ', 'Patient Release Category', 'HL7', 'OBX.26', 'REF', NULL, NULL, NULL),
       ('3114cd2d-420f-4afe-bd36-c1974df8e5db  ', 'Gender', 'HL7', 'PID.8', 'REF', NULL, NULL, NULL),
       ('7207965b-1397-4695-81e1-97c0454c8a1a  ', 'Nationality', 'HL7', 'PID.28', 'REF', NULL, NULL, NULL),
       ('39bc4cb2-650f-4fa5-9908-6f62a78b13de  ', 'Death Indicator', 'HL7', 'PID.30', 'REF', NULL, NULL, NULL),
       ('da6c8fcc-b255-4f69-87bc-abe7585ebc05  ', 'Ins. Plan Type', 'HL7', 'IN1.15', 'REF', NULL, NULL, NULL),
       ('06eec798-dc78-4069-87c4-2c8f6fb78f49  ', 'Insurance Relation To Patient', 'HL7', 'IN1.17', 'REF', NULL, NULL,
        NULL),
       ('d1997789-1aaa-47b4-9c9c-5abc86529532  ', 'Release Info', 'HL7', 'IN1.27', 'REF', NULL, NULL, NULL),
       ('f9082bef-58e0-451f-9438-8f5e447ac820  ', 'Ins Coverage', 'HL7', 'IN1.47', 'REF', NULL, NULL, NULL),
       ('26648261-bc7c-4e26-8b3a-73d69bf033f6  ', 'Employment Status', 'HL7', 'IN1.42', 'REF', NULL, NULL, NULL),
       ('e56c8984-c0db-4821-9954-df40415b8ad8  ', 'Readmission Indicator', 'HL7', 'PV1.13', 'REF', NULL, NULL, NULL),
       ('1a4e887f-08fd-4d0e-b2b2-a5755f0b6b54  ', 'Allergy Code', 'FHIR', 'clinicalStatus.coding', 'REF', 'N/A', NULL,
        'http://terminology.hl7.org/CodeSystem/allergyintolerance-clinical'),
       ('e15ef221-8c65-4f77-accd-462e9deda995  ', 'AllergyVerificationStatus', 'FHIR', 'verificationStatus.Coding',
        'REF', 'N/A', NULL, 'http://terminology.hl7.org/CodeSystem/allergyintolerance-verification'),
       ('854df3d5-800d-4da6-a729-b7ad35a8e707  ', 'MedicationCoding - RxNorm', 'FHIR', 'medication.coding', 'REF',
        'N/A', NULL, 'http://www.nlm.nih.gov/research/umls/rxnorm'),
       ('16e0ac70-4c93-4d77-a61b-6db2c1e75117  ', 'Reaction-SnoMed', 'FHIR', 'reaction.manifestation.coding', 'REF',
        'N/A', NULL, 'http://snomed.info/sct'),
       ('54e4e50f-403e-4929-a4d0-291a4c697740  ', 'Allergy Code', 'HL7', 'AL1.3', 'REF', NULL, NULL, NULL);


INSERT INTO REFDATA_COUNTRIES (COUNTRY_NAME, COUNTRY_CODE, ALPHA_3, COUNTRY_CODE_ID, ISO_3166_2, REGION, SUB_REGION, INTERMEDIATE_REGION, REGION_CODE, SUB_REGION_CODE, INTERMEDIATE_REGION_CODE) VALUES ('AFGHANISTAN', 'AF', 'AFG', 4, 'ISO 3166-2:AF', 'ASIA', 'SOUTHERN ASIA', '', '142', '034', '');
INSERT INTO REFDATA_COUNTRIES (COUNTRY_NAME, COUNTRY_CODE, ALPHA_3, COUNTRY_CODE_ID, ISO_3166_2, REGION, SUB_REGION, INTERMEDIATE_REGION, REGION_CODE, SUB_REGION_CODE, INTERMEDIATE_REGION_CODE) VALUES ('ÅLAND ISLANDS', 'AX', 'ALA', 248, 'ISO 3166-2:AX', 'EUROPE', 'NORTHERN EUROPE', '', '150', '154', '');
INSERT INTO REFDATA_COUNTRIES (COUNTRY_NAME, COUNTRY_CODE, ALPHA_3, COUNTRY_CODE_ID, ISO_3166_2, REGION, SUB_REGION, INTERMEDIATE_REGION, REGION_CODE, SUB_REGION_CODE, INTERMEDIATE_REGION_CODE) VALUES ('ALBANIA', 'AL', 'ALB', 8, 'ISO 3166-2:AL', 'EUROPE', 'SOUTHERN EUROPE', '', '150', '039', '');
INSERT INTO REFDATA_COUNTRIES (COUNTRY_NAME, COUNTRY_CODE, ALPHA_3, COUNTRY_CODE_ID, ISO_3166_2, REGION, SUB_REGION, INTERMEDIATE_REGION, REGION_CODE, SUB_REGION_CODE, INTERMEDIATE_REGION_CODE) VALUES ('ALGERIA', 'DZ', 'DZA', 12, 'ISO 3166-2:DZ', 'AFRICA', 'NORTHERN AFRICA', '', '002', '015', '');
INSERT INTO REFDATA_COUNTRIES (COUNTRY_NAME, COUNTRY_CODE, ALPHA_3, COUNTRY_CODE_ID, ISO_3166_2, REGION, SUB_REGION, INTERMEDIATE_REGION, REGION_CODE, SUB_REGION_CODE, INTERMEDIATE_REGION_CODE) VALUES ('AMERICAN SAMOA', 'AS', 'ASM', 16, 'ISO 3166-2:AS', 'OCEANIA', 'POLYNESIA', '', '009', '061', '');
INSERT INTO REFDATA_COUNTRIES (COUNTRY_NAME, COUNTRY_CODE, ALPHA_3, COUNTRY_CODE_ID, ISO_3166_2, REGION, SUB_REGION, INTERMEDIATE_REGION, REGION_CODE, SUB_REGION_CODE, INTERMEDIATE_REGION_CODE) VALUES ('ANDORRA', 'AD', 'AND', 20, 'ISO 3166-2:AD', 'EUROPE', 'SOUTHERN EUROPE', '', '150', '039', '');
INSERT INTO REFDATA_COUNTRIES (COUNTRY_NAME, COUNTRY_CODE, ALPHA_3, COUNTRY_CODE_ID, ISO_3166_2, REGION, SUB_REGION, INTERMEDIATE_REGION, REGION_CODE, SUB_REGION_CODE, INTERMEDIATE_REGION_CODE) VALUES ('ANGOLA', 'AO', 'AGO', 24, 'ISO 3166-2:AO', 'AFRICA', 'SUB-SAHARAN AFRICA', 'MIDDLE AFRICA', '002', '202', '017');
INSERT INTO REFDATA_COUNTRIES (COUNTRY_NAME, COUNTRY_CODE, ALPHA_3, COUNTRY_CODE_ID, ISO_3166_2, REGION, SUB_REGION, INTERMEDIATE_REGION, REGION_CODE, SUB_REGION_CODE, INTERMEDIATE_REGION_CODE) VALUES ('ANGUILLA', 'AI', 'AIA', 660, 'ISO 3166-2:AI', 'AMERICAS', 'LATIN AMERICA AND THE CARIBBEAN', 'CARIBBEAN', '019', '419', '029');
INSERT INTO REFDATA_COUNTRIES (COUNTRY_NAME, COUNTRY_CODE, ALPHA_3, COUNTRY_CODE_ID, ISO_3166_2, REGION, SUB_REGION, INTERMEDIATE_REGION, REGION_CODE, SUB_REGION_CODE, INTERMEDIATE_REGION_CODE) VALUES ('ANTARCTICA', 'AQ', 'ATA', 10, 'ISO 3166-2:AQ', '', '', '', '', '', '');
INSERT INTO REFDATA_COUNTRIES (COUNTRY_NAME, COUNTRY_CODE, ALPHA_3, COUNTRY_CODE_ID, ISO_3166_2, REGION, SUB_REGION, INTERMEDIATE_REGION, REGION_CODE, SUB_REGION_CODE, INTERMEDIATE_REGION_CODE) VALUES ('ANTIGUA AND BARBUDA', 'AG', 'ATG', 28, 'ISO 3166-2:AG', 'AMERICAS', 'LATIN AMERICA AND THE CARIBBEAN', 'CARIBBEAN', '019', '419', '029');
INSERT INTO REFDATA_COUNTRIES (COUNTRY_NAME, COUNTRY_CODE, ALPHA_3, COUNTRY_CODE_ID, ISO_3166_2, REGION, SUB_REGION, INTERMEDIATE_REGION, REGION_CODE, SUB_REGION_CODE, INTERMEDIATE_REGION_CODE) VALUES ('ARGENTINA', 'AR', 'ARG', 32, 'ISO 3166-2:AR', 'AMERICAS', 'LATIN AMERICA AND THE CARIBBEAN', 'SOUTH AMERICA', '019', '419', '005');
INSERT INTO REFDATA_COUNTRIES (COUNTRY_NAME, COUNTRY_CODE, ALPHA_3, COUNTRY_CODE_ID, ISO_3166_2, REGION, SUB_REGION, INTERMEDIATE_REGION, REGION_CODE, SUB_REGION_CODE, INTERMEDIATE_REGION_CODE) VALUES ('ARMENIA', 'AM', 'ARM', 51, 'ISO 3166-2:AM', 'ASIA', 'WESTERN ASIA', '', '142', '145', '');
INSERT INTO REFDATA_COUNTRIES (COUNTRY_NAME, COUNTRY_CODE, ALPHA_3, COUNTRY_CODE_ID, ISO_3166_2, REGION, SUB_REGION, INTERMEDIATE_REGION, REGION_CODE, SUB_REGION_CODE, INTERMEDIATE_REGION_CODE) VALUES ('ARUBA', 'AW', 'ABW', 533, 'ISO 3166-2:AW', 'AMERICAS', 'LATIN AMERICA AND THE CARIBBEAN', 'CARIBBEAN', '019', '419', '029');
INSERT INTO REFDATA_COUNTRIES (COUNTRY_NAME, COUNTRY_CODE, ALPHA_3, COUNTRY_CODE_ID, ISO_3166_2, REGION, SUB_REGION, INTERMEDIATE_REGION, REGION_CODE, SUB_REGION_CODE, INTERMEDIATE_REGION_CODE) VALUES ('AUSTRALIA', 'AU', 'AUS', 36, 'ISO 3166-2:AU', 'OCEANIA', 'AUSTRALIA AND NEW ZEALAND', '', '009', '053', '');
INSERT INTO REFDATA_COUNTRIES (COUNTRY_NAME, COUNTRY_CODE, ALPHA_3, COUNTRY_CODE_ID, ISO_3166_2, REGION, SUB_REGION, INTERMEDIATE_REGION, REGION_CODE, SUB_REGION_CODE, INTERMEDIATE_REGION_CODE) VALUES ('AUSTRIA', 'AT', 'AUT', 40, 'ISO 3166-2:AT', 'EUROPE', 'WESTERN EUROPE', '', '150', '155', '');
INSERT INTO REFDATA_COUNTRIES (COUNTRY_NAME, COUNTRY_CODE, ALPHA_3, COUNTRY_CODE_ID, ISO_3166_2, REGION, SUB_REGION, INTERMEDIATE_REGION, REGION_CODE, SUB_REGION_CODE, INTERMEDIATE_REGION_CODE) VALUES ('AZERBAIJAN', 'AZ', 'AZE', 31, 'ISO 3166-2:AZ', 'ASIA', 'WESTERN ASIA', '', '142', '145', '');
INSERT INTO REFDATA_COUNTRIES (COUNTRY_NAME, COUNTRY_CODE, ALPHA_3, COUNTRY_CODE_ID, ISO_3166_2, REGION, SUB_REGION, INTERMEDIATE_REGION, REGION_CODE, SUB_REGION_CODE, INTERMEDIATE_REGION_CODE) VALUES ('BAHAMAS', 'BS', 'BHS', 44, 'ISO 3166-2:BS', 'AMERICAS', 'LATIN AMERICA AND THE CARIBBEAN', 'CARIBBEAN', '019', '419', '029');
INSERT INTO REFDATA_COUNTRIES (COUNTRY_NAME, COUNTRY_CODE, ALPHA_3, COUNTRY_CODE_ID, ISO_3166_2, REGION, SUB_REGION, INTERMEDIATE_REGION, REGION_CODE, SUB_REGION_CODE, INTERMEDIATE_REGION_CODE) VALUES ('BAHRAIN', 'BH', 'BHR', 48, 'ISO 3166-2:BH', 'ASIA', 'WESTERN ASIA', '', '142', '145', '');
INSERT INTO REFDATA_COUNTRIES (COUNTRY_NAME, COUNTRY_CODE, ALPHA_3, COUNTRY_CODE_ID, ISO_3166_2, REGION, SUB_REGION, INTERMEDIATE_REGION, REGION_CODE, SUB_REGION_CODE, INTERMEDIATE_REGION_CODE) VALUES ('BANGLADESH', 'BD', 'BGD', 50, 'ISO 3166-2:BD', 'ASIA', 'SOUTHERN ASIA', '', '142', '034', '');
INSERT INTO REFDATA_COUNTRIES (COUNTRY_NAME, COUNTRY_CODE, ALPHA_3, COUNTRY_CODE_ID, ISO_3166_2, REGION, SUB_REGION, INTERMEDIATE_REGION, REGION_CODE, SUB_REGION_CODE, INTERMEDIATE_REGION_CODE) VALUES ('BARBADOS', 'BB', 'BRB', 52, 'ISO 3166-2:BB', 'AMERICAS', 'LATIN AMERICA AND THE CARIBBEAN', 'CARIBBEAN', '019', '419', '029');
INSERT INTO REFDATA_COUNTRIES (COUNTRY_NAME, COUNTRY_CODE, ALPHA_3, COUNTRY_CODE_ID, ISO_3166_2, REGION, SUB_REGION, INTERMEDIATE_REGION, REGION_CODE, SUB_REGION_CODE, INTERMEDIATE_REGION_CODE) VALUES ('BELARUS', 'BY', 'BLR', 112, 'ISO 3166-2:BY', 'EUROPE', 'EASTERN EUROPE', '', '150', '151', '');
INSERT INTO REFDATA_COUNTRIES (COUNTRY_NAME, COUNTRY_CODE, ALPHA_3, COUNTRY_CODE_ID, ISO_3166_2, REGION, SUB_REGION, INTERMEDIATE_REGION, REGION_CODE, SUB_REGION_CODE, INTERMEDIATE_REGION_CODE) VALUES ('BELGIUM', 'BE', 'BEL', 56, 'ISO 3166-2:BE', 'EUROPE', 'WESTERN EUROPE', '', '150', '155', '');
INSERT INTO REFDATA_COUNTRIES (COUNTRY_NAME, COUNTRY_CODE, ALPHA_3, COUNTRY_CODE_ID, ISO_3166_2, REGION, SUB_REGION, INTERMEDIATE_REGION, REGION_CODE, SUB_REGION_CODE, INTERMEDIATE_REGION_CODE) VALUES ('BELIZE', 'BZ', 'BLZ', 84, 'ISO 3166-2:BZ', 'AMERICAS', 'LATIN AMERICA AND THE CARIBBEAN', 'CENTRAL AMERICA', '019', '419', '013');
INSERT INTO REFDATA_COUNTRIES (COUNTRY_NAME, COUNTRY_CODE, ALPHA_3, COUNTRY_CODE_ID, ISO_3166_2, REGION, SUB_REGION, INTERMEDIATE_REGION, REGION_CODE, SUB_REGION_CODE, INTERMEDIATE_REGION_CODE) VALUES ('BENIN', 'BJ', 'BEN', 204, 'ISO 3166-2:BJ', 'AFRICA', 'SUB-SAHARAN AFRICA', 'WESTERN AFRICA', '002', '202', '011');
INSERT INTO REFDATA_COUNTRIES (COUNTRY_NAME, COUNTRY_CODE, ALPHA_3, COUNTRY_CODE_ID, ISO_3166_2, REGION, SUB_REGION, INTERMEDIATE_REGION, REGION_CODE, SUB_REGION_CODE, INTERMEDIATE_REGION_CODE) VALUES ('BERMUDA', 'BM', 'BMU', 60, 'ISO 3166-2:BM', 'AMERICAS', 'NORTHERN AMERICA', '', '019', '021', '');
INSERT INTO REFDATA_COUNTRIES (COUNTRY_NAME, COUNTRY_CODE, ALPHA_3, COUNTRY_CODE_ID, ISO_3166_2, REGION, SUB_REGION, INTERMEDIATE_REGION, REGION_CODE, SUB_REGION_CODE, INTERMEDIATE_REGION_CODE) VALUES ('BHUTAN', 'BT', 'BTN', 64, 'ISO 3166-2:BT', 'ASIA', 'SOUTHERN ASIA', '', '142', '034', '');
INSERT INTO REFDATA_COUNTRIES (COUNTRY_NAME, COUNTRY_CODE, ALPHA_3, COUNTRY_CODE_ID, ISO_3166_2, REGION, SUB_REGION, INTERMEDIATE_REGION, REGION_CODE, SUB_REGION_CODE, INTERMEDIATE_REGION_CODE) VALUES ('BOLIVIA, PLURINATIONAL STATE OF', 'BO', 'BOL', 68, 'ISO 3166-2:BO', 'AMERICAS', 'LATIN AMERICA AND THE CARIBBEAN', 'SOUTH AMERICA', '019', '419', '005');
INSERT INTO REFDATA_COUNTRIES (COUNTRY_NAME, COUNTRY_CODE, ALPHA_3, COUNTRY_CODE_ID, ISO_3166_2, REGION, SUB_REGION, INTERMEDIATE_REGION, REGION_CODE, SUB_REGION_CODE, INTERMEDIATE_REGION_CODE) VALUES ('BONAIRE, SINT EUSTATIUS AND SABA', 'BQ', 'BES', 535, 'ISO 3166-2:BQ', 'AMERICAS', 'LATIN AMERICA AND THE CARIBBEAN', 'CARIBBEAN', '019', '419', '029');
INSERT INTO REFDATA_COUNTRIES (COUNTRY_NAME, COUNTRY_CODE, ALPHA_3, COUNTRY_CODE_ID, ISO_3166_2, REGION, SUB_REGION, INTERMEDIATE_REGION, REGION_CODE, SUB_REGION_CODE, INTERMEDIATE_REGION_CODE) VALUES ('BOSNIA AND HERZEGOVINA', 'BA', 'BIH', 70, 'ISO 3166-2:BA', 'EUROPE', 'SOUTHERN EUROPE', '', '150', '039', '');
INSERT INTO REFDATA_COUNTRIES (COUNTRY_NAME, COUNTRY_CODE, ALPHA_3, COUNTRY_CODE_ID, ISO_3166_2, REGION, SUB_REGION, INTERMEDIATE_REGION, REGION_CODE, SUB_REGION_CODE, INTERMEDIATE_REGION_CODE) VALUES ('BOTSWANA', 'BW', 'BWA', 72, 'ISO 3166-2:BW', 'AFRICA', 'SUB-SAHARAN AFRICA', 'SOUTHERN AFRICA', '002', '202', '018');
INSERT INTO REFDATA_COUNTRIES (COUNTRY_NAME, COUNTRY_CODE, ALPHA_3, COUNTRY_CODE_ID, ISO_3166_2, REGION, SUB_REGION, INTERMEDIATE_REGION, REGION_CODE, SUB_REGION_CODE, INTERMEDIATE_REGION_CODE) VALUES ('BOUVET ISLAND', 'BV', 'BVT', 74, 'ISO 3166-2:BV', 'AMERICAS', 'LATIN AMERICA AND THE CARIBBEAN', 'SOUTH AMERICA', '019', '419', '005');
INSERT INTO REFDATA_COUNTRIES (COUNTRY_NAME, COUNTRY_CODE, ALPHA_3, COUNTRY_CODE_ID, ISO_3166_2, REGION, SUB_REGION, INTERMEDIATE_REGION, REGION_CODE, SUB_REGION_CODE, INTERMEDIATE_REGION_CODE) VALUES ('BRAZIL', 'BR', 'BRA', 76, 'ISO 3166-2:BR', 'AMERICAS', 'LATIN AMERICA AND THE CARIBBEAN', 'SOUTH AMERICA', '019', '419', '005');
INSERT INTO REFDATA_COUNTRIES (COUNTRY_NAME, COUNTRY_CODE, ALPHA_3, COUNTRY_CODE_ID, ISO_3166_2, REGION, SUB_REGION, INTERMEDIATE_REGION, REGION_CODE, SUB_REGION_CODE, INTERMEDIATE_REGION_CODE) VALUES ('BRITISH INDIAN OCEAN TERRITORY', 'IO', 'IOT', 86, 'ISO 3166-2:IO', 'AFRICA', 'SUB-SAHARAN AFRICA', 'EASTERN AFRICA', '002', '202', '014');
INSERT INTO REFDATA_COUNTRIES (COUNTRY_NAME, COUNTRY_CODE, ALPHA_3, COUNTRY_CODE_ID, ISO_3166_2, REGION, SUB_REGION, INTERMEDIATE_REGION, REGION_CODE, SUB_REGION_CODE, INTERMEDIATE_REGION_CODE) VALUES ('BRUNEI DARUSSALAM', 'BN', 'BRN', 96, 'ISO 3166-2:BN', 'ASIA', 'SOUTH-EASTERN ASIA', '', '142', '035', '');
INSERT INTO REFDATA_COUNTRIES (COUNTRY_NAME, COUNTRY_CODE, ALPHA_3, COUNTRY_CODE_ID, ISO_3166_2, REGION, SUB_REGION, INTERMEDIATE_REGION, REGION_CODE, SUB_REGION_CODE, INTERMEDIATE_REGION_CODE) VALUES ('BULGARIA', 'BG', 'BGR', 100, 'ISO 3166-2:BG', 'EUROPE', 'EASTERN EUROPE', '', '150', '151', '');
INSERT INTO REFDATA_COUNTRIES (COUNTRY_NAME, COUNTRY_CODE, ALPHA_3, COUNTRY_CODE_ID, ISO_3166_2, REGION, SUB_REGION, INTERMEDIATE_REGION, REGION_CODE, SUB_REGION_CODE, INTERMEDIATE_REGION_CODE) VALUES ('BURKINA FASO', 'BF', 'BFA', 854, 'ISO 3166-2:BF', 'AFRICA', 'SUB-SAHARAN AFRICA', 'WESTERN AFRICA', '002', '202', '011');
INSERT INTO REFDATA_COUNTRIES (COUNTRY_NAME, COUNTRY_CODE, ALPHA_3, COUNTRY_CODE_ID, ISO_3166_2, REGION, SUB_REGION, INTERMEDIATE_REGION, REGION_CODE, SUB_REGION_CODE, INTERMEDIATE_REGION_CODE) VALUES ('BURUNDI', 'BI', 'BDI', 108, 'ISO 3166-2:BI', 'AFRICA', 'SUB-SAHARAN AFRICA', 'EASTERN AFRICA', '002', '202', '014');
INSERT INTO REFDATA_COUNTRIES (COUNTRY_NAME, COUNTRY_CODE, ALPHA_3, COUNTRY_CODE_ID, ISO_3166_2, REGION, SUB_REGION, INTERMEDIATE_REGION, REGION_CODE, SUB_REGION_CODE, INTERMEDIATE_REGION_CODE) VALUES ('CABO VERDE', 'CV', 'CPV', 132, 'ISO 3166-2:CV', 'AFRICA', 'SUB-SAHARAN AFRICA', 'WESTERN AFRICA', '002', '202', '011');
INSERT INTO REFDATA_COUNTRIES (COUNTRY_NAME, COUNTRY_CODE, ALPHA_3, COUNTRY_CODE_ID, ISO_3166_2, REGION, SUB_REGION, INTERMEDIATE_REGION, REGION_CODE, SUB_REGION_CODE, INTERMEDIATE_REGION_CODE) VALUES ('CAMBODIA', 'KH', 'KHM', 116, 'ISO 3166-2:KH', 'ASIA', 'SOUTH-EASTERN ASIA', '', '142', '035', '');
INSERT INTO REFDATA_COUNTRIES (COUNTRY_NAME, COUNTRY_CODE, ALPHA_3, COUNTRY_CODE_ID, ISO_3166_2, REGION, SUB_REGION, INTERMEDIATE_REGION, REGION_CODE, SUB_REGION_CODE, INTERMEDIATE_REGION_CODE) VALUES ('CAMEROON', 'CM', 'CMR', 120, 'ISO 3166-2:CM', 'AFRICA', 'SUB-SAHARAN AFRICA', 'MIDDLE AFRICA', '002', '202', '017');
INSERT INTO REFDATA_COUNTRIES (COUNTRY_NAME, COUNTRY_CODE, ALPHA_3, COUNTRY_CODE_ID, ISO_3166_2, REGION, SUB_REGION, INTERMEDIATE_REGION, REGION_CODE, SUB_REGION_CODE, INTERMEDIATE_REGION_CODE) VALUES ('CANADA', 'CA', 'CAN', 124, 'ISO 3166-2:CA', 'AMERICAS', 'NORTHERN AMERICA', '', '019', '021', '');
INSERT INTO REFDATA_COUNTRIES (COUNTRY_NAME, COUNTRY_CODE, ALPHA_3, COUNTRY_CODE_ID, ISO_3166_2, REGION, SUB_REGION, INTERMEDIATE_REGION, REGION_CODE, SUB_REGION_CODE, INTERMEDIATE_REGION_CODE) VALUES ('CAYMAN ISLANDS', 'KY', 'CYM', 136, 'ISO 3166-2:KY', 'AMERICAS', 'LATIN AMERICA AND THE CARIBBEAN', 'CARIBBEAN', '019', '419', '029');
INSERT INTO REFDATA_COUNTRIES (COUNTRY_NAME, COUNTRY_CODE, ALPHA_3, COUNTRY_CODE_ID, ISO_3166_2, REGION, SUB_REGION, INTERMEDIATE_REGION, REGION_CODE, SUB_REGION_CODE, INTERMEDIATE_REGION_CODE) VALUES ('CENTRAL AFRICAN REPUBLIC', 'CF', 'CAF', 140, 'ISO 3166-2:CF', 'AFRICA', 'SUB-SAHARAN AFRICA', 'MIDDLE AFRICA', '002', '202', '017');
INSERT INTO REFDATA_COUNTRIES (COUNTRY_NAME, COUNTRY_CODE, ALPHA_3, COUNTRY_CODE_ID, ISO_3166_2, REGION, SUB_REGION, INTERMEDIATE_REGION, REGION_CODE, SUB_REGION_CODE, INTERMEDIATE_REGION_CODE) VALUES ('CHAD', 'TD', 'TCD', 148, 'ISO 3166-2:TD', 'AFRICA', 'SUB-SAHARAN AFRICA', 'MIDDLE AFRICA', '002', '202', '017');
INSERT INTO REFDATA_COUNTRIES (COUNTRY_NAME, COUNTRY_CODE, ALPHA_3, COUNTRY_CODE_ID, ISO_3166_2, REGION, SUB_REGION, INTERMEDIATE_REGION, REGION_CODE, SUB_REGION_CODE, INTERMEDIATE_REGION_CODE) VALUES ('CHILE', 'CL', 'CHL', 152, 'ISO 3166-2:CL', 'AMERICAS', 'LATIN AMERICA AND THE CARIBBEAN', 'SOUTH AMERICA', '019', '419', '005');
INSERT INTO REFDATA_COUNTRIES (COUNTRY_NAME, COUNTRY_CODE, ALPHA_3, COUNTRY_CODE_ID, ISO_3166_2, REGION, SUB_REGION, INTERMEDIATE_REGION, REGION_CODE, SUB_REGION_CODE, INTERMEDIATE_REGION_CODE) VALUES ('CHINA', 'CN', 'CHN', 156, 'ISO 3166-2:CN', 'ASIA', 'EASTERN ASIA', '', '142', '030', '');
INSERT INTO REFDATA_COUNTRIES (COUNTRY_NAME, COUNTRY_CODE, ALPHA_3, COUNTRY_CODE_ID, ISO_3166_2, REGION, SUB_REGION, INTERMEDIATE_REGION, REGION_CODE, SUB_REGION_CODE, INTERMEDIATE_REGION_CODE) VALUES ('CHRISTMAS ISLAND', 'CX', 'CXR', 162, 'ISO 3166-2:CX', 'OCEANIA', 'AUSTRALIA AND NEW ZEALAND', '', '009', '053', '');
INSERT INTO REFDATA_COUNTRIES (COUNTRY_NAME, COUNTRY_CODE, ALPHA_3, COUNTRY_CODE_ID, ISO_3166_2, REGION, SUB_REGION, INTERMEDIATE_REGION, REGION_CODE, SUB_REGION_CODE, INTERMEDIATE_REGION_CODE) VALUES ('COCOS (KEELING) ISLANDS', 'CC', 'CCK', 166, 'ISO 3166-2:CC', 'OCEANIA', 'AUSTRALIA AND NEW ZEALAND', '', '009', '053', '');
INSERT INTO REFDATA_COUNTRIES (COUNTRY_NAME, COUNTRY_CODE, ALPHA_3, COUNTRY_CODE_ID, ISO_3166_2, REGION, SUB_REGION, INTERMEDIATE_REGION, REGION_CODE, SUB_REGION_CODE, INTERMEDIATE_REGION_CODE) VALUES ('COLOMBIA', 'CO', 'COL', 170, 'ISO 3166-2:CO', 'AMERICAS', 'LATIN AMERICA AND THE CARIBBEAN', 'SOUTH AMERICA', '019', '419', '005');
INSERT INTO REFDATA_COUNTRIES (COUNTRY_NAME, COUNTRY_CODE, ALPHA_3, COUNTRY_CODE_ID, ISO_3166_2, REGION, SUB_REGION, INTERMEDIATE_REGION, REGION_CODE, SUB_REGION_CODE, INTERMEDIATE_REGION_CODE) VALUES ('COMOROS', 'KM', 'COM', 174, 'ISO 3166-2:KM', 'AFRICA', 'SUB-SAHARAN AFRICA', 'EASTERN AFRICA', '002', '202', '014');
INSERT INTO REFDATA_COUNTRIES (COUNTRY_NAME, COUNTRY_CODE, ALPHA_3, COUNTRY_CODE_ID, ISO_3166_2, REGION, SUB_REGION, INTERMEDIATE_REGION, REGION_CODE, SUB_REGION_CODE, INTERMEDIATE_REGION_CODE) VALUES ('CONGO', 'CG', 'COG', 178, 'ISO 3166-2:CG', 'AFRICA', 'SUB-SAHARAN AFRICA', 'MIDDLE AFRICA', '002', '202', '017');
INSERT INTO REFDATA_COUNTRIES (COUNTRY_NAME, COUNTRY_CODE, ALPHA_3, COUNTRY_CODE_ID, ISO_3166_2, REGION, SUB_REGION, INTERMEDIATE_REGION, REGION_CODE, SUB_REGION_CODE, INTERMEDIATE_REGION_CODE) VALUES ('CONGO, DEMOCRATIC REPUBLIC OF THE', 'CD', 'COD', 180, 'ISO 3166-2:CD', 'AFRICA', 'SUB-SAHARAN AFRICA', 'MIDDLE AFRICA', '002', '202', '017');
INSERT INTO REFDATA_COUNTRIES (COUNTRY_NAME, COUNTRY_CODE, ALPHA_3, COUNTRY_CODE_ID, ISO_3166_2, REGION, SUB_REGION, INTERMEDIATE_REGION, REGION_CODE, SUB_REGION_CODE, INTERMEDIATE_REGION_CODE) VALUES ('COOK ISLANDS', 'CK', 'COK', 184, 'ISO 3166-2:CK', 'OCEANIA', 'POLYNESIA', '', '009', '061', '');
INSERT INTO REFDATA_COUNTRIES (COUNTRY_NAME, COUNTRY_CODE, ALPHA_3, COUNTRY_CODE_ID, ISO_3166_2, REGION, SUB_REGION, INTERMEDIATE_REGION, REGION_CODE, SUB_REGION_CODE, INTERMEDIATE_REGION_CODE) VALUES ('COSTA RICA', 'CR', 'CRI', 188, 'ISO 3166-2:CR', 'AMERICAS', 'LATIN AMERICA AND THE CARIBBEAN', 'CENTRAL AMERICA', '019', '419', '013');
INSERT INTO REFDATA_COUNTRIES (COUNTRY_NAME, COUNTRY_CODE, ALPHA_3, COUNTRY_CODE_ID, ISO_3166_2, REGION, SUB_REGION, INTERMEDIATE_REGION, REGION_CODE, SUB_REGION_CODE, INTERMEDIATE_REGION_CODE) VALUES ('CôTE D''IVOIRE', 'CI', 'CIV', 384, 'ISO 3166-2:CI', 'AFRICA', 'SUB-SAHARAN AFRICA', 'WESTERN AFRICA', '002', '202', '011');
INSERT INTO REFDATA_COUNTRIES (COUNTRY_NAME, COUNTRY_CODE, ALPHA_3, COUNTRY_CODE_ID, ISO_3166_2, REGION, SUB_REGION, INTERMEDIATE_REGION, REGION_CODE, SUB_REGION_CODE, INTERMEDIATE_REGION_CODE) VALUES ('CROATIA', 'HR', 'HRV', 191, 'ISO 3166-2:HR', 'EUROPE', 'SOUTHERN EUROPE', '', '150', '039', '');
INSERT INTO REFDATA_COUNTRIES (COUNTRY_NAME, COUNTRY_CODE, ALPHA_3, COUNTRY_CODE_ID, ISO_3166_2, REGION, SUB_REGION, INTERMEDIATE_REGION, REGION_CODE, SUB_REGION_CODE, INTERMEDIATE_REGION_CODE) VALUES ('CUBA', 'CU', 'CUB', 192, 'ISO 3166-2:CU', 'AMERICAS', 'LATIN AMERICA AND THE CARIBBEAN', 'CARIBBEAN', '019', '419', '029');
INSERT INTO REFDATA_COUNTRIES (COUNTRY_NAME, COUNTRY_CODE, ALPHA_3, COUNTRY_CODE_ID, ISO_3166_2, REGION, SUB_REGION, INTERMEDIATE_REGION, REGION_CODE, SUB_REGION_CODE, INTERMEDIATE_REGION_CODE) VALUES ('CURAçAO', 'CW', 'CUW', 531, 'ISO 3166-2:CW', 'AMERICAS', 'LATIN AMERICA AND THE CARIBBEAN', 'CARIBBEAN', '019', '419', '029');
INSERT INTO REFDATA_COUNTRIES (COUNTRY_NAME, COUNTRY_CODE, ALPHA_3, COUNTRY_CODE_ID, ISO_3166_2, REGION, SUB_REGION, INTERMEDIATE_REGION, REGION_CODE, SUB_REGION_CODE, INTERMEDIATE_REGION_CODE) VALUES ('CYPRUS', 'CY', 'CYP', 196, 'ISO 3166-2:CY', 'ASIA', 'WESTERN ASIA', '', '142', '145', '');
INSERT INTO REFDATA_COUNTRIES (COUNTRY_NAME, COUNTRY_CODE, ALPHA_3, COUNTRY_CODE_ID, ISO_3166_2, REGION, SUB_REGION, INTERMEDIATE_REGION, REGION_CODE, SUB_REGION_CODE, INTERMEDIATE_REGION_CODE) VALUES ('CZECHIA', 'CZ', 'CZE', 203, 'ISO 3166-2:CZ', 'EUROPE', 'EASTERN EUROPE', '', '150', '151', '');
INSERT INTO REFDATA_COUNTRIES (COUNTRY_NAME, COUNTRY_CODE, ALPHA_3, COUNTRY_CODE_ID, ISO_3166_2, REGION, SUB_REGION, INTERMEDIATE_REGION, REGION_CODE, SUB_REGION_CODE, INTERMEDIATE_REGION_CODE) VALUES ('DENMARK', 'DK', 'DNK', 208, 'ISO 3166-2:DK', 'EUROPE', 'NORTHERN EUROPE', '', '150', '154', '');
INSERT INTO REFDATA_COUNTRIES (COUNTRY_NAME, COUNTRY_CODE, ALPHA_3, COUNTRY_CODE_ID, ISO_3166_2, REGION, SUB_REGION, INTERMEDIATE_REGION, REGION_CODE, SUB_REGION_CODE, INTERMEDIATE_REGION_CODE) VALUES ('DJIBOUTI', 'DJ', 'DJI', 262, 'ISO 3166-2:DJ', 'AFRICA', 'SUB-SAHARAN AFRICA', 'EASTERN AFRICA', '002', '202', '014');
INSERT INTO REFDATA_COUNTRIES (COUNTRY_NAME, COUNTRY_CODE, ALPHA_3, COUNTRY_CODE_ID, ISO_3166_2, REGION, SUB_REGION, INTERMEDIATE_REGION, REGION_CODE, SUB_REGION_CODE, INTERMEDIATE_REGION_CODE) VALUES ('DOMINICA', 'DM', 'DMA', 212, 'ISO 3166-2:DM', 'AMERICAS', 'LATIN AMERICA AND THE CARIBBEAN', 'CARIBBEAN', '019', '419', '029');
INSERT INTO REFDATA_COUNTRIES (COUNTRY_NAME, COUNTRY_CODE, ALPHA_3, COUNTRY_CODE_ID, ISO_3166_2, REGION, SUB_REGION, INTERMEDIATE_REGION, REGION_CODE, SUB_REGION_CODE, INTERMEDIATE_REGION_CODE) VALUES ('DOMINICAN REPUBLIC', 'DO', 'DOM', 214, 'ISO 3166-2:DO', 'AMERICAS', 'LATIN AMERICA AND THE CARIBBEAN', 'CARIBBEAN', '019', '419', '029');
INSERT INTO REFDATA_COUNTRIES (COUNTRY_NAME, COUNTRY_CODE, ALPHA_3, COUNTRY_CODE_ID, ISO_3166_2, REGION, SUB_REGION, INTERMEDIATE_REGION, REGION_CODE, SUB_REGION_CODE, INTERMEDIATE_REGION_CODE) VALUES ('ECUADOR', 'EC', 'ECU', 218, 'ISO 3166-2:EC', 'AMERICAS', 'LATIN AMERICA AND THE CARIBBEAN', 'SOUTH AMERICA', '019', '419', '005');
INSERT INTO REFDATA_COUNTRIES (COUNTRY_NAME, COUNTRY_CODE, ALPHA_3, COUNTRY_CODE_ID, ISO_3166_2, REGION, SUB_REGION, INTERMEDIATE_REGION, REGION_CODE, SUB_REGION_CODE, INTERMEDIATE_REGION_CODE) VALUES ('EGYPT', 'EG', 'EGY', 818, 'ISO 3166-2:EG', 'AFRICA', 'NORTHERN AFRICA', '', '002', '015', '');
INSERT INTO REFDATA_COUNTRIES (COUNTRY_NAME, COUNTRY_CODE, ALPHA_3, COUNTRY_CODE_ID, ISO_3166_2, REGION, SUB_REGION, INTERMEDIATE_REGION, REGION_CODE, SUB_REGION_CODE, INTERMEDIATE_REGION_CODE) VALUES ('EL SALVADOR', 'SV', 'SLV', 222, 'ISO 3166-2:SV', 'AMERICAS', 'LATIN AMERICA AND THE CARIBBEAN', 'CENTRAL AMERICA', '019', '419', '013');
INSERT INTO REFDATA_COUNTRIES (COUNTRY_NAME, COUNTRY_CODE, ALPHA_3, COUNTRY_CODE_ID, ISO_3166_2, REGION, SUB_REGION, INTERMEDIATE_REGION, REGION_CODE, SUB_REGION_CODE, INTERMEDIATE_REGION_CODE) VALUES ('EQUATORIAL GUINEA', 'GQ', 'GNQ', 226, 'ISO 3166-2:GQ', 'AFRICA', 'SUB-SAHARAN AFRICA', 'MIDDLE AFRICA', '002', '202', '017');
INSERT INTO REFDATA_COUNTRIES (COUNTRY_NAME, COUNTRY_CODE, ALPHA_3, COUNTRY_CODE_ID, ISO_3166_2, REGION, SUB_REGION, INTERMEDIATE_REGION, REGION_CODE, SUB_REGION_CODE, INTERMEDIATE_REGION_CODE) VALUES ('ERITREA', 'ER', 'ERI', 232, 'ISO 3166-2:ER', 'AFRICA', 'SUB-SAHARAN AFRICA', 'EASTERN AFRICA', '002', '202', '014');
INSERT INTO REFDATA_COUNTRIES (COUNTRY_NAME, COUNTRY_CODE, ALPHA_3, COUNTRY_CODE_ID, ISO_3166_2, REGION, SUB_REGION, INTERMEDIATE_REGION, REGION_CODE, SUB_REGION_CODE, INTERMEDIATE_REGION_CODE) VALUES ('ESTONIA', 'EE', 'EST', 233, 'ISO 3166-2:EE', 'EUROPE', 'NORTHERN EUROPE', '', '150', '154', '');
INSERT INTO REFDATA_COUNTRIES (COUNTRY_NAME, COUNTRY_CODE, ALPHA_3, COUNTRY_CODE_ID, ISO_3166_2, REGION, SUB_REGION, INTERMEDIATE_REGION, REGION_CODE, SUB_REGION_CODE, INTERMEDIATE_REGION_CODE) VALUES ('ESWATINI', 'SZ', 'SWZ', 748, 'ISO 3166-2:SZ', 'AFRICA', 'SUB-SAHARAN AFRICA', 'SOUTHERN AFRICA', '002', '202', '018');
INSERT INTO REFDATA_COUNTRIES (COUNTRY_NAME, COUNTRY_CODE, ALPHA_3, COUNTRY_CODE_ID, ISO_3166_2, REGION, SUB_REGION, INTERMEDIATE_REGION, REGION_CODE, SUB_REGION_CODE, INTERMEDIATE_REGION_CODE) VALUES ('ETHIOPIA', 'ET', 'ETH', 231, 'ISO 3166-2:ET', 'AFRICA', 'SUB-SAHARAN AFRICA', 'EASTERN AFRICA', '002', '202', '014');
INSERT INTO REFDATA_COUNTRIES (COUNTRY_NAME, COUNTRY_CODE, ALPHA_3, COUNTRY_CODE_ID, ISO_3166_2, REGION, SUB_REGION, INTERMEDIATE_REGION, REGION_CODE, SUB_REGION_CODE, INTERMEDIATE_REGION_CODE) VALUES ('FALKLAND ISLANDS (MALVINAS)', 'FK', 'FLK', 238, 'ISO 3166-2:FK', 'AMERICAS', 'LATIN AMERICA AND THE CARIBBEAN', 'SOUTH AMERICA', '019', '419', '005');
INSERT INTO REFDATA_COUNTRIES (COUNTRY_NAME, COUNTRY_CODE, ALPHA_3, COUNTRY_CODE_ID, ISO_3166_2, REGION, SUB_REGION, INTERMEDIATE_REGION, REGION_CODE, SUB_REGION_CODE, INTERMEDIATE_REGION_CODE) VALUES ('FAROE ISLANDS', 'FO', 'FRO', 234, 'ISO 3166-2:FO', 'EUROPE', 'NORTHERN EUROPE', '', '150', '154', '');
INSERT INTO REFDATA_COUNTRIES (COUNTRY_NAME, COUNTRY_CODE, ALPHA_3, COUNTRY_CODE_ID, ISO_3166_2, REGION, SUB_REGION, INTERMEDIATE_REGION, REGION_CODE, SUB_REGION_CODE, INTERMEDIATE_REGION_CODE) VALUES ('FIJI', 'FJ', 'FJI', 242, 'ISO 3166-2:FJ', 'OCEANIA', 'MELANESIA', '', '009', '054', '');
INSERT INTO REFDATA_COUNTRIES (COUNTRY_NAME, COUNTRY_CODE, ALPHA_3, COUNTRY_CODE_ID, ISO_3166_2, REGION, SUB_REGION, INTERMEDIATE_REGION, REGION_CODE, SUB_REGION_CODE, INTERMEDIATE_REGION_CODE) VALUES ('FINLAND', 'FI', 'FIN', 246, 'ISO 3166-2:FI', 'EUROPE', 'NORTHERN EUROPE', '', '150', '154', '');
INSERT INTO REFDATA_COUNTRIES (COUNTRY_NAME, COUNTRY_CODE, ALPHA_3, COUNTRY_CODE_ID, ISO_3166_2, REGION, SUB_REGION, INTERMEDIATE_REGION, REGION_CODE, SUB_REGION_CODE, INTERMEDIATE_REGION_CODE) VALUES ('FRANCE', 'FR', 'FRA', 250, 'ISO 3166-2:FR', 'EUROPE', 'WESTERN EUROPE', '', '150', '155', '');
INSERT INTO REFDATA_COUNTRIES (COUNTRY_NAME, COUNTRY_CODE, ALPHA_3, COUNTRY_CODE_ID, ISO_3166_2, REGION, SUB_REGION, INTERMEDIATE_REGION, REGION_CODE, SUB_REGION_CODE, INTERMEDIATE_REGION_CODE) VALUES ('FRENCH GUIANA', 'GF', 'GUF', 254, 'ISO 3166-2:GF', 'AMERICAS', 'LATIN AMERICA AND THE CARIBBEAN', 'SOUTH AMERICA', '019', '419', '005');
INSERT INTO REFDATA_COUNTRIES (COUNTRY_NAME, COUNTRY_CODE, ALPHA_3, COUNTRY_CODE_ID, ISO_3166_2, REGION, SUB_REGION, INTERMEDIATE_REGION, REGION_CODE, SUB_REGION_CODE, INTERMEDIATE_REGION_CODE) VALUES ('FRENCH POLYNESIA', 'PF', 'PYF', 258, 'ISO 3166-2:PF', 'OCEANIA', 'POLYNESIA', '', '009', '061', '');
INSERT INTO REFDATA_COUNTRIES (COUNTRY_NAME, COUNTRY_CODE, ALPHA_3, COUNTRY_CODE_ID, ISO_3166_2, REGION, SUB_REGION, INTERMEDIATE_REGION, REGION_CODE, SUB_REGION_CODE, INTERMEDIATE_REGION_CODE) VALUES ('FRENCH SOUTHERN TERRITORIES', 'TF', 'ATF', 260, 'ISO 3166-2:TF', 'AFRICA', 'SUB-SAHARAN AFRICA', 'EASTERN AFRICA', '002', '202', '014');
INSERT INTO REFDATA_COUNTRIES (COUNTRY_NAME, COUNTRY_CODE, ALPHA_3, COUNTRY_CODE_ID, ISO_3166_2, REGION, SUB_REGION, INTERMEDIATE_REGION, REGION_CODE, SUB_REGION_CODE, INTERMEDIATE_REGION_CODE) VALUES ('GABON', 'GA', 'GAB', 266, 'ISO 3166-2:GA', 'AFRICA', 'SUB-SAHARAN AFRICA', 'MIDDLE AFRICA', '002', '202', '017');
INSERT INTO REFDATA_COUNTRIES (COUNTRY_NAME, COUNTRY_CODE, ALPHA_3, COUNTRY_CODE_ID, ISO_3166_2, REGION, SUB_REGION, INTERMEDIATE_REGION, REGION_CODE, SUB_REGION_CODE, INTERMEDIATE_REGION_CODE) VALUES ('GAMBIA', 'GM', 'GMB', 270, 'ISO 3166-2:GM', 'AFRICA', 'SUB-SAHARAN AFRICA', 'WESTERN AFRICA', '002', '202', '011');
INSERT INTO REFDATA_COUNTRIES (COUNTRY_NAME, COUNTRY_CODE, ALPHA_3, COUNTRY_CODE_ID, ISO_3166_2, REGION, SUB_REGION, INTERMEDIATE_REGION, REGION_CODE, SUB_REGION_CODE, INTERMEDIATE_REGION_CODE) VALUES ('GEORGIA', 'GE', 'GEO', 268, 'ISO 3166-2:GE', 'ASIA', 'WESTERN ASIA', '', '142', '145', '');
INSERT INTO REFDATA_COUNTRIES (COUNTRY_NAME, COUNTRY_CODE, ALPHA_3, COUNTRY_CODE_ID, ISO_3166_2, REGION, SUB_REGION, INTERMEDIATE_REGION, REGION_CODE, SUB_REGION_CODE, INTERMEDIATE_REGION_CODE) VALUES ('GERMANY', 'DE', 'DEU', 276, 'ISO 3166-2:DE', 'EUROPE', 'WESTERN EUROPE', '', '150', '155', '');
INSERT INTO REFDATA_COUNTRIES (COUNTRY_NAME, COUNTRY_CODE, ALPHA_3, COUNTRY_CODE_ID, ISO_3166_2, REGION, SUB_REGION, INTERMEDIATE_REGION, REGION_CODE, SUB_REGION_CODE, INTERMEDIATE_REGION_CODE) VALUES ('GHANA', 'GH', 'GHA', 288, 'ISO 3166-2:GH', 'AFRICA', 'SUB-SAHARAN AFRICA', 'WESTERN AFRICA', '002', '202', '011');
INSERT INTO REFDATA_COUNTRIES (COUNTRY_NAME, COUNTRY_CODE, ALPHA_3, COUNTRY_CODE_ID, ISO_3166_2, REGION, SUB_REGION, INTERMEDIATE_REGION, REGION_CODE, SUB_REGION_CODE, INTERMEDIATE_REGION_CODE) VALUES ('GIBRALTAR', 'GI', 'GIB', 292, 'ISO 3166-2:GI', 'EUROPE', 'SOUTHERN EUROPE', '', '150', '039', '');
INSERT INTO REFDATA_COUNTRIES (COUNTRY_NAME, COUNTRY_CODE, ALPHA_3, COUNTRY_CODE_ID, ISO_3166_2, REGION, SUB_REGION, INTERMEDIATE_REGION, REGION_CODE, SUB_REGION_CODE, INTERMEDIATE_REGION_CODE) VALUES ('GREECE', 'GR', 'GRC', 300, 'ISO 3166-2:GR', 'EUROPE', 'SOUTHERN EUROPE', '', '150', '039', '');
INSERT INTO REFDATA_COUNTRIES (COUNTRY_NAME, COUNTRY_CODE, ALPHA_3, COUNTRY_CODE_ID, ISO_3166_2, REGION, SUB_REGION, INTERMEDIATE_REGION, REGION_CODE, SUB_REGION_CODE, INTERMEDIATE_REGION_CODE) VALUES ('GREENLAND', 'GL', 'GRL', 304, 'ISO 3166-2:GL', 'AMERICAS', 'NORTHERN AMERICA', '', '019', '021', '');
INSERT INTO REFDATA_COUNTRIES (COUNTRY_NAME, COUNTRY_CODE, ALPHA_3, COUNTRY_CODE_ID, ISO_3166_2, REGION, SUB_REGION, INTERMEDIATE_REGION, REGION_CODE, SUB_REGION_CODE, INTERMEDIATE_REGION_CODE) VALUES ('GRENADA', 'GD', 'GRD', 308, 'ISO 3166-2:GD', 'AMERICAS', 'LATIN AMERICA AND THE CARIBBEAN', 'CARIBBEAN', '019', '419', '029');
INSERT INTO REFDATA_COUNTRIES (COUNTRY_NAME, COUNTRY_CODE, ALPHA_3, COUNTRY_CODE_ID, ISO_3166_2, REGION, SUB_REGION, INTERMEDIATE_REGION, REGION_CODE, SUB_REGION_CODE, INTERMEDIATE_REGION_CODE) VALUES ('GUADELOUPE', 'GP', 'GLP', 312, 'ISO 3166-2:GP', 'AMERICAS', 'LATIN AMERICA AND THE CARIBBEAN', 'CARIBBEAN', '019', '419', '029');
INSERT INTO REFDATA_COUNTRIES (COUNTRY_NAME, COUNTRY_CODE, ALPHA_3, COUNTRY_CODE_ID, ISO_3166_2, REGION, SUB_REGION, INTERMEDIATE_REGION, REGION_CODE, SUB_REGION_CODE, INTERMEDIATE_REGION_CODE) VALUES ('GUAM', 'GU', 'GUM', 316, 'ISO 3166-2:GU', 'OCEANIA', 'MICRONESIA', '', '009', '057', '');
INSERT INTO REFDATA_COUNTRIES (COUNTRY_NAME, COUNTRY_CODE, ALPHA_3, COUNTRY_CODE_ID, ISO_3166_2, REGION, SUB_REGION, INTERMEDIATE_REGION, REGION_CODE, SUB_REGION_CODE, INTERMEDIATE_REGION_CODE) VALUES ('GUATEMALA', 'GT', 'GTM', 320, 'ISO 3166-2:GT', 'AMERICAS', 'LATIN AMERICA AND THE CARIBBEAN', 'CENTRAL AMERICA', '019', '419', '013');
INSERT INTO REFDATA_COUNTRIES (COUNTRY_NAME, COUNTRY_CODE, ALPHA_3, COUNTRY_CODE_ID, ISO_3166_2, REGION, SUB_REGION, INTERMEDIATE_REGION, REGION_CODE, SUB_REGION_CODE, INTERMEDIATE_REGION_CODE) VALUES ('GUERNSEY', 'GG', 'GGY', 831, 'ISO 3166-2:GG', 'EUROPE', 'NORTHERN EUROPE', '', '150', '154', '');
INSERT INTO REFDATA_COUNTRIES (COUNTRY_NAME, COUNTRY_CODE, ALPHA_3, COUNTRY_CODE_ID, ISO_3166_2, REGION, SUB_REGION, INTERMEDIATE_REGION, REGION_CODE, SUB_REGION_CODE, INTERMEDIATE_REGION_CODE) VALUES ('GUINEA', 'GN', 'GIN', 324, 'ISO 3166-2:GN', 'AFRICA', 'SUB-SAHARAN AFRICA', 'WESTERN AFRICA', '002', '202', '011');
INSERT INTO REFDATA_COUNTRIES (COUNTRY_NAME, COUNTRY_CODE, ALPHA_3, COUNTRY_CODE_ID, ISO_3166_2, REGION, SUB_REGION, INTERMEDIATE_REGION, REGION_CODE, SUB_REGION_CODE, INTERMEDIATE_REGION_CODE) VALUES ('GUINEA-BISSAU', 'GW', 'GNB', 624, 'ISO 3166-2:GW', 'AFRICA', 'SUB-SAHARAN AFRICA', 'WESTERN AFRICA', '002', '202', '011');
INSERT INTO REFDATA_COUNTRIES (COUNTRY_NAME, COUNTRY_CODE, ALPHA_3, COUNTRY_CODE_ID, ISO_3166_2, REGION, SUB_REGION, INTERMEDIATE_REGION, REGION_CODE, SUB_REGION_CODE, INTERMEDIATE_REGION_CODE) VALUES ('GUYANA', 'GY', 'GUY', 328, 'ISO 3166-2:GY', 'AMERICAS', 'LATIN AMERICA AND THE CARIBBEAN', 'SOUTH AMERICA', '019', '419', '005');
INSERT INTO REFDATA_COUNTRIES (COUNTRY_NAME, COUNTRY_CODE, ALPHA_3, COUNTRY_CODE_ID, ISO_3166_2, REGION, SUB_REGION, INTERMEDIATE_REGION, REGION_CODE, SUB_REGION_CODE, INTERMEDIATE_REGION_CODE) VALUES ('HAITI', 'HT', 'HTI', 332, 'ISO 3166-2:HT', 'AMERICAS', 'LATIN AMERICA AND THE CARIBBEAN', 'CARIBBEAN', '019', '419', '029');
INSERT INTO REFDATA_COUNTRIES (COUNTRY_NAME, COUNTRY_CODE, ALPHA_3, COUNTRY_CODE_ID, ISO_3166_2, REGION, SUB_REGION, INTERMEDIATE_REGION, REGION_CODE, SUB_REGION_CODE, INTERMEDIATE_REGION_CODE) VALUES ('HEARD ISLAND AND MCDONALD ISLANDS', 'HM', 'HMD', 334, 'ISO 3166-2:HM', 'OCEANIA', 'AUSTRALIA AND NEW ZEALAND', '', '009', '053', '');
INSERT INTO REFDATA_COUNTRIES (COUNTRY_NAME, COUNTRY_CODE, ALPHA_3, COUNTRY_CODE_ID, ISO_3166_2, REGION, SUB_REGION, INTERMEDIATE_REGION, REGION_CODE, SUB_REGION_CODE, INTERMEDIATE_REGION_CODE) VALUES ('HOLY SEE', 'VA', 'VAT', 336, 'ISO 3166-2:VA', 'EUROPE', 'SOUTHERN EUROPE', '', '150', '039', '');
INSERT INTO REFDATA_COUNTRIES (COUNTRY_NAME, COUNTRY_CODE, ALPHA_3, COUNTRY_CODE_ID, ISO_3166_2, REGION, SUB_REGION, INTERMEDIATE_REGION, REGION_CODE, SUB_REGION_CODE, INTERMEDIATE_REGION_CODE) VALUES ('HONDURAS', 'HN', 'HND', 340, 'ISO 3166-2:HN', 'AMERICAS', 'LATIN AMERICA AND THE CARIBBEAN', 'CENTRAL AMERICA', '019', '419', '013');
INSERT INTO REFDATA_COUNTRIES (COUNTRY_NAME, COUNTRY_CODE, ALPHA_3, COUNTRY_CODE_ID, ISO_3166_2, REGION, SUB_REGION, INTERMEDIATE_REGION, REGION_CODE, SUB_REGION_CODE, INTERMEDIATE_REGION_CODE) VALUES ('HONG KONG', 'HK', 'HKG', 344, 'ISO 3166-2:HK', 'ASIA', 'EASTERN ASIA', '', '142', '030', '');
INSERT INTO REFDATA_COUNTRIES (COUNTRY_NAME, COUNTRY_CODE, ALPHA_3, COUNTRY_CODE_ID, ISO_3166_2, REGION, SUB_REGION, INTERMEDIATE_REGION, REGION_CODE, SUB_REGION_CODE, INTERMEDIATE_REGION_CODE) VALUES ('HUNGARY', 'HU', 'HUN', 348, 'ISO 3166-2:HU', 'EUROPE', 'EASTERN EUROPE', '', '150', '151', '');
INSERT INTO REFDATA_COUNTRIES (COUNTRY_NAME, COUNTRY_CODE, ALPHA_3, COUNTRY_CODE_ID, ISO_3166_2, REGION, SUB_REGION, INTERMEDIATE_REGION, REGION_CODE, SUB_REGION_CODE, INTERMEDIATE_REGION_CODE) VALUES ('ICELAND', 'IS', 'ISL', 352, 'ISO 3166-2:IS', 'EUROPE', 'NORTHERN EUROPE', '', '150', '154', '');
INSERT INTO REFDATA_COUNTRIES (COUNTRY_NAME, COUNTRY_CODE, ALPHA_3, COUNTRY_CODE_ID, ISO_3166_2, REGION, SUB_REGION, INTERMEDIATE_REGION, REGION_CODE, SUB_REGION_CODE, INTERMEDIATE_REGION_CODE) VALUES ('INDIA', 'IN', 'IND', 356, 'ISO 3166-2:IN', 'ASIA', 'SOUTHERN ASIA', '', '142', '034', '');
INSERT INTO REFDATA_COUNTRIES (COUNTRY_NAME, COUNTRY_CODE, ALPHA_3, COUNTRY_CODE_ID, ISO_3166_2, REGION, SUB_REGION, INTERMEDIATE_REGION, REGION_CODE, SUB_REGION_CODE, INTERMEDIATE_REGION_CODE) VALUES ('INDONESIA', 'ID', 'IDN', 360, 'ISO 3166-2:ID', 'ASIA', 'SOUTH-EASTERN ASIA', '', '142', '035', '');
INSERT INTO REFDATA_COUNTRIES (COUNTRY_NAME, COUNTRY_CODE, ALPHA_3, COUNTRY_CODE_ID, ISO_3166_2, REGION, SUB_REGION, INTERMEDIATE_REGION, REGION_CODE, SUB_REGION_CODE, INTERMEDIATE_REGION_CODE) VALUES ('IRAN, ISLAMIC REPUBLIC OF', 'IR', 'IRN', 364, 'ISO 3166-2:IR', 'ASIA', 'SOUTHERN ASIA', '', '142', '034', '');
INSERT INTO REFDATA_COUNTRIES (COUNTRY_NAME, COUNTRY_CODE, ALPHA_3, COUNTRY_CODE_ID, ISO_3166_2, REGION, SUB_REGION, INTERMEDIATE_REGION, REGION_CODE, SUB_REGION_CODE, INTERMEDIATE_REGION_CODE) VALUES ('IRAQ', 'IQ', 'IRQ', 368, 'ISO 3166-2:IQ', 'ASIA', 'WESTERN ASIA', '', '142', '145', '');
INSERT INTO REFDATA_COUNTRIES (COUNTRY_NAME, COUNTRY_CODE, ALPHA_3, COUNTRY_CODE_ID, ISO_3166_2, REGION, SUB_REGION, INTERMEDIATE_REGION, REGION_CODE, SUB_REGION_CODE, INTERMEDIATE_REGION_CODE) VALUES ('IRELAND', 'IE', 'IRL', 372, 'ISO 3166-2:IE', 'EUROPE', 'NORTHERN EUROPE', '', '150', '154', '');
INSERT INTO REFDATA_COUNTRIES (COUNTRY_NAME, COUNTRY_CODE, ALPHA_3, COUNTRY_CODE_ID, ISO_3166_2, REGION, SUB_REGION, INTERMEDIATE_REGION, REGION_CODE, SUB_REGION_CODE, INTERMEDIATE_REGION_CODE) VALUES ('ISLE OF MAN', 'IM', 'IMN', 833, 'ISO 3166-2:IM', 'EUROPE', 'NORTHERN EUROPE', '', '150', '154', '');
INSERT INTO REFDATA_COUNTRIES (COUNTRY_NAME, COUNTRY_CODE, ALPHA_3, COUNTRY_CODE_ID, ISO_3166_2, REGION, SUB_REGION, INTERMEDIATE_REGION, REGION_CODE, SUB_REGION_CODE, INTERMEDIATE_REGION_CODE) VALUES ('ISRAEL', 'IL', 'ISR', 376, 'ISO 3166-2:IL', 'ASIA', 'WESTERN ASIA', '', '142', '145', '');
INSERT INTO REFDATA_COUNTRIES (COUNTRY_NAME, COUNTRY_CODE, ALPHA_3, COUNTRY_CODE_ID, ISO_3166_2, REGION, SUB_REGION, INTERMEDIATE_REGION, REGION_CODE, SUB_REGION_CODE, INTERMEDIATE_REGION_CODE) VALUES ('ITALY', 'IT', 'ITA', 380, 'ISO 3166-2:IT', 'EUROPE', 'SOUTHERN EUROPE', '', '150', '039', '');
INSERT INTO REFDATA_COUNTRIES (COUNTRY_NAME, COUNTRY_CODE, ALPHA_3, COUNTRY_CODE_ID, ISO_3166_2, REGION, SUB_REGION, INTERMEDIATE_REGION, REGION_CODE, SUB_REGION_CODE, INTERMEDIATE_REGION_CODE) VALUES ('JAMAICA', 'JM', 'JAM', 388, 'ISO 3166-2:JM', 'AMERICAS', 'LATIN AMERICA AND THE CARIBBEAN', 'CARIBBEAN', '019', '419', '029');
INSERT INTO REFDATA_COUNTRIES (COUNTRY_NAME, COUNTRY_CODE, ALPHA_3, COUNTRY_CODE_ID, ISO_3166_2, REGION, SUB_REGION, INTERMEDIATE_REGION, REGION_CODE, SUB_REGION_CODE, INTERMEDIATE_REGION_CODE) VALUES ('JAPAN', 'JP', 'JPN', 392, 'ISO 3166-2:JP', 'ASIA', 'EASTERN ASIA', '', '142', '030', '');
INSERT INTO REFDATA_COUNTRIES (COUNTRY_NAME, COUNTRY_CODE, ALPHA_3, COUNTRY_CODE_ID, ISO_3166_2, REGION, SUB_REGION, INTERMEDIATE_REGION, REGION_CODE, SUB_REGION_CODE, INTERMEDIATE_REGION_CODE) VALUES ('JERSEY', 'JE', 'JEY', 832, 'ISO 3166-2:JE', 'EUROPE', 'NORTHERN EUROPE', '', '150', '154', '');
INSERT INTO REFDATA_COUNTRIES (COUNTRY_NAME, COUNTRY_CODE, ALPHA_3, COUNTRY_CODE_ID, ISO_3166_2, REGION, SUB_REGION, INTERMEDIATE_REGION, REGION_CODE, SUB_REGION_CODE, INTERMEDIATE_REGION_CODE) VALUES ('JORDAN', 'JO', 'JOR', 400, 'ISO 3166-2:JO', 'ASIA', 'WESTERN ASIA', '', '142', '145', '');
INSERT INTO REFDATA_COUNTRIES (COUNTRY_NAME, COUNTRY_CODE, ALPHA_3, COUNTRY_CODE_ID, ISO_3166_2, REGION, SUB_REGION, INTERMEDIATE_REGION, REGION_CODE, SUB_REGION_CODE, INTERMEDIATE_REGION_CODE) VALUES ('KAZAKHSTAN', 'KZ', 'KAZ', 398, 'ISO 3166-2:KZ', 'ASIA', 'CENTRAL ASIA', '', '142', '143', '');
INSERT INTO REFDATA_COUNTRIES (COUNTRY_NAME, COUNTRY_CODE, ALPHA_3, COUNTRY_CODE_ID, ISO_3166_2, REGION, SUB_REGION, INTERMEDIATE_REGION, REGION_CODE, SUB_REGION_CODE, INTERMEDIATE_REGION_CODE) VALUES ('KENYA', 'KE', 'KEN', 404, 'ISO 3166-2:KE', 'AFRICA', 'SUB-SAHARAN AFRICA', 'EASTERN AFRICA', '002', '202', '014');
INSERT INTO REFDATA_COUNTRIES (COUNTRY_NAME, COUNTRY_CODE, ALPHA_3, COUNTRY_CODE_ID, ISO_3166_2, REGION, SUB_REGION, INTERMEDIATE_REGION, REGION_CODE, SUB_REGION_CODE, INTERMEDIATE_REGION_CODE) VALUES ('KIRIBATI', 'KI', 'KIR', 296, 'ISO 3166-2:KI', 'OCEANIA', 'MICRONESIA', '', '009', '057', '');
INSERT INTO REFDATA_COUNTRIES (COUNTRY_NAME, COUNTRY_CODE, ALPHA_3, COUNTRY_CODE_ID, ISO_3166_2, REGION, SUB_REGION, INTERMEDIATE_REGION, REGION_CODE, SUB_REGION_CODE, INTERMEDIATE_REGION_CODE) VALUES ('KOREA, DEMOCRATIC PEOPLE''S REPUBLIC OF', 'KP', 'PRK', 408, 'ISO 3166-2:KP', 'ASIA', 'EASTERN ASIA', '', '142', '030', '');
INSERT INTO REFDATA_COUNTRIES (COUNTRY_NAME, COUNTRY_CODE, ALPHA_3, COUNTRY_CODE_ID, ISO_3166_2, REGION, SUB_REGION, INTERMEDIATE_REGION, REGION_CODE, SUB_REGION_CODE, INTERMEDIATE_REGION_CODE) VALUES ('KOREA, REPUBLIC OF', 'KR', 'KOR', 410, 'ISO 3166-2:KR', 'ASIA', 'EASTERN ASIA', '', '142', '030', '');
INSERT INTO REFDATA_COUNTRIES (COUNTRY_NAME, COUNTRY_CODE, ALPHA_3, COUNTRY_CODE_ID, ISO_3166_2, REGION, SUB_REGION, INTERMEDIATE_REGION, REGION_CODE, SUB_REGION_CODE, INTERMEDIATE_REGION_CODE) VALUES ('KUWAIT', 'KW', 'KWT', 414, 'ISO 3166-2:KW', 'ASIA', 'WESTERN ASIA', '', '142', '145', '');
INSERT INTO REFDATA_COUNTRIES (COUNTRY_NAME, COUNTRY_CODE, ALPHA_3, COUNTRY_CODE_ID, ISO_3166_2, REGION, SUB_REGION, INTERMEDIATE_REGION, REGION_CODE, SUB_REGION_CODE, INTERMEDIATE_REGION_CODE) VALUES ('KYRGYZSTAN', 'KG', 'KGZ', 417, 'ISO 3166-2:KG', 'ASIA', 'CENTRAL ASIA', '', '142', '143', '');
INSERT INTO REFDATA_COUNTRIES (COUNTRY_NAME, COUNTRY_CODE, ALPHA_3, COUNTRY_CODE_ID, ISO_3166_2, REGION, SUB_REGION, INTERMEDIATE_REGION, REGION_CODE, SUB_REGION_CODE, INTERMEDIATE_REGION_CODE) VALUES ('LAO PEOPLE''S DEMOCRATIC REPUBLIC', 'LA', 'LAO', 418, 'ISO 3166-2:LA', 'ASIA', 'SOUTH-EASTERN ASIA', '', '142', '035', '');
INSERT INTO REFDATA_COUNTRIES (COUNTRY_NAME, COUNTRY_CODE, ALPHA_3, COUNTRY_CODE_ID, ISO_3166_2, REGION, SUB_REGION, INTERMEDIATE_REGION, REGION_CODE, SUB_REGION_CODE, INTERMEDIATE_REGION_CODE) VALUES ('LATVIA', 'LV', 'LVA', 428, 'ISO 3166-2:LV', 'EUROPE', 'NORTHERN EUROPE', '', '150', '154', '');
INSERT INTO REFDATA_COUNTRIES (COUNTRY_NAME, COUNTRY_CODE, ALPHA_3, COUNTRY_CODE_ID, ISO_3166_2, REGION, SUB_REGION, INTERMEDIATE_REGION, REGION_CODE, SUB_REGION_CODE, INTERMEDIATE_REGION_CODE) VALUES ('LEBANON', 'LB', 'LBN', 422, 'ISO 3166-2:LB', 'ASIA', 'WESTERN ASIA', '', '142', '145', '');
INSERT INTO REFDATA_COUNTRIES (COUNTRY_NAME, COUNTRY_CODE, ALPHA_3, COUNTRY_CODE_ID, ISO_3166_2, REGION, SUB_REGION, INTERMEDIATE_REGION, REGION_CODE, SUB_REGION_CODE, INTERMEDIATE_REGION_CODE) VALUES ('LESOTHO', 'LS', 'LSO', 426, 'ISO 3166-2:LS', 'AFRICA', 'SUB-SAHARAN AFRICA', 'SOUTHERN AFRICA', '002', '202', '018');
INSERT INTO REFDATA_COUNTRIES (COUNTRY_NAME, COUNTRY_CODE, ALPHA_3, COUNTRY_CODE_ID, ISO_3166_2, REGION, SUB_REGION, INTERMEDIATE_REGION, REGION_CODE, SUB_REGION_CODE, INTERMEDIATE_REGION_CODE) VALUES ('LIBERIA', 'LR', 'LBR', 430, 'ISO 3166-2:LR', 'AFRICA', 'SUB-SAHARAN AFRICA', 'WESTERN AFRICA', '002', '202', '011');
INSERT INTO REFDATA_COUNTRIES (COUNTRY_NAME, COUNTRY_CODE, ALPHA_3, COUNTRY_CODE_ID, ISO_3166_2, REGION, SUB_REGION, INTERMEDIATE_REGION, REGION_CODE, SUB_REGION_CODE, INTERMEDIATE_REGION_CODE) VALUES ('LIBYA', 'LY', 'LBY', 434, 'ISO 3166-2:LY', 'AFRICA', 'NORTHERN AFRICA', '', '002', '015', '');
INSERT INTO REFDATA_COUNTRIES (COUNTRY_NAME, COUNTRY_CODE, ALPHA_3, COUNTRY_CODE_ID, ISO_3166_2, REGION, SUB_REGION, INTERMEDIATE_REGION, REGION_CODE, SUB_REGION_CODE, INTERMEDIATE_REGION_CODE) VALUES ('LIECHTENSTEIN', 'LI', 'LIE', 438, 'ISO 3166-2:LI', 'EUROPE', 'WESTERN EUROPE', '', '150', '155', '');
INSERT INTO REFDATA_COUNTRIES (COUNTRY_NAME, COUNTRY_CODE, ALPHA_3, COUNTRY_CODE_ID, ISO_3166_2, REGION, SUB_REGION, INTERMEDIATE_REGION, REGION_CODE, SUB_REGION_CODE, INTERMEDIATE_REGION_CODE) VALUES ('LITHUANIA', 'LT', 'LTU', 440, 'ISO 3166-2:LT', 'EUROPE', 'NORTHERN EUROPE', '', '150', '154', '');
INSERT INTO REFDATA_COUNTRIES (COUNTRY_NAME, COUNTRY_CODE, ALPHA_3, COUNTRY_CODE_ID, ISO_3166_2, REGION, SUB_REGION, INTERMEDIATE_REGION, REGION_CODE, SUB_REGION_CODE, INTERMEDIATE_REGION_CODE) VALUES ('LUXEMBOURG', 'LU', 'LUX', 442, 'ISO 3166-2:LU', 'EUROPE', 'WESTERN EUROPE', '', '150', '155', '');
INSERT INTO REFDATA_COUNTRIES (COUNTRY_NAME, COUNTRY_CODE, ALPHA_3, COUNTRY_CODE_ID, ISO_3166_2, REGION, SUB_REGION, INTERMEDIATE_REGION, REGION_CODE, SUB_REGION_CODE, INTERMEDIATE_REGION_CODE) VALUES ('MACAO', 'MO', 'MAC', 446, 'ISO 3166-2:MO', 'ASIA', 'EASTERN ASIA', '', '142', '030', '');
INSERT INTO REFDATA_COUNTRIES (COUNTRY_NAME, COUNTRY_CODE, ALPHA_3, COUNTRY_CODE_ID, ISO_3166_2, REGION, SUB_REGION, INTERMEDIATE_REGION, REGION_CODE, SUB_REGION_CODE, INTERMEDIATE_REGION_CODE) VALUES ('MADAGASCAR', 'MG', 'MDG', 450, 'ISO 3166-2:MG', 'AFRICA', 'SUB-SAHARAN AFRICA', 'EASTERN AFRICA', '002', '202', '014');
INSERT INTO REFDATA_COUNTRIES (COUNTRY_NAME, COUNTRY_CODE, ALPHA_3, COUNTRY_CODE_ID, ISO_3166_2, REGION, SUB_REGION, INTERMEDIATE_REGION, REGION_CODE, SUB_REGION_CODE, INTERMEDIATE_REGION_CODE) VALUES ('MALAWI', 'MW', 'MWI', 454, 'ISO 3166-2:MW', 'AFRICA', 'SUB-SAHARAN AFRICA', 'EASTERN AFRICA', '002', '202', '014');
INSERT INTO REFDATA_COUNTRIES (COUNTRY_NAME, COUNTRY_CODE, ALPHA_3, COUNTRY_CODE_ID, ISO_3166_2, REGION, SUB_REGION, INTERMEDIATE_REGION, REGION_CODE, SUB_REGION_CODE, INTERMEDIATE_REGION_CODE) VALUES ('MALAYSIA', 'MY', 'MYS', 458, 'ISO 3166-2:MY', 'ASIA', 'SOUTH-EASTERN ASIA', '', '142', '035', '');
INSERT INTO REFDATA_COUNTRIES (COUNTRY_NAME, COUNTRY_CODE, ALPHA_3, COUNTRY_CODE_ID, ISO_3166_2, REGION, SUB_REGION, INTERMEDIATE_REGION, REGION_CODE, SUB_REGION_CODE, INTERMEDIATE_REGION_CODE) VALUES ('MALDIVES', 'MV', 'MDV', 462, 'ISO 3166-2:MV', 'ASIA', 'SOUTHERN ASIA', '', '142', '034', '');
INSERT INTO REFDATA_COUNTRIES (COUNTRY_NAME, COUNTRY_CODE, ALPHA_3, COUNTRY_CODE_ID, ISO_3166_2, REGION, SUB_REGION, INTERMEDIATE_REGION, REGION_CODE, SUB_REGION_CODE, INTERMEDIATE_REGION_CODE) VALUES ('MALI', 'ML', 'MLI', 466, 'ISO 3166-2:ML', 'AFRICA', 'SUB-SAHARAN AFRICA', 'WESTERN AFRICA', '002', '202', '011');
INSERT INTO REFDATA_COUNTRIES (COUNTRY_NAME, COUNTRY_CODE, ALPHA_3, COUNTRY_CODE_ID, ISO_3166_2, REGION, SUB_REGION, INTERMEDIATE_REGION, REGION_CODE, SUB_REGION_CODE, INTERMEDIATE_REGION_CODE) VALUES ('MALTA', 'MT', 'MLT', 470, 'ISO 3166-2:MT', 'EUROPE', 'SOUTHERN EUROPE', '', '150', '039', '');
INSERT INTO REFDATA_COUNTRIES (COUNTRY_NAME, COUNTRY_CODE, ALPHA_3, COUNTRY_CODE_ID, ISO_3166_2, REGION, SUB_REGION, INTERMEDIATE_REGION, REGION_CODE, SUB_REGION_CODE, INTERMEDIATE_REGION_CODE) VALUES ('MARSHALL ISLANDS', 'MH', 'MHL', 584, 'ISO 3166-2:MH', 'OCEANIA', 'MICRONESIA', '', '009', '057', '');
INSERT INTO REFDATA_COUNTRIES (COUNTRY_NAME, COUNTRY_CODE, ALPHA_3, COUNTRY_CODE_ID, ISO_3166_2, REGION, SUB_REGION, INTERMEDIATE_REGION, REGION_CODE, SUB_REGION_CODE, INTERMEDIATE_REGION_CODE) VALUES ('MARTINIQUE', 'MQ', 'MTQ', 474, 'ISO 3166-2:MQ', 'AMERICAS', 'LATIN AMERICA AND THE CARIBBEAN', 'CARIBBEAN', '019', '419', '029');
INSERT INTO REFDATA_COUNTRIES (COUNTRY_NAME, COUNTRY_CODE, ALPHA_3, COUNTRY_CODE_ID, ISO_3166_2, REGION, SUB_REGION, INTERMEDIATE_REGION, REGION_CODE, SUB_REGION_CODE, INTERMEDIATE_REGION_CODE) VALUES ('MAURITANIA', 'MR', 'MRT', 478, 'ISO 3166-2:MR', 'AFRICA', 'SUB-SAHARAN AFRICA', 'WESTERN AFRICA', '002', '202', '011');
INSERT INTO REFDATA_COUNTRIES (COUNTRY_NAME, COUNTRY_CODE, ALPHA_3, COUNTRY_CODE_ID, ISO_3166_2, REGION, SUB_REGION, INTERMEDIATE_REGION, REGION_CODE, SUB_REGION_CODE, INTERMEDIATE_REGION_CODE) VALUES ('MAURITIUS', 'MU', 'MUS', 480, 'ISO 3166-2:MU', 'AFRICA', 'SUB-SAHARAN AFRICA', 'EASTERN AFRICA', '002', '202', '014');
INSERT INTO REFDATA_COUNTRIES (COUNTRY_NAME, COUNTRY_CODE, ALPHA_3, COUNTRY_CODE_ID, ISO_3166_2, REGION, SUB_REGION, INTERMEDIATE_REGION, REGION_CODE, SUB_REGION_CODE, INTERMEDIATE_REGION_CODE) VALUES ('MAYOTTE', 'YT', 'MYT', 175, 'ISO 3166-2:YT', 'AFRICA', 'SUB-SAHARAN AFRICA', 'EASTERN AFRICA', '002', '202', '014');
INSERT INTO REFDATA_COUNTRIES (COUNTRY_NAME, COUNTRY_CODE, ALPHA_3, COUNTRY_CODE_ID, ISO_3166_2, REGION, SUB_REGION, INTERMEDIATE_REGION, REGION_CODE, SUB_REGION_CODE, INTERMEDIATE_REGION_CODE) VALUES ('MEXICO', 'MX', 'MEX', 484, 'ISO 3166-2:MX', 'AMERICAS', 'LATIN AMERICA AND THE CARIBBEAN', 'CENTRAL AMERICA', '019', '419', '013');
INSERT INTO REFDATA_COUNTRIES (COUNTRY_NAME, COUNTRY_CODE, ALPHA_3, COUNTRY_CODE_ID, ISO_3166_2, REGION, SUB_REGION, INTERMEDIATE_REGION, REGION_CODE, SUB_REGION_CODE, INTERMEDIATE_REGION_CODE) VALUES ('MICRONESIA, FEDERATED STATES OF', 'FM', 'FSM', 583, 'ISO 3166-2:FM', 'OCEANIA', 'MICRONESIA', '', '009', '057', '');
INSERT INTO REFDATA_COUNTRIES (COUNTRY_NAME, COUNTRY_CODE, ALPHA_3, COUNTRY_CODE_ID, ISO_3166_2, REGION, SUB_REGION, INTERMEDIATE_REGION, REGION_CODE, SUB_REGION_CODE, INTERMEDIATE_REGION_CODE) VALUES ('MOLDOVA, REPUBLIC OF', 'MD', 'MDA', 498, 'ISO 3166-2:MD', 'EUROPE', 'EASTERN EUROPE', '', '150', '151', '');
INSERT INTO REFDATA_COUNTRIES (COUNTRY_NAME, COUNTRY_CODE, ALPHA_3, COUNTRY_CODE_ID, ISO_3166_2, REGION, SUB_REGION, INTERMEDIATE_REGION, REGION_CODE, SUB_REGION_CODE, INTERMEDIATE_REGION_CODE) VALUES ('MONACO', 'MC', 'MCO', 492, 'ISO 3166-2:MC', 'EUROPE', 'WESTERN EUROPE', '', '150', '155', '');
INSERT INTO REFDATA_COUNTRIES (COUNTRY_NAME, COUNTRY_CODE, ALPHA_3, COUNTRY_CODE_ID, ISO_3166_2, REGION, SUB_REGION, INTERMEDIATE_REGION, REGION_CODE, SUB_REGION_CODE, INTERMEDIATE_REGION_CODE) VALUES ('MONGOLIA', 'MN', 'MNG', 496, 'ISO 3166-2:MN', 'ASIA', 'EASTERN ASIA', '', '142', '030', '');
INSERT INTO REFDATA_COUNTRIES (COUNTRY_NAME, COUNTRY_CODE, ALPHA_3, COUNTRY_CODE_ID, ISO_3166_2, REGION, SUB_REGION, INTERMEDIATE_REGION, REGION_CODE, SUB_REGION_CODE, INTERMEDIATE_REGION_CODE) VALUES ('MONTENEGRO', 'ME', 'MNE', 499, 'ISO 3166-2:ME', 'EUROPE', 'SOUTHERN EUROPE', '', '150', '039', '');
INSERT INTO REFDATA_COUNTRIES (COUNTRY_NAME, COUNTRY_CODE, ALPHA_3, COUNTRY_CODE_ID, ISO_3166_2, REGION, SUB_REGION, INTERMEDIATE_REGION, REGION_CODE, SUB_REGION_CODE, INTERMEDIATE_REGION_CODE) VALUES ('MONTSERRAT', 'MS', 'MSR', 500, 'ISO 3166-2:MS', 'AMERICAS', 'LATIN AMERICA AND THE CARIBBEAN', 'CARIBBEAN', '019', '419', '029');
INSERT INTO REFDATA_COUNTRIES (COUNTRY_NAME, COUNTRY_CODE, ALPHA_3, COUNTRY_CODE_ID, ISO_3166_2, REGION, SUB_REGION, INTERMEDIATE_REGION, REGION_CODE, SUB_REGION_CODE, INTERMEDIATE_REGION_CODE) VALUES ('MOROCCO', 'MA', 'MAR', 504, 'ISO 3166-2:MA', 'AFRICA', 'NORTHERN AFRICA', '', '002', '015', '');
INSERT INTO REFDATA_COUNTRIES (COUNTRY_NAME, COUNTRY_CODE, ALPHA_3, COUNTRY_CODE_ID, ISO_3166_2, REGION, SUB_REGION, INTERMEDIATE_REGION, REGION_CODE, SUB_REGION_CODE, INTERMEDIATE_REGION_CODE) VALUES ('MOZAMBIQUE', 'MZ', 'MOZ', 508, 'ISO 3166-2:MZ', 'AFRICA', 'SUB-SAHARAN AFRICA', 'EASTERN AFRICA', '002', '202', '014');
INSERT INTO REFDATA_COUNTRIES (COUNTRY_NAME, COUNTRY_CODE, ALPHA_3, COUNTRY_CODE_ID, ISO_3166_2, REGION, SUB_REGION, INTERMEDIATE_REGION, REGION_CODE, SUB_REGION_CODE, INTERMEDIATE_REGION_CODE) VALUES ('MYANMAR', 'MM', 'MMR', 104, 'ISO 3166-2:MM', 'ASIA', 'SOUTH-EASTERN ASIA', '', '142', '035', '');
INSERT INTO REFDATA_COUNTRIES (COUNTRY_NAME, COUNTRY_CODE, ALPHA_3, COUNTRY_CODE_ID, ISO_3166_2, REGION, SUB_REGION, INTERMEDIATE_REGION, REGION_CODE, SUB_REGION_CODE, INTERMEDIATE_REGION_CODE) VALUES ('NAMIBIA', 'NA', 'NAM', 516, 'ISO 3166-2:NA', 'AFRICA', 'SUB-SAHARAN AFRICA', 'SOUTHERN AFRICA', '002', '202', '018');
INSERT INTO REFDATA_COUNTRIES (COUNTRY_NAME, COUNTRY_CODE, ALPHA_3, COUNTRY_CODE_ID, ISO_3166_2, REGION, SUB_REGION, INTERMEDIATE_REGION, REGION_CODE, SUB_REGION_CODE, INTERMEDIATE_REGION_CODE) VALUES ('NAURU', 'NR', 'NRU', 520, 'ISO 3166-2:NR', 'OCEANIA', 'MICRONESIA', '', '009', '057', '');
INSERT INTO REFDATA_COUNTRIES (COUNTRY_NAME, COUNTRY_CODE, ALPHA_3, COUNTRY_CODE_ID, ISO_3166_2, REGION, SUB_REGION, INTERMEDIATE_REGION, REGION_CODE, SUB_REGION_CODE, INTERMEDIATE_REGION_CODE) VALUES ('NEPAL', 'NP', 'NPL', 524, 'ISO 3166-2:NP', 'ASIA', 'SOUTHERN ASIA', '', '142', '034', '');
INSERT INTO REFDATA_COUNTRIES (COUNTRY_NAME, COUNTRY_CODE, ALPHA_3, COUNTRY_CODE_ID, ISO_3166_2, REGION, SUB_REGION, INTERMEDIATE_REGION, REGION_CODE, SUB_REGION_CODE, INTERMEDIATE_REGION_CODE) VALUES ('NETHERLANDS, KINGDOM OF THE', 'NL', 'NLD', 528, 'ISO 3166-2:NL', 'EUROPE', 'WESTERN EUROPE', '', '150', '155', '');
INSERT INTO REFDATA_COUNTRIES (COUNTRY_NAME, COUNTRY_CODE, ALPHA_3, COUNTRY_CODE_ID, ISO_3166_2, REGION, SUB_REGION, INTERMEDIATE_REGION, REGION_CODE, SUB_REGION_CODE, INTERMEDIATE_REGION_CODE) VALUES ('NEW CALEDONIA', 'NC', 'NCL', 540, 'ISO 3166-2:NC', 'OCEANIA', 'MELANESIA', '', '009', '054', '');
INSERT INTO REFDATA_COUNTRIES (COUNTRY_NAME, COUNTRY_CODE, ALPHA_3, COUNTRY_CODE_ID, ISO_3166_2, REGION, SUB_REGION, INTERMEDIATE_REGION, REGION_CODE, SUB_REGION_CODE, INTERMEDIATE_REGION_CODE) VALUES ('NEW ZEALAND', 'NZ', 'NZL', 554, 'ISO 3166-2:NZ', 'OCEANIA', 'AUSTRALIA AND NEW ZEALAND', '', '009', '053', '');
INSERT INTO REFDATA_COUNTRIES (COUNTRY_NAME, COUNTRY_CODE, ALPHA_3, COUNTRY_CODE_ID, ISO_3166_2, REGION, SUB_REGION, INTERMEDIATE_REGION, REGION_CODE, SUB_REGION_CODE, INTERMEDIATE_REGION_CODE) VALUES ('NICARAGUA', 'NI', 'NIC', 558, 'ISO 3166-2:NI', 'AMERICAS', 'LATIN AMERICA AND THE CARIBBEAN', 'CENTRAL AMERICA', '019', '419', '013');
INSERT INTO REFDATA_COUNTRIES (COUNTRY_NAME, COUNTRY_CODE, ALPHA_3, COUNTRY_CODE_ID, ISO_3166_2, REGION, SUB_REGION, INTERMEDIATE_REGION, REGION_CODE, SUB_REGION_CODE, INTERMEDIATE_REGION_CODE) VALUES ('NIGER', 'NE', 'NER', 562, 'ISO 3166-2:NE', 'AFRICA', 'SUB-SAHARAN AFRICA', 'WESTERN AFRICA', '002', '202', '011');
INSERT INTO REFDATA_COUNTRIES (COUNTRY_NAME, COUNTRY_CODE, ALPHA_3, COUNTRY_CODE_ID, ISO_3166_2, REGION, SUB_REGION, INTERMEDIATE_REGION, REGION_CODE, SUB_REGION_CODE, INTERMEDIATE_REGION_CODE) VALUES ('NIGERIA', 'NG', 'NGA', 566, 'ISO 3166-2:NG', 'AFRICA', 'SUB-SAHARAN AFRICA', 'WESTERN AFRICA', '002', '202', '011');
INSERT INTO REFDATA_COUNTRIES (COUNTRY_NAME, COUNTRY_CODE, ALPHA_3, COUNTRY_CODE_ID, ISO_3166_2, REGION, SUB_REGION, INTERMEDIATE_REGION, REGION_CODE, SUB_REGION_CODE, INTERMEDIATE_REGION_CODE) VALUES ('NIUE', 'NU', 'NIU', 570, 'ISO 3166-2:NU', 'OCEANIA', 'POLYNESIA', '', '009', '061', '');
INSERT INTO REFDATA_COUNTRIES (COUNTRY_NAME, COUNTRY_CODE, ALPHA_3, COUNTRY_CODE_ID, ISO_3166_2, REGION, SUB_REGION, INTERMEDIATE_REGION, REGION_CODE, SUB_REGION_CODE, INTERMEDIATE_REGION_CODE) VALUES ('NORFOLK ISLAND', 'NF', 'NFK', 574, 'ISO 3166-2:NF', 'OCEANIA', 'AUSTRALIA AND NEW ZEALAND', '', '009', '053', '');
INSERT INTO REFDATA_COUNTRIES (COUNTRY_NAME, COUNTRY_CODE, ALPHA_3, COUNTRY_CODE_ID, ISO_3166_2, REGION, SUB_REGION, INTERMEDIATE_REGION, REGION_CODE, SUB_REGION_CODE, INTERMEDIATE_REGION_CODE) VALUES ('NORTH MACEDONIA', 'MK', 'MKD', 807, 'ISO 3166-2:MK', 'EUROPE', 'SOUTHERN EUROPE', '', '150', '039', '');
INSERT INTO REFDATA_COUNTRIES (COUNTRY_NAME, COUNTRY_CODE, ALPHA_3, COUNTRY_CODE_ID, ISO_3166_2, REGION, SUB_REGION, INTERMEDIATE_REGION, REGION_CODE, SUB_REGION_CODE, INTERMEDIATE_REGION_CODE) VALUES ('NORTHERN MARIANA ISLANDS', 'MP', 'MNP', 580, 'ISO 3166-2:MP', 'OCEANIA', 'MICRONESIA', '', '009', '057', '');
INSERT INTO REFDATA_COUNTRIES (COUNTRY_NAME, COUNTRY_CODE, ALPHA_3, COUNTRY_CODE_ID, ISO_3166_2, REGION, SUB_REGION, INTERMEDIATE_REGION, REGION_CODE, SUB_REGION_CODE, INTERMEDIATE_REGION_CODE) VALUES ('NORWAY', 'NO', 'NOR', 578, 'ISO 3166-2:NO', 'EUROPE', 'NORTHERN EUROPE', '', '150', '154', '');
INSERT INTO REFDATA_COUNTRIES (COUNTRY_NAME, COUNTRY_CODE, ALPHA_3, COUNTRY_CODE_ID, ISO_3166_2, REGION, SUB_REGION, INTERMEDIATE_REGION, REGION_CODE, SUB_REGION_CODE, INTERMEDIATE_REGION_CODE) VALUES ('OMAN', 'OM', 'OMN', 512, 'ISO 3166-2:OM', 'ASIA', 'WESTERN ASIA', '', '142', '145', '');
INSERT INTO REFDATA_COUNTRIES (COUNTRY_NAME, COUNTRY_CODE, ALPHA_3, COUNTRY_CODE_ID, ISO_3166_2, REGION, SUB_REGION, INTERMEDIATE_REGION, REGION_CODE, SUB_REGION_CODE, INTERMEDIATE_REGION_CODE) VALUES ('PAKISTAN', 'PK', 'PAK', 586, 'ISO 3166-2:PK', 'ASIA', 'SOUTHERN ASIA', '', '142', '034', '');
INSERT INTO REFDATA_COUNTRIES (COUNTRY_NAME, COUNTRY_CODE, ALPHA_3, COUNTRY_CODE_ID, ISO_3166_2, REGION, SUB_REGION, INTERMEDIATE_REGION, REGION_CODE, SUB_REGION_CODE, INTERMEDIATE_REGION_CODE) VALUES ('PALAU', 'PW', 'PLW', 585, 'ISO 3166-2:PW', 'OCEANIA', 'MICRONESIA', '', '009', '057', '');
INSERT INTO REFDATA_COUNTRIES (COUNTRY_NAME, COUNTRY_CODE, ALPHA_3, COUNTRY_CODE_ID, ISO_3166_2, REGION, SUB_REGION, INTERMEDIATE_REGION, REGION_CODE, SUB_REGION_CODE, INTERMEDIATE_REGION_CODE) VALUES ('PALESTINE, STATE OF', 'PS', 'PSE', 275, 'ISO 3166-2:PS', 'ASIA', 'WESTERN ASIA', '', '142', '145', '');
INSERT INTO REFDATA_COUNTRIES (COUNTRY_NAME, COUNTRY_CODE, ALPHA_3, COUNTRY_CODE_ID, ISO_3166_2, REGION, SUB_REGION, INTERMEDIATE_REGION, REGION_CODE, SUB_REGION_CODE, INTERMEDIATE_REGION_CODE) VALUES ('PANAMA', 'PA', 'PAN', 591, 'ISO 3166-2:PA', 'AMERICAS', 'LATIN AMERICA AND THE CARIBBEAN', 'CENTRAL AMERICA', '019', '419', '013');
INSERT INTO REFDATA_COUNTRIES (COUNTRY_NAME, COUNTRY_CODE, ALPHA_3, COUNTRY_CODE_ID, ISO_3166_2, REGION, SUB_REGION, INTERMEDIATE_REGION, REGION_CODE, SUB_REGION_CODE, INTERMEDIATE_REGION_CODE) VALUES ('PAPUA NEW GUINEA', 'PG', 'PNG', 598, 'ISO 3166-2:PG', 'OCEANIA', 'MELANESIA', '', '009', '054', '');
INSERT INTO REFDATA_COUNTRIES (COUNTRY_NAME, COUNTRY_CODE, ALPHA_3, COUNTRY_CODE_ID, ISO_3166_2, REGION, SUB_REGION, INTERMEDIATE_REGION, REGION_CODE, SUB_REGION_CODE, INTERMEDIATE_REGION_CODE) VALUES ('PARAGUAY', 'PY', 'PRY', 600, 'ISO 3166-2:PY', 'AMERICAS', 'LATIN AMERICA AND THE CARIBBEAN', 'SOUTH AMERICA', '019', '419', '005');
INSERT INTO REFDATA_COUNTRIES (COUNTRY_NAME, COUNTRY_CODE, ALPHA_3, COUNTRY_CODE_ID, ISO_3166_2, REGION, SUB_REGION, INTERMEDIATE_REGION, REGION_CODE, SUB_REGION_CODE, INTERMEDIATE_REGION_CODE) VALUES ('PERU', 'PE', 'PER', 604, 'ISO 3166-2:PE', 'AMERICAS', 'LATIN AMERICA AND THE CARIBBEAN', 'SOUTH AMERICA', '019', '419', '005');
INSERT INTO REFDATA_COUNTRIES (COUNTRY_NAME, COUNTRY_CODE, ALPHA_3, COUNTRY_CODE_ID, ISO_3166_2, REGION, SUB_REGION, INTERMEDIATE_REGION, REGION_CODE, SUB_REGION_CODE, INTERMEDIATE_REGION_CODE) VALUES ('PHILIPPINES', 'PH', 'PHL', 608, 'ISO 3166-2:PH', 'ASIA', 'SOUTH-EASTERN ASIA', '', '142', '035', '');
INSERT INTO REFDATA_COUNTRIES (COUNTRY_NAME, COUNTRY_CODE, ALPHA_3, COUNTRY_CODE_ID, ISO_3166_2, REGION, SUB_REGION, INTERMEDIATE_REGION, REGION_CODE, SUB_REGION_CODE, INTERMEDIATE_REGION_CODE) VALUES ('PITCAIRN', 'PN', 'PCN', 612, 'ISO 3166-2:PN', 'OCEANIA', 'POLYNESIA', '', '009', '061', '');
INSERT INTO REFDATA_COUNTRIES (COUNTRY_NAME, COUNTRY_CODE, ALPHA_3, COUNTRY_CODE_ID, ISO_3166_2, REGION, SUB_REGION, INTERMEDIATE_REGION, REGION_CODE, SUB_REGION_CODE, INTERMEDIATE_REGION_CODE) VALUES ('POLAND', 'PL', 'POL', 616, 'ISO 3166-2:PL', 'EUROPE', 'EASTERN EUROPE', '', '150', '151', '');
INSERT INTO REFDATA_COUNTRIES (COUNTRY_NAME, COUNTRY_CODE, ALPHA_3, COUNTRY_CODE_ID, ISO_3166_2, REGION, SUB_REGION, INTERMEDIATE_REGION, REGION_CODE, SUB_REGION_CODE, INTERMEDIATE_REGION_CODE) VALUES ('PORTUGAL', 'PT', 'PRT', 620, 'ISO 3166-2:PT', 'EUROPE', 'SOUTHERN EUROPE', '', '150', '039', '');
INSERT INTO REFDATA_COUNTRIES (COUNTRY_NAME, COUNTRY_CODE, ALPHA_3, COUNTRY_CODE_ID, ISO_3166_2, REGION, SUB_REGION, INTERMEDIATE_REGION, REGION_CODE, SUB_REGION_CODE, INTERMEDIATE_REGION_CODE) VALUES ('PUERTO RICO', 'PR', 'PRI', 630, 'ISO 3166-2:PR', 'AMERICAS', 'LATIN AMERICA AND THE CARIBBEAN', 'CARIBBEAN', '019', '419', '029');
INSERT INTO REFDATA_COUNTRIES (COUNTRY_NAME, COUNTRY_CODE, ALPHA_3, COUNTRY_CODE_ID, ISO_3166_2, REGION, SUB_REGION, INTERMEDIATE_REGION, REGION_CODE, SUB_REGION_CODE, INTERMEDIATE_REGION_CODE) VALUES ('QATAR', 'QA', 'QAT', 634, 'ISO 3166-2:QA', 'ASIA', 'WESTERN ASIA', '', '142', '145', '');
INSERT INTO REFDATA_COUNTRIES (COUNTRY_NAME, COUNTRY_CODE, ALPHA_3, COUNTRY_CODE_ID, ISO_3166_2, REGION, SUB_REGION, INTERMEDIATE_REGION, REGION_CODE, SUB_REGION_CODE, INTERMEDIATE_REGION_CODE) VALUES ('RéUNION', 'RE', 'REU', 638, 'ISO 3166-2:RE', 'AFRICA', 'SUB-SAHARAN AFRICA', 'EASTERN AFRICA', '002', '202', '014');
INSERT INTO REFDATA_COUNTRIES (COUNTRY_NAME, COUNTRY_CODE, ALPHA_3, COUNTRY_CODE_ID, ISO_3166_2, REGION, SUB_REGION, INTERMEDIATE_REGION, REGION_CODE, SUB_REGION_CODE, INTERMEDIATE_REGION_CODE) VALUES ('ROMANIA', 'RO', 'ROU', 642, 'ISO 3166-2:RO', 'EUROPE', 'EASTERN EUROPE', '', '150', '151', '');
INSERT INTO REFDATA_COUNTRIES (COUNTRY_NAME, COUNTRY_CODE, ALPHA_3, COUNTRY_CODE_ID, ISO_3166_2, REGION, SUB_REGION, INTERMEDIATE_REGION, REGION_CODE, SUB_REGION_CODE, INTERMEDIATE_REGION_CODE) VALUES ('RUSSIAN FEDERATION', 'RU', 'RUS', 643, 'ISO 3166-2:RU', 'EUROPE', 'EASTERN EUROPE', '', '150', '151', '');
INSERT INTO REFDATA_COUNTRIES (COUNTRY_NAME, COUNTRY_CODE, ALPHA_3, COUNTRY_CODE_ID, ISO_3166_2, REGION, SUB_REGION, INTERMEDIATE_REGION, REGION_CODE, SUB_REGION_CODE, INTERMEDIATE_REGION_CODE) VALUES ('RWANDA', 'RW', 'RWA', 646, 'ISO 3166-2:RW', 'AFRICA', 'SUB-SAHARAN AFRICA', 'EASTERN AFRICA', '002', '202', '014');
INSERT INTO REFDATA_COUNTRIES (COUNTRY_NAME, COUNTRY_CODE, ALPHA_3, COUNTRY_CODE_ID, ISO_3166_2, REGION, SUB_REGION, INTERMEDIATE_REGION, REGION_CODE, SUB_REGION_CODE, INTERMEDIATE_REGION_CODE) VALUES ('SAINT BARTHéLEMY', 'BL', 'BLM', 652, 'ISO 3166-2:BL', 'AMERICAS', 'LATIN AMERICA AND THE CARIBBEAN', 'CARIBBEAN', '019', '419', '029');
INSERT INTO REFDATA_COUNTRIES (COUNTRY_NAME, COUNTRY_CODE, ALPHA_3, COUNTRY_CODE_ID, ISO_3166_2, REGION, SUB_REGION, INTERMEDIATE_REGION, REGION_CODE, SUB_REGION_CODE, INTERMEDIATE_REGION_CODE) VALUES ('SAINT HELENA, ASCENSION AND TRISTAN DA CUNHA', 'SH', 'SHN', 654, 'ISO 3166-2:SH', 'AFRICA', 'SUB-SAHARAN AFRICA', 'WESTERN AFRICA', '002', '202', '011');
INSERT INTO REFDATA_COUNTRIES (COUNTRY_NAME, COUNTRY_CODE, ALPHA_3, COUNTRY_CODE_ID, ISO_3166_2, REGION, SUB_REGION, INTERMEDIATE_REGION, REGION_CODE, SUB_REGION_CODE, INTERMEDIATE_REGION_CODE) VALUES ('SAINT KITTS AND NEVIS', 'KN', 'KNA', 659, 'ISO 3166-2:KN', 'AMERICAS', 'LATIN AMERICA AND THE CARIBBEAN', 'CARIBBEAN', '019', '419', '029');
INSERT INTO REFDATA_COUNTRIES (COUNTRY_NAME, COUNTRY_CODE, ALPHA_3, COUNTRY_CODE_ID, ISO_3166_2, REGION, SUB_REGION, INTERMEDIATE_REGION, REGION_CODE, SUB_REGION_CODE, INTERMEDIATE_REGION_CODE) VALUES ('SAINT LUCIA', 'LC', 'LCA', 662, 'ISO 3166-2:LC', 'AMERICAS', 'LATIN AMERICA AND THE CARIBBEAN', 'CARIBBEAN', '019', '419', '029');
INSERT INTO REFDATA_COUNTRIES (COUNTRY_NAME, COUNTRY_CODE, ALPHA_3, COUNTRY_CODE_ID, ISO_3166_2, REGION, SUB_REGION, INTERMEDIATE_REGION, REGION_CODE, SUB_REGION_CODE, INTERMEDIATE_REGION_CODE) VALUES ('SAINT MARTIN (FRENCH PART)', 'MF', 'MAF', 663, 'ISO 3166-2:MF', 'AMERICAS', 'LATIN AMERICA AND THE CARIBBEAN', 'CARIBBEAN', '019', '419', '029');
INSERT INTO REFDATA_COUNTRIES (COUNTRY_NAME, COUNTRY_CODE, ALPHA_3, COUNTRY_CODE_ID, ISO_3166_2, REGION, SUB_REGION, INTERMEDIATE_REGION, REGION_CODE, SUB_REGION_CODE, INTERMEDIATE_REGION_CODE) VALUES ('SAINT PIERRE AND MIQUELON', 'PM', 'SPM', 666, 'ISO 3166-2:PM', 'AMERICAS', 'NORTHERN AMERICA', '', '019', '021', '');
INSERT INTO REFDATA_COUNTRIES (COUNTRY_NAME, COUNTRY_CODE, ALPHA_3, COUNTRY_CODE_ID, ISO_3166_2, REGION, SUB_REGION, INTERMEDIATE_REGION, REGION_CODE, SUB_REGION_CODE, INTERMEDIATE_REGION_CODE) VALUES ('SAINT VINCENT AND THE GRENADINES', 'VC', 'VCT', 670, 'ISO 3166-2:VC', 'AMERICAS', 'LATIN AMERICA AND THE CARIBBEAN', 'CARIBBEAN', '019', '419', '029');
INSERT INTO REFDATA_COUNTRIES (COUNTRY_NAME, COUNTRY_CODE, ALPHA_3, COUNTRY_CODE_ID, ISO_3166_2, REGION, SUB_REGION, INTERMEDIATE_REGION, REGION_CODE, SUB_REGION_CODE, INTERMEDIATE_REGION_CODE) VALUES ('SAMOA', 'WS', 'WSM', 882, 'ISO 3166-2:WS', 'OCEANIA', 'POLYNESIA', '', '009', '061', '');
INSERT INTO REFDATA_COUNTRIES (COUNTRY_NAME, COUNTRY_CODE, ALPHA_3, COUNTRY_CODE_ID, ISO_3166_2, REGION, SUB_REGION, INTERMEDIATE_REGION, REGION_CODE, SUB_REGION_CODE, INTERMEDIATE_REGION_CODE) VALUES ('SAN MARINO', 'SM', 'SMR', 674, 'ISO 3166-2:SM', 'EUROPE', 'SOUTHERN EUROPE', '', '150', '039', '');
INSERT INTO REFDATA_COUNTRIES (COUNTRY_NAME, COUNTRY_CODE, ALPHA_3, COUNTRY_CODE_ID, ISO_3166_2, REGION, SUB_REGION, INTERMEDIATE_REGION, REGION_CODE, SUB_REGION_CODE, INTERMEDIATE_REGION_CODE) VALUES ('SAO TOME AND PRINCIPE', 'ST', 'STP', 678, 'ISO 3166-2:ST', 'AFRICA', 'SUB-SAHARAN AFRICA', 'MIDDLE AFRICA', '002', '202', '017');
INSERT INTO REFDATA_COUNTRIES (COUNTRY_NAME, COUNTRY_CODE, ALPHA_3, COUNTRY_CODE_ID, ISO_3166_2, REGION, SUB_REGION, INTERMEDIATE_REGION, REGION_CODE, SUB_REGION_CODE, INTERMEDIATE_REGION_CODE) VALUES ('SAUDI ARABIA', 'SA', 'SAU', 682, 'ISO 3166-2:SA', 'ASIA', 'WESTERN ASIA', '', '142', '145', '');
INSERT INTO REFDATA_COUNTRIES (COUNTRY_NAME, COUNTRY_CODE, ALPHA_3, COUNTRY_CODE_ID, ISO_3166_2, REGION, SUB_REGION, INTERMEDIATE_REGION, REGION_CODE, SUB_REGION_CODE, INTERMEDIATE_REGION_CODE) VALUES ('SENEGAL', 'SN', 'SEN', 686, 'ISO 3166-2:SN', 'AFRICA', 'SUB-SAHARAN AFRICA', 'WESTERN AFRICA', '002', '202', '011');
INSERT INTO REFDATA_COUNTRIES (COUNTRY_NAME, COUNTRY_CODE, ALPHA_3, COUNTRY_CODE_ID, ISO_3166_2, REGION, SUB_REGION, INTERMEDIATE_REGION, REGION_CODE, SUB_REGION_CODE, INTERMEDIATE_REGION_CODE) VALUES ('SERBIA', 'RS', 'SRB', 688, 'ISO 3166-2:RS', 'EUROPE', 'SOUTHERN EUROPE', '', '150', '039', '');
INSERT INTO REFDATA_COUNTRIES (COUNTRY_NAME, COUNTRY_CODE, ALPHA_3, COUNTRY_CODE_ID, ISO_3166_2, REGION, SUB_REGION, INTERMEDIATE_REGION, REGION_CODE, SUB_REGION_CODE, INTERMEDIATE_REGION_CODE) VALUES ('SEYCHELLES', 'SC', 'SYC', 690, 'ISO 3166-2:SC', 'AFRICA', 'SUB-SAHARAN AFRICA', 'EASTERN AFRICA', '002', '202', '014');
INSERT INTO REFDATA_COUNTRIES (COUNTRY_NAME, COUNTRY_CODE, ALPHA_3, COUNTRY_CODE_ID, ISO_3166_2, REGION, SUB_REGION, INTERMEDIATE_REGION, REGION_CODE, SUB_REGION_CODE, INTERMEDIATE_REGION_CODE) VALUES ('SIERRA LEONE', 'SL', 'SLE', 694, 'ISO 3166-2:SL', 'AFRICA', 'SUB-SAHARAN AFRICA', 'WESTERN AFRICA', '002', '202', '011');
INSERT INTO REFDATA_COUNTRIES (COUNTRY_NAME, COUNTRY_CODE, ALPHA_3, COUNTRY_CODE_ID, ISO_3166_2, REGION, SUB_REGION, INTERMEDIATE_REGION, REGION_CODE, SUB_REGION_CODE, INTERMEDIATE_REGION_CODE) VALUES ('SINGAPORE', 'SG', 'SGP', 702, 'ISO 3166-2:SG', 'ASIA', 'SOUTH-EASTERN ASIA', '', '142', '035', '');
INSERT INTO REFDATA_COUNTRIES (COUNTRY_NAME, COUNTRY_CODE, ALPHA_3, COUNTRY_CODE_ID, ISO_3166_2, REGION, SUB_REGION, INTERMEDIATE_REGION, REGION_CODE, SUB_REGION_CODE, INTERMEDIATE_REGION_CODE) VALUES ('SINT MAARTEN (DUTCH PART)', 'SX', 'SXM', 534, 'ISO 3166-2:SX', 'AMERICAS', 'LATIN AMERICA AND THE CARIBBEAN', 'CARIBBEAN', '019', '419', '029');
INSERT INTO REFDATA_COUNTRIES (COUNTRY_NAME, COUNTRY_CODE, ALPHA_3, COUNTRY_CODE_ID, ISO_3166_2, REGION, SUB_REGION, INTERMEDIATE_REGION, REGION_CODE, SUB_REGION_CODE, INTERMEDIATE_REGION_CODE) VALUES ('SLOVAKIA', 'SK', 'SVK', 703, 'ISO 3166-2:SK', 'EUROPE', 'EASTERN EUROPE', '', '150', '151', '');
INSERT INTO REFDATA_COUNTRIES (COUNTRY_NAME, COUNTRY_CODE, ALPHA_3, COUNTRY_CODE_ID, ISO_3166_2, REGION, SUB_REGION, INTERMEDIATE_REGION, REGION_CODE, SUB_REGION_CODE, INTERMEDIATE_REGION_CODE) VALUES ('SLOVENIA', 'SI', 'SVN', 705, 'ISO 3166-2:SI', 'EUROPE', 'SOUTHERN EUROPE', '', '150', '039', '');
INSERT INTO REFDATA_COUNTRIES (COUNTRY_NAME, COUNTRY_CODE, ALPHA_3, COUNTRY_CODE_ID, ISO_3166_2, REGION, SUB_REGION, INTERMEDIATE_REGION, REGION_CODE, SUB_REGION_CODE, INTERMEDIATE_REGION_CODE) VALUES ('SOLOMON ISLANDS', 'SB', 'SLB', 90, 'ISO 3166-2:SB', 'OCEANIA', 'MELANESIA', '', '009', '054', '');
INSERT INTO REFDATA_COUNTRIES (COUNTRY_NAME, COUNTRY_CODE, ALPHA_3, COUNTRY_CODE_ID, ISO_3166_2, REGION, SUB_REGION, INTERMEDIATE_REGION, REGION_CODE, SUB_REGION_CODE, INTERMEDIATE_REGION_CODE) VALUES ('SOMALIA', 'SO', 'SOM', 706, 'ISO 3166-2:SO', 'AFRICA', 'SUB-SAHARAN AFRICA', 'EASTERN AFRICA', '002', '202', '014');
INSERT INTO REFDATA_COUNTRIES (COUNTRY_NAME, COUNTRY_CODE, ALPHA_3, COUNTRY_CODE_ID, ISO_3166_2, REGION, SUB_REGION, INTERMEDIATE_REGION, REGION_CODE, SUB_REGION_CODE, INTERMEDIATE_REGION_CODE) VALUES ('SOUTH AFRICA', 'ZA', 'ZAF', 710, 'ISO 3166-2:ZA', 'AFRICA', 'SUB-SAHARAN AFRICA', 'SOUTHERN AFRICA', '002', '202', '018');
INSERT INTO REFDATA_COUNTRIES (COUNTRY_NAME, COUNTRY_CODE, ALPHA_3, COUNTRY_CODE_ID, ISO_3166_2, REGION, SUB_REGION, INTERMEDIATE_REGION, REGION_CODE, SUB_REGION_CODE, INTERMEDIATE_REGION_CODE) VALUES ('SOUTH GEORGIA AND THE SOUTH SANDWICH ISLANDS', 'GS', 'SGS', 239, 'ISO 3166-2:GS', 'AMERICAS', 'LATIN AMERICA AND THE CARIBBEAN', 'SOUTH AMERICA', '019', '419', '005');
INSERT INTO REFDATA_COUNTRIES (COUNTRY_NAME, COUNTRY_CODE, ALPHA_3, COUNTRY_CODE_ID, ISO_3166_2, REGION, SUB_REGION, INTERMEDIATE_REGION, REGION_CODE, SUB_REGION_CODE, INTERMEDIATE_REGION_CODE) VALUES ('SOUTH SUDAN', 'SS', 'SSD', 728, 'ISO 3166-2:SS', 'AFRICA', 'SUB-SAHARAN AFRICA', 'EASTERN AFRICA', '002', '202', '014');
INSERT INTO REFDATA_COUNTRIES (COUNTRY_NAME, COUNTRY_CODE, ALPHA_3, COUNTRY_CODE_ID, ISO_3166_2, REGION, SUB_REGION, INTERMEDIATE_REGION, REGION_CODE, SUB_REGION_CODE, INTERMEDIATE_REGION_CODE) VALUES ('SPAIN', 'ES', 'ESP', 724, 'ISO 3166-2:ES', 'EUROPE', 'SOUTHERN EUROPE', '', '150', '039', '');
INSERT INTO REFDATA_COUNTRIES (COUNTRY_NAME, COUNTRY_CODE, ALPHA_3, COUNTRY_CODE_ID, ISO_3166_2, REGION, SUB_REGION, INTERMEDIATE_REGION, REGION_CODE, SUB_REGION_CODE, INTERMEDIATE_REGION_CODE) VALUES ('SRI LANKA', 'LK', 'LKA', 144, 'ISO 3166-2:LK', 'ASIA', 'SOUTHERN ASIA', '', '142', '034', '');
INSERT INTO REFDATA_COUNTRIES (COUNTRY_NAME, COUNTRY_CODE, ALPHA_3, COUNTRY_CODE_ID, ISO_3166_2, REGION, SUB_REGION, INTERMEDIATE_REGION, REGION_CODE, SUB_REGION_CODE, INTERMEDIATE_REGION_CODE) VALUES ('SUDAN', 'SD', 'SDN', 729, 'ISO 3166-2:SD', 'AFRICA', 'NORTHERN AFRICA', '', '002', '015', '');
INSERT INTO REFDATA_COUNTRIES (COUNTRY_NAME, COUNTRY_CODE, ALPHA_3, COUNTRY_CODE_ID, ISO_3166_2, REGION, SUB_REGION, INTERMEDIATE_REGION, REGION_CODE, SUB_REGION_CODE, INTERMEDIATE_REGION_CODE) VALUES ('SURINAME', 'SR', 'SUR', 740, 'ISO 3166-2:SR', 'AMERICAS', 'LATIN AMERICA AND THE CARIBBEAN', 'SOUTH AMERICA', '019', '419', '005');
INSERT INTO REFDATA_COUNTRIES (COUNTRY_NAME, COUNTRY_CODE, ALPHA_3, COUNTRY_CODE_ID, ISO_3166_2, REGION, SUB_REGION, INTERMEDIATE_REGION, REGION_CODE, SUB_REGION_CODE, INTERMEDIATE_REGION_CODE) VALUES ('SVALBARD AND JAN MAYEN', 'SJ', 'SJM', 744, 'ISO 3166-2:SJ', 'EUROPE', 'NORTHERN EUROPE', '', '150', '154', '');
INSERT INTO REFDATA_COUNTRIES (COUNTRY_NAME, COUNTRY_CODE, ALPHA_3, COUNTRY_CODE_ID, ISO_3166_2, REGION, SUB_REGION, INTERMEDIATE_REGION, REGION_CODE, SUB_REGION_CODE, INTERMEDIATE_REGION_CODE) VALUES ('SWEDEN', 'SE', 'SWE', 752, 'ISO 3166-2:SE', 'EUROPE', 'NORTHERN EUROPE', '', '150', '154', '');
INSERT INTO REFDATA_COUNTRIES (COUNTRY_NAME, COUNTRY_CODE, ALPHA_3, COUNTRY_CODE_ID, ISO_3166_2, REGION, SUB_REGION, INTERMEDIATE_REGION, REGION_CODE, SUB_REGION_CODE, INTERMEDIATE_REGION_CODE) VALUES ('SWITZERLAND', 'CH', 'CHE', 756, 'ISO 3166-2:CH', 'EUROPE', 'WESTERN EUROPE', '', '150', '155', '');
INSERT INTO REFDATA_COUNTRIES (COUNTRY_NAME, COUNTRY_CODE, ALPHA_3, COUNTRY_CODE_ID, ISO_3166_2, REGION, SUB_REGION, INTERMEDIATE_REGION, REGION_CODE, SUB_REGION_CODE, INTERMEDIATE_REGION_CODE) VALUES ('SYRIAN ARAB REPUBLIC', 'SY', 'SYR', 760, 'ISO 3166-2:SY', 'ASIA', 'WESTERN ASIA', '', '142', '145', '');
INSERT INTO REFDATA_COUNTRIES (COUNTRY_NAME, COUNTRY_CODE, ALPHA_3, COUNTRY_CODE_ID, ISO_3166_2, REGION, SUB_REGION, INTERMEDIATE_REGION, REGION_CODE, SUB_REGION_CODE, INTERMEDIATE_REGION_CODE) VALUES ('TAIWAN, PROVINCE OF CHINA', 'TW', 'TWN', 158, 'ISO 3166-2:TW', null, null, null, null, null, null);
INSERT INTO REFDATA_COUNTRIES (COUNTRY_NAME, COUNTRY_CODE, ALPHA_3, COUNTRY_CODE_ID, ISO_3166_2, REGION, SUB_REGION, INTERMEDIATE_REGION, REGION_CODE, SUB_REGION_CODE, INTERMEDIATE_REGION_CODE) VALUES ('TAJIKISTAN', 'TJ', 'TJK', 762, 'ISO 3166-2:TJ', 'ASIA', 'CENTRAL ASIA', '', '142', '143', '');
INSERT INTO REFDATA_COUNTRIES (COUNTRY_NAME, COUNTRY_CODE, ALPHA_3, COUNTRY_CODE_ID, ISO_3166_2, REGION, SUB_REGION, INTERMEDIATE_REGION, REGION_CODE, SUB_REGION_CODE, INTERMEDIATE_REGION_CODE) VALUES ('TANZANIA, UNITED REPUBLIC OF', 'TZ', 'TZA', 834, 'ISO 3166-2:TZ', 'AFRICA', 'SUB-SAHARAN AFRICA', 'EASTERN AFRICA', '002', '202', '014');
INSERT INTO REFDATA_COUNTRIES (COUNTRY_NAME, COUNTRY_CODE, ALPHA_3, COUNTRY_CODE_ID, ISO_3166_2, REGION, SUB_REGION, INTERMEDIATE_REGION, REGION_CODE, SUB_REGION_CODE, INTERMEDIATE_REGION_CODE) VALUES ('THAILAND', 'TH', 'THA', 764, 'ISO 3166-2:TH', 'ASIA', 'SOUTH-EASTERN ASIA', '', '142', '035', '');
INSERT INTO REFDATA_COUNTRIES (COUNTRY_NAME, COUNTRY_CODE, ALPHA_3, COUNTRY_CODE_ID, ISO_3166_2, REGION, SUB_REGION, INTERMEDIATE_REGION, REGION_CODE, SUB_REGION_CODE, INTERMEDIATE_REGION_CODE) VALUES ('TIMOR-LESTE', 'TL', 'TLS', 626, 'ISO 3166-2:TL', 'ASIA', 'SOUTH-EASTERN ASIA', '', '142', '035', '');
INSERT INTO REFDATA_COUNTRIES (COUNTRY_NAME, COUNTRY_CODE, ALPHA_3, COUNTRY_CODE_ID, ISO_3166_2, REGION, SUB_REGION, INTERMEDIATE_REGION, REGION_CODE, SUB_REGION_CODE, INTERMEDIATE_REGION_CODE) VALUES ('TOGO', 'TG', 'TGO', 768, 'ISO 3166-2:TG', 'AFRICA', 'SUB-SAHARAN AFRICA', 'WESTERN AFRICA', '002', '202', '011');
INSERT INTO REFDATA_COUNTRIES (COUNTRY_NAME, COUNTRY_CODE, ALPHA_3, COUNTRY_CODE_ID, ISO_3166_2, REGION, SUB_REGION, INTERMEDIATE_REGION, REGION_CODE, SUB_REGION_CODE, INTERMEDIATE_REGION_CODE) VALUES ('TOKELAU', 'TK', 'TKL', 772, 'ISO 3166-2:TK', 'OCEANIA', 'POLYNESIA', '', '009', '061', '');
INSERT INTO REFDATA_COUNTRIES (COUNTRY_NAME, COUNTRY_CODE, ALPHA_3, COUNTRY_CODE_ID, ISO_3166_2, REGION, SUB_REGION, INTERMEDIATE_REGION, REGION_CODE, SUB_REGION_CODE, INTERMEDIATE_REGION_CODE) VALUES ('TONGA', 'TO', 'TON', 776, 'ISO 3166-2:TO', 'OCEANIA', 'POLYNESIA', '', '009', '061', '');
INSERT INTO REFDATA_COUNTRIES (COUNTRY_NAME, COUNTRY_CODE, ALPHA_3, COUNTRY_CODE_ID, ISO_3166_2, REGION, SUB_REGION, INTERMEDIATE_REGION, REGION_CODE, SUB_REGION_CODE, INTERMEDIATE_REGION_CODE) VALUES ('TRINIDAD AND TOBAGO', 'TT', 'TTO', 780, 'ISO 3166-2:TT', 'AMERICAS', 'LATIN AMERICA AND THE CARIBBEAN', 'CARIBBEAN', '019', '419', '029');
INSERT INTO REFDATA_COUNTRIES (COUNTRY_NAME, COUNTRY_CODE, ALPHA_3, COUNTRY_CODE_ID, ISO_3166_2, REGION, SUB_REGION, INTERMEDIATE_REGION, REGION_CODE, SUB_REGION_CODE, INTERMEDIATE_REGION_CODE) VALUES ('TUNISIA', 'TN', 'TUN', 788, 'ISO 3166-2:TN', 'AFRICA', 'NORTHERN AFRICA', '', '002', '015', '');
INSERT INTO REFDATA_COUNTRIES (COUNTRY_NAME, COUNTRY_CODE, ALPHA_3, COUNTRY_CODE_ID, ISO_3166_2, REGION, SUB_REGION, INTERMEDIATE_REGION, REGION_CODE, SUB_REGION_CODE, INTERMEDIATE_REGION_CODE) VALUES ('TüRKIYE', 'TR', 'TUR', 792, 'ISO 3166-2:TR', 'ASIA', 'WESTERN ASIA', '', '142', '145', '');
INSERT INTO REFDATA_COUNTRIES (COUNTRY_NAME, COUNTRY_CODE, ALPHA_3, COUNTRY_CODE_ID, ISO_3166_2, REGION, SUB_REGION, INTERMEDIATE_REGION, REGION_CODE, SUB_REGION_CODE, INTERMEDIATE_REGION_CODE) VALUES ('TURKMENISTAN', 'TM', 'TKM', 795, 'ISO 3166-2:TM', 'ASIA', 'CENTRAL ASIA', '', '142', '143', '');
INSERT INTO REFDATA_COUNTRIES (COUNTRY_NAME, COUNTRY_CODE, ALPHA_3, COUNTRY_CODE_ID, ISO_3166_2, REGION, SUB_REGION, INTERMEDIATE_REGION, REGION_CODE, SUB_REGION_CODE, INTERMEDIATE_REGION_CODE) VALUES ('TURKS AND CAICOS ISLANDS', 'TC', 'TCA', 796, 'ISO 3166-2:TC', 'AMERICAS', 'LATIN AMERICA AND THE CARIBBEAN', 'CARIBBEAN', '019', '419', '029');
INSERT INTO REFDATA_COUNTRIES (COUNTRY_NAME, COUNTRY_CODE, ALPHA_3, COUNTRY_CODE_ID, ISO_3166_2, REGION, SUB_REGION, INTERMEDIATE_REGION, REGION_CODE, SUB_REGION_CODE, INTERMEDIATE_REGION_CODE) VALUES ('TUVALU', 'TV', 'TUV', 798, 'ISO 3166-2:TV', 'OCEANIA', 'POLYNESIA', '', '009', '061', '');
INSERT INTO REFDATA_COUNTRIES (COUNTRY_NAME, COUNTRY_CODE, ALPHA_3, COUNTRY_CODE_ID, ISO_3166_2, REGION, SUB_REGION, INTERMEDIATE_REGION, REGION_CODE, SUB_REGION_CODE, INTERMEDIATE_REGION_CODE) VALUES ('UGANDA', 'UG', 'UGA', 800, 'ISO 3166-2:UG', 'AFRICA', 'SUB-SAHARAN AFRICA', 'EASTERN AFRICA', '002', '202', '014');
INSERT INTO REFDATA_COUNTRIES (COUNTRY_NAME, COUNTRY_CODE, ALPHA_3, COUNTRY_CODE_ID, ISO_3166_2, REGION, SUB_REGION, INTERMEDIATE_REGION, REGION_CODE, SUB_REGION_CODE, INTERMEDIATE_REGION_CODE) VALUES ('UKRAINE', 'UA', 'UKR', 804, 'ISO 3166-2:UA', 'EUROPE', 'EASTERN EUROPE', '', '150', '151', '');
INSERT INTO REFDATA_COUNTRIES (COUNTRY_NAME, COUNTRY_CODE, ALPHA_3, COUNTRY_CODE_ID, ISO_3166_2, REGION, SUB_REGION, INTERMEDIATE_REGION, REGION_CODE, SUB_REGION_CODE, INTERMEDIATE_REGION_CODE) VALUES ('UNITED ARAB EMIRATES', 'AE', 'ARE', 784, 'ISO 3166-2:AE', 'ASIA', 'WESTERN ASIA', '', '142', '145', '');
INSERT INTO REFDATA_COUNTRIES (COUNTRY_NAME, COUNTRY_CODE, ALPHA_3, COUNTRY_CODE_ID, ISO_3166_2, REGION, SUB_REGION, INTERMEDIATE_REGION, REGION_CODE, SUB_REGION_CODE, INTERMEDIATE_REGION_CODE) VALUES ('UNITED KINGDOM OF GREAT BRITAIN AND NORTHERN IRELAND', 'GB', 'GBR', 826, 'ISO 3166-2:GB', 'EUROPE', 'NORTHERN EUROPE', '', '150', '154', '');
INSERT INTO REFDATA_COUNTRIES (COUNTRY_NAME, COUNTRY_CODE, ALPHA_3, COUNTRY_CODE_ID, ISO_3166_2, REGION, SUB_REGION, INTERMEDIATE_REGION, REGION_CODE, SUB_REGION_CODE, INTERMEDIATE_REGION_CODE) VALUES ('UNITED STATES OF AMERICA', 'US', 'USA', 840, 'ISO 3166-2:US', 'AMERICAS', 'NORTHERN AMERICA', '', '019', '021', '');
INSERT INTO REFDATA_COUNTRIES (COUNTRY_NAME, COUNTRY_CODE, ALPHA_3, COUNTRY_CODE_ID, ISO_3166_2, REGION, SUB_REGION, INTERMEDIATE_REGION, REGION_CODE, SUB_REGION_CODE, INTERMEDIATE_REGION_CODE) VALUES ('UNITED STATES MINOR OUTLYING ISLANDS', 'UM', 'UMI', 581, 'ISO 3166-2:UM', 'OCEANIA', 'MICRONESIA', '', '009', '057', '');
INSERT INTO REFDATA_COUNTRIES (COUNTRY_NAME, COUNTRY_CODE, ALPHA_3, COUNTRY_CODE_ID, ISO_3166_2, REGION, SUB_REGION, INTERMEDIATE_REGION, REGION_CODE, SUB_REGION_CODE, INTERMEDIATE_REGION_CODE) VALUES ('URUGUAY', 'UY', 'URY', 858, 'ISO 3166-2:UY', 'AMERICAS', 'LATIN AMERICA AND THE CARIBBEAN', 'SOUTH AMERICA', '019', '419', '005');
INSERT INTO REFDATA_COUNTRIES (COUNTRY_NAME, COUNTRY_CODE, ALPHA_3, COUNTRY_CODE_ID, ISO_3166_2, REGION, SUB_REGION, INTERMEDIATE_REGION, REGION_CODE, SUB_REGION_CODE, INTERMEDIATE_REGION_CODE) VALUES ('UZBEKISTAN', 'UZ', 'UZB', 860, 'ISO 3166-2:UZ', 'ASIA', 'CENTRAL ASIA', '', '142', '143', '');
INSERT INTO REFDATA_COUNTRIES (COUNTRY_NAME, COUNTRY_CODE, ALPHA_3, COUNTRY_CODE_ID, ISO_3166_2, REGION, SUB_REGION, INTERMEDIATE_REGION, REGION_CODE, SUB_REGION_CODE, INTERMEDIATE_REGION_CODE) VALUES ('VANUATU', 'VU', 'VUT', 548, 'ISO 3166-2:VU', 'OCEANIA', 'MELANESIA', '', '009', '054', '');
INSERT INTO REFDATA_COUNTRIES (COUNTRY_NAME, COUNTRY_CODE, ALPHA_3, COUNTRY_CODE_ID, ISO_3166_2, REGION, SUB_REGION, INTERMEDIATE_REGION, REGION_CODE, SUB_REGION_CODE, INTERMEDIATE_REGION_CODE) VALUES ('VENEZUELA, BOLIVARIAN REPUBLIC OF', 'VE', 'VEN', 862, 'ISO 3166-2:VE', 'AMERICAS', 'LATIN AMERICA AND THE CARIBBEAN', 'SOUTH AMERICA', '019', '419', '005');
INSERT INTO REFDATA_COUNTRIES (COUNTRY_NAME, COUNTRY_CODE, ALPHA_3, COUNTRY_CODE_ID, ISO_3166_2, REGION, SUB_REGION, INTERMEDIATE_REGION, REGION_CODE, SUB_REGION_CODE, INTERMEDIATE_REGION_CODE) VALUES ('VIET NAM', 'VN', 'VNM', 704, 'ISO 3166-2:VN', 'ASIA', 'SOUTH-EASTERN ASIA', '', '142', '035', '');
INSERT INTO REFDATA_COUNTRIES (COUNTRY_NAME, COUNTRY_CODE, ALPHA_3, COUNTRY_CODE_ID, ISO_3166_2, REGION, SUB_REGION, INTERMEDIATE_REGION, REGION_CODE, SUB_REGION_CODE, INTERMEDIATE_REGION_CODE) VALUES ('VIRGIN ISLANDS (BRITISH)', 'VG', 'VGB', 92, 'ISO 3166-2:VG', 'AMERICAS', 'LATIN AMERICA AND THE CARIBBEAN', 'CARIBBEAN', '019', '419', '029');
INSERT INTO REFDATA_COUNTRIES (COUNTRY_NAME, COUNTRY_CODE, ALPHA_3, COUNTRY_CODE_ID, ISO_3166_2, REGION, SUB_REGION, INTERMEDIATE_REGION, REGION_CODE, SUB_REGION_CODE, INTERMEDIATE_REGION_CODE) VALUES ('VIRGIN ISLANDS (U.S.)', 'VI', 'VIR', 850, 'ISO 3166-2:VI', 'AMERICAS', 'LATIN AMERICA AND THE CARIBBEAN', 'CARIBBEAN', '019', '419', '029');
INSERT INTO REFDATA_COUNTRIES (COUNTRY_NAME, COUNTRY_CODE, ALPHA_3, COUNTRY_CODE_ID, ISO_3166_2, REGION, SUB_REGION, INTERMEDIATE_REGION, REGION_CODE, SUB_REGION_CODE, INTERMEDIATE_REGION_CODE) VALUES ('WALLIS AND FUTUNA', 'WF', 'WLF', 876, 'ISO 3166-2:WF', 'OCEANIA', 'POLYNESIA', '', '009', '061', '');
INSERT INTO REFDATA_COUNTRIES (COUNTRY_NAME, COUNTRY_CODE, ALPHA_3, COUNTRY_CODE_ID, ISO_3166_2, REGION, SUB_REGION, INTERMEDIATE_REGION, REGION_CODE, SUB_REGION_CODE, INTERMEDIATE_REGION_CODE) VALUES ('WESTERN SAHARA', 'EH', 'ESH', 732, 'ISO 3166-2:EH', 'AFRICA', 'NORTHERN AFRICA', '', '002', '015', '');
INSERT INTO REFDATA_COUNTRIES (COUNTRY_NAME, COUNTRY_CODE, ALPHA_3, COUNTRY_CODE_ID, ISO_3166_2, REGION, SUB_REGION, INTERMEDIATE_REGION, REGION_CODE, SUB_REGION_CODE, INTERMEDIATE_REGION_CODE) VALUES ('YEMEN', 'YE', 'YEM', 887, 'ISO 3166-2:YE', 'ASIA', 'WESTERN ASIA', '', '142', '145', '');
INSERT INTO REFDATA_COUNTRIES (COUNTRY_NAME, COUNTRY_CODE, ALPHA_3, COUNTRY_CODE_ID, ISO_3166_2, REGION, SUB_REGION, INTERMEDIATE_REGION, REGION_CODE, SUB_REGION_CODE, INTERMEDIATE_REGION_CODE) VALUES ('ZAMBIA', 'ZM', 'ZMB', 894, 'ISO 3166-2:ZM', 'AFRICA', 'SUB-SAHARAN AFRICA', 'EASTERN AFRICA', '002', '202', '014');
INSERT INTO REFDATA_COUNTRIES (COUNTRY_NAME, COUNTRY_CODE, ALPHA_3, COUNTRY_CODE_ID, ISO_3166_2, REGION, SUB_REGION, INTERMEDIATE_REGION, REGION_CODE, SUB_REGION_CODE, INTERMEDIATE_REGION_CODE) VALUES ('ZIMBABWE', 'ZW', 'ZWE', 716, 'ISO 3166-2:ZW', 'AFRICA', 'SUB-SAHARAN AFRICA', 'EASTERN AFRICA', '002', '202', '014');


INSERT INTO refdata_applications (app_guid, application_customcode, application_desc, vendor_id, industry_oid)
VALUES ('16a17a48-d09b-11ea-9579-bba61161b25a  ', 'SDP', 'Synthetic Data Platform',
        'd04ac95d-b26e-401f-a740-f19ce3d486f0  ', NULL),
        ('a7d17ac2-fcb7-11eb-a889-168500abc6d9  ', 'UNDF', 'Undefined App', 'f5c07f58-b6d6-42fc-a3c5-f7383ea732bc  ',
         NULL),
        ('639ea3bc-d72a-11ea-b0b4-aa403f7fbe39  ', 'MedHost', 'MedHost', 'f5c07f58-b6d6-42fc-a3c5-f7383ea732bc  ',
         '2.16.840.1.113883.3.530'),
        ('639de2e2-d72a-11ea-b0b4-aa403f7fbe39  ', 'EpicHC', 'Epic', 'f5c07f58-b6d6-42fc-a3c5-f7383ea732bc  ',
         '1.2.840.1.114350'),
        ('639f6784-d72a-11ea-b0b4-aa403f7fbe39  ', 'Greenway', 'Greenway Healthcare',
         'f5c07f58-b6d6-42fc-a3c5-f7383ea732bc  ', '2.16.840.1.113883.3.7858'),
        ('63a032c2-d72a-11ea-b0b4-aa403f7fbe39  ', 'eCW', 'E Clinical Works', 'f5c07f58-b6d6-42fc-a3c5-f7383ea732bc  ',
         '2.16.840.1.113883.3.3590'),
        ('63a0f63a-d72a-11ea-b0b4-aa403f7fbe39  ', 'Meditech', 'Meditech', 'f5c07f58-b6d6-42fc-a3c5-f7383ea732bc  ',
         '2.16.840.1.113883.3.6128'),
        ('63a26754-d72a-11ea-b0b4-aa403f7fbe39  ', 'GE', 'General Electric - Healthcare',
         'f5c07f58-b6d6-42fc-a3c5-f7383ea732bc  ', '1.2.392.200036.9111.370'),
        ('63a1b624-d72a-11ea-b0b4-aa403f7fbe39  ', 'Cerner', 'Cerner', 'f5c07f58-b6d6-42fc-a3c5-f7383ea732bc  ',
         '2.16.840.1.113883.3.13'),
        ('39cdbfb3-3456-488c-83d7-68763a14ea3d  ', 'AllScripts', 'AllScripts', 'f5c07f58-b6d6-42fc-a3c5-f7383ea732bc  ',
         '2.16.840.1.113883.4.928'),
        ('c73ab2ba-2231-499a-95cb-f550dffe1565  ', 'Mckesson', 'McKesson', 'f5c07f58-b6d6-42fc-a3c5-f7383ea732bc  ',
         '2.16.840.1.113883.3.1070'),
        ('1a5b921d-7204-4f06-a0b0-c038c3f0bf27  ', 'Nuance', 'Nuance', 'f5c07f58-b6d6-42fc-a3c5-f7383ea732bc  ',
         '2.16.840.1.113883.3.423'),
        ('f58a0395-ae2b-48cc-af23-b4b8c80b8658  ', 'NextGen', 'NextGen Healthcare',
         'f5c07f58-b6d6-42fc-a3c5-f7383ea732bc  ', '2.16.840.1.113883.3.109'),
        ('018fde99-d617-449d-8e28-a70b383337db  ', 'Philips', 'Philips Healthcare',
         'f5c07f58-b6d6-42fc-a3c5-f7383ea732bc  ', '2.16.840.1.113883.3.326'),
        ('d175be0a-c1ce-477c-91e9-bc14886f35ba  ', 'SalesForce', 'SalesForce', 'f5c07f58-b6d6-42fc-a3c5-f7383ea732bc  ',
         NULL),
        ('18e938bd-c617-48d0-9bdc-40a668c9c7d5  ', 'Infor', 'Infor', 'f5c07f58-b6d6-42fc-a3c5-f7383ea732bc  ', NULL),
        ('821becaa-417c-402f-8de6-d3185f0cc8da  ', 'Stripe', 'Stripe', 'f5c07f58-b6d6-42fc-a3c5-f7383ea732bc  ', NULL),
        ('4cbc2657-3c61-4f89-a21e-b7343c17f059  ', 'SAP', 'SAP', 'f5c07f58-b6d6-42fc-a3c5-f7383ea732bc  ', NULL),
        ('a964bfa3-2358-4644-9185-471063f74bb6  ', 'Monday', 'Monday', 'f5c07f58-b6d6-42fc-a3c5-f7383ea732bc  ', NULL),
        ('830d5a89-ef0e-4d62-9794-c311c87cb571  ', 'Workday', 'Workday', 'f5c07f58-b6d6-42fc-a3c5-f7383ea732bc  ',
         NULL),
        ('5dcac5b7-ef29-4cb7-bbc8-63c4b4b7a59a  ', 'ADP', 'ADP', 'f5c07f58-b6d6-42fc-a3c5-f7383ea732bc  ', NULL);

INSERT INTO refdata_devicetypes (devicetype_id, devicetype)
VALUES ('bdaad054-fbb8-43a7-bd46-f3b5510f0eed  ', 'Watch'),
       ('d7884dee-4ec6-460a-b834-f1cabdb36d0c  ', 'Phone'),
       ('218201bb-ca35-4552-b7e3-499ca7818de6  ', 'Blood Pressure Cuff'),
       ('98bcfbc4-6c69-4ba8-b5b4-9bbca923f26b  ', 'Medical Bed'),
       ('d583c75a-7b01-4399-a67d-004ba4a60931  ', 'Glucometer'),
       ('1ca50c4c-19b6-4412-af82-fbaa0690f8b9  ', 'CPAP'),
       ('7c34eb0d-7c47-451e-9aae-f665611da221  ', 'Pulse Ox');

INSERT INTO refdata_industries (industry_id, industry_name)
VALUES ('f4aff948-c669-4174-8770-538a5e66bbaf  ', 'Healthcare'),
       ('b6ca8e0c-a4c1-4088-b018-f49237f4e079  ', 'Manufacturing'),
       ('cf0af9b7-32ec-4a89-bca9-82fa773137f1  ', 'Telco'),
       ('b46504d7-5b2a-474f-b0ee-8ee5feb42593  ', 'Automotive'),
       ('95c85483-7631-4f06-99cb-da9e7f7b47fd  ', 'Financial'),
       ('1eb9dcd1-1f31-4e89-9b5a-a4ff6055dab7  ', 'General'),
       ('6ebb59f6-6eb1-4c6b-aad6-6b2531691f09  ', 'Undefined');

INSERT INTO refdata_industries_business (industrytobusiness_id, industry_id, business_area)
VALUES ('c288ac6b-ba4e-4c18-bc93-4375a00bb1ed  ', 'f4aff948-c669-4174-8770-538a5e66bbaf  ', 'Clinical Care'),
       ('7644d244-fab3-41a9-8116-39703346b393  ', 'f4aff948-c669-4174-8770-538a5e66bbaf  ', 'Claims'),
       ('acee6fb3-bfc8-4101-b0be-c1eac13da415  ', 'f4aff948-c669-4174-8770-538a5e66bbaf  ', 'Emergency Care'),
       ('9b494a41-07ea-4b28-b743-4cdec6ea07f4  ', 'f4aff948-c669-4174-8770-538a5e66bbaf  ', 'Surgeries');

INSERT INTO refdata_legalentities (legalentity_guid, location_name, address, city, state_id, zipcode, location_url,
                                   location_phone)
VALUES ('7ae3b73b-05d4-11ec-a889-168500abc6d9  ', 'Sample Company', NULL, NULL, 'TN', NULL, NULL, NULL);

INSERT INTO refdata_operationtypes (operationtype_id, operationtype_name)
VALUES ('!=', 'Not Equal To'),
       ('<', 'Less Than'),
       ('<=', 'Less Than or Equal To'),
       ('>', 'Greater Than'),
       ('>=', 'Greater Than or Equal To'),
       ('CONTAIN', 'Contains'),
       ('STARTS', 'Starts with'),
       ('MIN', 'Minimum Value'),
       ('MAX', 'Maximum Value'),
       ('MEDIAN', 'Median Value'),
       ('MAXLNGT', 'Maximum Length'),
       ('MINLNGT', 'Minimum Length');

INSERT INTO refdata_organizations (organization_guid, organization_internal_code, organization_internal_id,
                                   organization_name, address, city, state_id, zipcode, legalentity_guid)
VALUES ('05e10cec-d72a-11ea-b0b4-aa403f7fbe39  ', 'DEMO', 'DEMO', 'Demonstration - Organization', '101 Healthcare Way',
        'Franklin', 'TN', '37067', '7ae3b73b-05d4-11ec-a889-168500abc6d9 '),
       ('05e9c6f2-d72a-11ea-b0b4-aa403f7fbe39  ', 'TestOrg.', 'TORG', 'Test Organization', '1 Emergency Room Rd',
        'Spring Hill', 'TN', '37074', NULL),
       ('daf0ace4-d09a-11ea-9579-bba61161b25a  ', 'UNDF', 'UNDF', 'Undefined Organization Name', NULL, NULL, NULL, NULL,
        NULL);

INSERT INTO refdata_terminologystds (terminology_std, terminologystd_version, terminologystd_desc)
VALUES ('MEDCIN', '2021AA', 'MEDCIN'),
       ('AIR', '1995AA', 'AI/RHEUM'),
       ('ALT', '2009AA', 'Alternative Billing Concepts'),
       ('AOD', '2002AC', 'Alcohol and Other Drug Thesaurus'),
       ('AOT', '2006AD', 'Authorized Osteopathic Thesaurus'),
       ('ATC', '2021AA', 'Anatomical Therapeutic Chemical Classification System'),
       ('BI', '1999AA', 'Beth Israel Problem List'),
       ('CCC', '2018AA', 'Clinical Care Classification'),
       ('CCPSS', '2000AA', 'Clinical Problem Statements'),
       ('CCS', '2005AC', 'Clinical Classifications Software'),
       ('CCSR_ICD10CM', '2021AA', 'Clinical Classifications Software Refined for ICD-10-CM'),
       ('CCSR_ICD10PCS', '2021AA', 'Clinical Classifications Software Refined for ICD-10-PCS'),
       ('CDT', '2020AB', 'CDT'),
       ('CHV', '2012AA', 'Consumer Health Vocabulary'),
       ('COSTAR', '2002AD', 'COSTAR'),
       ('CPM', '2003AC', 'Medical Entities Dictionary'),
       ('CPT', '2021AA', 'CPT - Current Procedural Terminology'),
       ('CPTSP', '2001AC', 'CPT Spanish'),
       ('CSP', '2006AB', 'CRISP Thesaurus'),
       ('CST', '1999AA', 'COSTART'),
       ('CVX', '2021AA', 'Vaccines Administered'),
       ('DDB', '2001AA', 'Diseases Database'),
       ('DMDICD10', '1997AA', 'ICD-10 German'),
       ('DMDUMD', '1999AA', 'UMDNS German'),
       ('DRUGBANK', '2021AA', 'DrugBank'),
       ('DSM-5', '2016AB', 'Diagnostic and Statistical Manual of Mental Disorders, Fifth Edition'),
       ('DXP', '1995AA', 'DXplain'),
       ('FMA', '2019AB', 'Foundational Model of Anatomy'),
       ('GO', '2020AB', 'Gene Ontology'),
       ('GS', '2021AA', 'Gold Standard Drug Database'),
       ('HCDT', '2021AA', 'CDT in HCPCS'),
       ('HCPCS', '2021AA', 'HCPCS - Healthcare Common Procedure Coding System'),
       ('HCPT', '2021AA', 'CPT in HCPCS'),
       ('HGNC', '2020AB', 'HUGO Gene Nomenclature Committee'),
       ('HL7V2.5', '2005AC', 'HL7 Version 2.5'),
       ('HL7V3.0', '2021AA', 'HL7 Version 3.0'),
       ('HLREL', '2001AA', 'ICPC2E ICD10 Relationships'),
       ('HPO', '2021AA', 'Human Phenotype Ontology'),
       ('ICD10AE', '1998AA', 'ICD-10, American English Equivalents'),
       ('ICD10AM', '2000AB', 'ICD-10, Australian Modification'),
       ('ICD10AMAE', '2002AD', 'ICD-10, Australian Modification, Americanized English Equivalents'),
       ('ICD10DUT', '2004AB', 'ICD10, Dutch Translation'),
       ('ICD10PCS', '2020AB', 'ICD-10 Procedure Coding System'),
       ('ICF', '2009AA', 'International Classification of Functioning, Disability and Health'),
       ('ICNP', '2019AB', 'International Classification for Nursing Practice'),
       ('ICPC', '1998AA', 'International Classification of Primary Care'),
       ('ICPC2EDUT', '2004AB', 'ICPC2E Dutch'),
       ('ICPC2EENG', '2004AB', 'International Classification of Primary Care, 2nd Edition, Electronic'),
       ('ICPC2ICD10DUT', '2005AB', 'ICPC2-ICD10 Thesaurus, Dutch Translation'),
       ('ICPC2ICD10ENG', '2005AB', 'ICPC2-ICD10 Thesaurus'),
       ('ICPC2P', '2006AB', 'ICPC-2 PLUS'),
       ('ICPCBAQ', '2000AA', 'ICPC Basque'),
       ('ICPCDAN', '1999AA', 'ICPC Danish'),
       ('ICPCDUT', '1999AA', 'ICPC Dutch'),
       ('ICPCFIN', '1999AA', 'ICPC Finnish'),
       ('ICPCFRE', '2000AA', 'ICPC French'),
       ('ICPCGER', '2000AA', 'ICPC German'),
       ('ICPCHEB', '2000AA', 'ICPC Hebrew'),
       ('ICPCHUN', '1999AA', 'ICPC Hungarian'),
       ('ICPCITA', '1999AA', 'ICPC Italian'),
       ('ICPCNOR', '1999AA', 'ICPC Norwegian'),
       ('ICPCPOR', '1999AA', 'ICPC Portuguese'),
       ('ICPCSPA', '2000AA', 'ICPC Spanish'),
       ('ICPCSWE', '2000AA', 'ICPC Swedish'),
       ('JABL', '2000AA', 'Congenital Mental Retardation Syndromes'),
       ('KCD5', '2009AA', 'Korean Standard Classification of Disease Version 5'),
       ('LCH', '1992AA', 'Library of Congress Subject Headings'),
       ('LCH_NW', '2014AB', 'Library of Congress Subject Headings, Northwestern University subset'),
       ('LNC', '2021AA', 'LOINC'),
       ('LNC-DE-AT', '2021AA', 'LOINC Linguistic Variant - German, Austria'),
       ('LNC-DE-DE', '2021AA', 'LOINC Linguistic Variant - German, Germany'),
       ('LNC-EL-GR', '2021AA', 'LOINC Linguistic Variant - Greek, Greece'),
       ('LNC-ES-AR', '2021AA', 'LOINC Linguistic Variant - Spanish, Argentina'),
       ('LNC-ES-ES', '2021AA', 'LOINC Linguistic Variant - Spanish, Spain'),
       ('LNC-ET-EE', '2021AA', 'LOINC Linguistic Variant - Estonian, Estonia'),
       ('LNC-FR-BE', '2021AA', 'LOINC Linguistic Variant - French, Belgium'),
       ('LNC-FR-CA', '2021AA', 'LOINC Linguistic Variant - French, Canada'),
       ('LNC-FR-FR', '2021AA', 'LOINC Linguistic Variant - French, France'),
       ('LNC-IT-IT', '2021AA', 'LOINC Linguistic Variant - Italian, Italy'),
       ('LNC-KO-KR', '2021AA', 'LOINC Linguistic Variant - Korea, Korean'),
       ('LNC-NL-NL', '2021AA', 'LOINC Linguistic Variant - Dutch, Netherlands'),
       ('LNC-PT-BR', '2021AA', 'LOINC Linguistic Variant - Portuguese, Brazil'),
       ('LNC-RU-RU', '2021AA', 'LOINC Linguistic Variant - Russian, Russia'),
       ('LNC-TR-TR', '2021AA', 'LOINC Linguistic Variant - Turkish, Turkey'),
       ('LNC-ZH-CN', '2021AA', 'LOINC Linguistic Variant - Chinese, China'),
       ('MCM', '1992AA', 'Glossary of Clinical Epidemiologic Terms'),
       ('MDR', '2021AA', 'MedDRA'),
       ('MDRBPO', '2021AA', 'MedDRA Brazilian Portuguese'),
       ('MDRCZE', '2021AA', 'MedDRA Czech'),
       ('MDRDUT', '2021AA', 'MedDRA Dutch'),
       ('MDRFRE', '2021AA', 'MedDRA French'),
       ('MDRGER', '2021AA', 'MedDRA German'),
       ('MDRHUN', '2021AA', 'MedDRA Hungarian'),
       ('MDRITA', '2021AA', 'MedDRA Italian'),
       ('MDRJPN', '2021AA', 'MedDRA Japanese'),
       ('MDRKOR', '2021AA', 'MedDRA Korean'),
       ('MDRPOR', '2021AA', 'MedDRA Portuguese'),
       ('MDRRUS', '2021AA', 'MedDRA Russian'),
       ('MDRSPA', '2021AA', 'MedDRA Spanish'),
       ('MED-RT', '2021AA', 'Medication Reference Terminology'),
       ('MEDLINEPLUS', '2021AA', 'MedlinePlus Health Topics'),
       ('MEDLINEPLUS_SPA', '2021AA', 'MEDLINEPLUS Spanish'),
       ('MMSL', '2021AA', 'Multum'),
       ('MMX', '2021AA', 'Micromedex'),
       ('MSH', '2021AA', 'MeSH'),
       ('MSHCZE', '2021AA', 'MeSH Czech'),
       ('MSHDUT', '2005AB', 'MeSH Dutch'),
       ('MSHFIN', '2008AA', 'MeSH Finnish'),
       ('MSHFRE', '2021AA', 'MeSH French'),
       ('MSHGER', '2019AA', 'MeSH German'),
       ('MSHITA', '2019AA', 'MeSH Italian'),
       ('MSHJPN', '2015AB', 'MeSH Japanese'),
       ('MSHLAV', '2012AA', 'MeSH Latvian'),
       ('MSHNOR', '2019AA', 'MeSH Norwegian'),
       ('MSHPOL', '2021AA', 'MeSH Polish'),
       ('MSHPOR', '2020AA', 'MeSH Portuguese'),
       ('MSHRUS', '2021AA', 'MeSH Russian'),
       ('MSHSCR', '2019AA', 'MeSH Croatian'),
       ('MSHSPA', '2020AA', 'MeSH Spanish'),
       ('MSHSWE', '2020AA', 'MeSH Swedish'),
       ('MTH', '1990AA', 'Metathesaurus Names'),
       ('MTHCMSFRF', '2021AA', 'Metathesaurus CMS Formulary Reference File'),
       ('MTHICD9', '2015AA', 'ICD-9-CM Entry Terms'),
       ('MTHICPC2EAE', '2004AB', 'ICPC2E American English Equivalents'),
       ('MTHICPC2ICD10AE', '2005AB', 'ICPC2E-ICD10 Thesaurus, American English Equivalents'),
       ('MTHMST', '2002AA', 'Minimal Standard Terminology (UMLS)'),
       ('MTHMSTFRE', '2002AA', 'Minimal Standard Terminology French (UMLS)'),
       ('MTHMSTITA', '2002AA', 'Minimal Standard Terminology Italian (UMLS)'),
       ('MTHSPL', '2021AA', 'FDA Structured Product Labels'),
       ('MVX', '2021AA', 'Manufacturers of Vaccines'),
       ('NANDA-I', '2018AA', 'NANDA-I Taxonomy'),
       ('NCBI', '2020AB', 'NCBI Taxonomy'),
       ('NCI', '2021AA', 'NCI Thesaurus'),
       ('NCI_BioC', '2021AA', 'BioCarta online maps of molecular pathways, adapted for NCI use'),
       ('NCI_BRIDG', '2021AA', 'Biomedical Research Integrated Domain Group Model Subset'),
       ('NCI_BRIDG_3_0_3', '2021AA', 'Biomedical Research Integrated Domain Group Model, 3.0.3'),
       ('NCI_BRIDG_5_3', '2021AA', 'Biomedical Research Integrated Domain Group Model, 5.3'),
       ('NCI_caDSR', '2021AA', 'Cancer Data Standards Registry and Repository'),
       ('NCI_CareLex', '2021AA', 'Content Archive Resource Exchange Lexicon'),
       ('NCI_CBDD', '2021AA', 'Chemical Biology and Drug Development Vocabulary'),
       ('NCI_CDC', '2021AA', 'U.S. Centers for Disease Control and Prevention Terms'),
       ('NCI_CDISC', '2021AA', 'CDISC Terminology'),
       ('NCI_CDISC-GLOSS', '2021AA', 'CDISC Glossary Terminology'),
       ('NCI_CELLOSAURUS', '2021AA', 'Cellosaurus'),
       ('NCI_CRCH', '2021AA', 'Cancer Research Center of Hawaii Nutrition Terminology'),
       ('NCI_CTCAE', '2021AA', 'Common Terminology Criteria for Adverse Events 4.3 Subset'),
       ('NCI_CTCAE_3', '2021AA', 'Common Terminology Criteria for Adverse Events 3.0'),
       ('NCI_CTCAE_5', '2021AA', 'Common Terminology Criteria for Adverse Events 5.0'),
       ('NCI_CTDC', '2021AA', 'Clinical Trial Data Commons'),
       ('NCI_CTEP-SDC', '2021AA', 'Cancer Therapy Evaluation Program - Simple Disease Classification'),
       ('NCI_CTRP', '2021AA', 'Clinical Trials Reporting Program Terms'),
       ('NCI_DCP', '2021AA', 'NCI Division of Cancer Prevention Program Terms'),
       ('NCI_DICOM', '2021AA', 'Digital Imaging Communications in Medicine Terms'),
       ('NCI_DTP', '2021AA', 'NCI Developmental Therapeutics Program'),
       ('NCI_EDQM-HC', '2021AA', 'European Directorate for the Quality of Medicines & Healthcare Terms'),
       ('NCI_FDA', '2021AA', 'FDA Terminology'),
       ('NCI_GAIA', '2021AA', 'Global Alignment of Immunization Safety Assessment in Pregnancy Terms'),
       ('NCI_GDC', '2021AA', 'NCI Genomic Data Commons Terms'),
       ('NCI_GENC', '2021AA', 'Geopolitical Entities, Names, and Codes (GENC) Standard Edition 1'),
       ('NCI_ICDC', '2021AA', 'NCI Integrated Canine Data Commons Terms'),
       ('NCI_ICH', '2021AA', 'International Conference on Harmonization Terms'),
       ('NCI_INC', '2021AA', 'International Neonatal Consortium'),
       ('NCI_JAX', '2021AA', 'Jackson Laboratories Mouse Terminology, adapted for NCI use'),
       ('NCI_KEGG', '2021AA', 'KEGG Pathway Database Terms'),
       ('NCI_NCI-GLOSS', '2021AA', 'NCI Dictionary of Cancer Terms'),
       ('NCI_NCI-HGNC', '2021AA', 'NCI HUGO Gene Nomenclature'),
       ('NCI_NCI-HL7', '2021AA', 'NCI Health Level 7'),
       ('NCI_NCPDP', '2021AA', 'NCPDP Terminology'),
       ('NCI_NICHD', '2021AA', 'NICHD Terminology'),
       ('NCI_PCDC', '2021AA', 'Pediatric Cancer Data Commons'),
       ('NCI_PI-RADS', '2021AA', 'Prostate Imaging Reporting and Data System Terms'),
       ('NCI_PID', '2021AA', 'National Cancer Institute Nature Pathway Interaction Database Terms'),
       ('NCI_RENI', '2021AA', 'Registry Nomenclature Information System'),
       ('NCI_UCUM', '2021AA', 'Unified Code for Units of Measure'),
       ('NCI_ZFin', '2021AA', 'Zebrafish Model Organism Database Terms'),
       ('NCISEER', '2002AD', 'NCI SEER ICD Mappings'),
       ('NDDF', '2021AA', 'FDB MedKnowledge'),
       ('NEU', '2020AB', 'Neuronames Brain Hierarchy'),
       ('NIC', '2018AB', 'Nursing Interventions Classification'),
       ('NOC', '2018AB', 'Nursing Outcomes Classification'),
       ('NUCCHCPT', '2021AA', 'National Uniform Claim Committee - Health Care Provider Taxonomy'),
       ('OMIM', '2021AA', 'Online Mendelian Inheritance in Man'),
       ('OMS', '2007AC', 'Omaha System'),
       ('PCDS', '1999AA', 'Patient Care Data Set'),
       ('PDQ', '2019AA', 'Physician Data Query'),
       ('PNDS', '2018AB', 'Perioperative Nursing Data Set'),
       ('PPAC', '1999AA', 'Pharmacy Practice Activity Classification'),
       ('PSY', '2005AB', 'Psychological Index Terms'),
       ('QMR', '1998AA', 'Quick Medical Reference'),
       ('RAM', '2000AA', 'Clinical Concepts by R A Miller'),
       ('RCD', '2000AA', 'Read Codes'),
       ('RCDAE', '2000AA', 'Read Codes Am Engl'),
       ('RCDSA', '2000AA', 'Read Codes Am Synth'),
       ('RCDSY', '2000AA', 'Read Codes Synth'),
       ('RXNORM', '2021AA', 'RXNORM'),
       ('SCTSPA', '2021AA', 'SNOMED CT Spanish Edition'),
       ('SNM', '1991AA', 'SNOMED 1982'),
       ('SNMI', '1999AA', 'SNOMED Intl 1998'),
       ('SNOMEDCT_US', '2021AA', 'SNOMED CT, US Edition'),
       ('SNOMEDCT_VET', '2021AA', 'SNOMED CT, Veterinary Extension'),
       ('SOP', '2021AA', 'Source of Payment Typology'),
       ('SPN', '2004AA', 'Standard Product Nomenclature'),
       ('SRC', '1995AA', 'Source Terminology Names (UMLS)'),
       ('TKMT', '2011AB', 'Traditional Korean Medical Terms'),
       ('ULT', '1995AA', 'UltraSTAR'),
       ('UMD', '2021AA', 'UMDNS'),
       ('USP', '2021AA', 'USP Compendial Nomenclature'),
       ('USPMG', '2020AA', 'USP Model Guidelines'),
       ('UWDA', '2003AC', 'Digital Anatomist'),
       ('VANDF', '2021AA', 'National Drug File'),
       ('WHO', '1999AA', 'WHOART'),
       ('WHOFRE', '1999AA', 'WHOART French'),
       ('WHOGER', '1999AA', 'WHOART German'),
       ('WHOPOR', '1999AA', 'WHOART Portuguese'),
       ('WHOSPA', '1999AA', 'WHOART Spanish');

INSERT INTO refdata_dataattributes (dataattribute_id, dataattribute_name, sensitivityflag_id, attribute_type)
VALUES ('0aab5e78-5a12-462c-9226-606a2f8482bf  ', 'Names - Last', 'PII', 'Upsert'),
       ('9315b38d-bac2-44b4-b661-65b785b01b3d  ', 'Area Code', 'PII', 'As-Is'),
       ('e4e1fcff-bea2-4db9-b328-9082e55c7cac  ', 'Address', 'PII', 'Generator'),
       ('ebebd1ea-fa92-448d-af96-7cdbcd578c32  ', 'ZipCode US - Includes City & State', 'PII', 'As-Is'),
       ('aba87b6a-5f5a-4d09-ba2a-c6cfff4bd23a  ', 'Phone Number - US', 'PII', 'Generator'),
       ('a0b7c079-3cd6-4447-97ed-4419652145d3  ', 'Credit Cards', 'PII', 'Generator'),
       ('49024eab-ae0d-4889-b0d2-27014c0ac190  ', 'Bank Accounts', 'UNDF', 'Generator'),
       ('92f9ab0b-ea1f-4b47-b646-8f038a29c42b  ', 'Date of Birth', 'PII', 'Generator'),
       ('a3d3a4ae-efbe-42ff-b7d4-faea95acd451  ', 'Drivers License Number', 'UNDF', 'Generator'),
       ('8009f1fc-41d0-4a46-9969-809d7dc5b3cf  ', 'Social Security Number', 'PII', 'Generator'),
       ('de9a0011-040b-4a00-be51-c7addad0607c  ', 'UPC Codes', 'UNDF', 'As-Is'),
       ('8b215071-3047-476f-b22a-7051eb7207fa  ', 'Company Names', 'UNDF', 'As-Is'),
       ('4a905b02-97e2-4909-ba9a-551e97587d6d  ', 'Employer Identification Numbers (EIN)', 'UNDF', 'As-Is'),
       ('fdeb2e11-c8c8-41f5-aa57-5e5807664a0d  ', 'Account Numbers', 'PII', 'Generator'),
       ('820c0ed7-7e04-41b7-b87e-906f4f926630  ', 'User Identities', 'PII', 'Generator'),
       ('e4c3cb42-ff0d-4692-b9e3-5976b229be39  ', 'Bank Routing', 'PII', 'As-Is'),
       ('9b0cb799-43dd-4d5b-8b64-2cd9773669de  ', 'Phone Number - International', 'PII', 'Generator'),
       ('be342772-cf13-4e64-8516-1fff67b62c82  ', 'Area Code Intl - IDD', 'PII', 'As-Is'),
       ('10bf5e78-d4ae-41c0-8bb5-ece67d8726b4  ', 'ZipCode Intl ', 'PII', 'As-Is'),
       ('cbf2f975-a62f-4f8c-8031-b54a01d2e153  ', 'Names - First', 'PII', 'Upsert'),
       ('0d4c7916-baba-4252-a04d-a5895c858ce4  ', 'Serial Numbers', 'UNDF', 'Generator'),
       ('5d02045d-fec6-49b8-b9ea-8d3e5681803d  ', 'Regular Expression Based Data', 'PII', 'Generator'),
       ('28f5d683-6884-45cd-a96b-eaae559e292a  ', 'Professions', 'PII', 'As-Is'),
       ('60f0e0c9-8f15-44bb-bc93-3c31e425ea56  ', 'Devices', 'PII', 'Generator');

INSERT INTO refdata_datastructures (datastructure_id, datastructure_name, sensitivityflag_id)
VALUES ('a4b4242c-0b2c-46ac-bfca-8d2932cca6d3  ', 'Person Demographics', 'PHI'),
       ('c0d1c58b-3a37-4688-b069-02b63aab38d3  ', 'Bank Account', 'PHI'),
       ('a2ae523e-61c5-43af-8039-e20c06d1d1f3  ', 'US Phone Number', 'PII'),
       ('7cc960c5-ce96-4d1f-a42a-8a13784a30a9  ', 'Complete Name', 'PII'),
       ('036793fb-7038-452c-8aca-e77f341faaea  ', 'US Address', 'PII');

INSERT INTO datamodel_domains (domainname, domaininformation)
VALUES ('refdata', 'Reference Tables that provided support for the platform'),
       ('datatier', 'DataTiers are key tables that provide specific main platform capabilities'),
       ('platform', 'Platform data used globally within the platform'),
       ('datamodel', 'Database platform defintiions - tables, domains');

INSERT INTO datamodel_datatables (tablename, tableinformation, datadomain)
VALUES ('datatier_sdp_datastructures', 'Data Built from Platform Defined Data Structures', 'datatier'),
       ('datatier_sdp_dataattributes',
        'Data used by the platform that can help process user requests for synthetic data needs', 'datatier'),
       ('datatier_crawlers', 'Data crawler data persisted in the platform', 'datatier'),
       ('datatier_tokens', 'Data tokens built by the platform', 'datatier'),
       ('datamodel_datatables', 'This table for data model details and explanations', 'datamodel'),
       ('datamodel_domains', 'Reference for all domains within the database x_', 'datamodel'),
       ('datamodel_apis', 'API details for the platform', 'datamodel'),
       ('platform_codesets', 'Reference data from applications. Associations to refdata_codesets is needed.',
        'platform'),
       ('platform_codesets_industrystd', 'These specifically represent loaded data from UMLS using MRCONSO.RRF files.',
        'platform'),
       ('platform_codesets_xmaps',
        'Terminologies that are mapped from a source system to a target system with all supporting details.',
        'platform'),
       ('platform_databuilding_dataattributes',
        'Specific data builders that can be run. These are specific to data attributes available in the platform',
        'platform'),
       ('platform_databuilding_datastructures',
        'Specific data builders that can be run. These are specific to the data structures available in the platform.',
        'platform'),
       ('platform_datasources', 'Data Sources available to be used to connect to systems throughout the platform.',
        'platform'),
       ('platform_tokens_xmaps',
        'Crossmapping of data attributes to a specific data source. This is the ONLY details we store for token reference',
        'platform'),
       ('refdata_applications', 'Implementation Specific Applications ', 'refdata'),
       ('refdata_codesets', 'Platform Reference Data - Codesets Supported within Platform', 'refdata'),
       ('refdata_countries', 'Platform Reference Data - Countries', 'refdata'),
       ('refdata_datastructures_dtl', 'Data Structure Specific Attribute Details for the complete data structure',
        'platform'),
       ('platform_datageneration_dataattributes', 'Specific data generators the platform can leverage', 'platform'),
       ('refdata_devicetypes', 'Different Types of devices', 'refdata'),
       ('refdata_industries', 'Industries Supported By Platform', 'refdata'),
       ('refdata_industries_business', 'Specific Business related to industries supported', 'refdata'),
       ('refdata_industrystds', 'Industry Stds supported', 'refdata'),
       ('refdata_industrystds_eventtypes', 'Industry Stds supported event types', 'refdata'),
       ('refdata_legalentities', 'Implementation Specific Legal Enties - Level Above Orgs', 'refdata'),
       ('refdata_operationtypes', 'Platform Reference Data - Operations of Information and Rules', 'refdata'),
       ('refdata_organizations', 'Implementation Specific - Organizations Using Platform', 'refdata'),
       ('refdata_professiontypes', 'Profession Types - Currently Unused', 'refdata'),
       ('refdata_sensitivityflags', 'Platform Reference Data - Sensitivty Levels of Data', 'refdata'),
       ('refdata_status', 'Platform Reference Data - Statuses of Data', 'refdata'),
       ('refdata_terminologystds', 'Reference Data - All Supprted Terminology Stds', 'refdata'),
       ('refdata_timezones', 'Platform Reference Data - Time Zones', 'refdata'),
       ('refdata_usstates', 'Platform Reference Data - US States', 'refdata'),
       ('refdata_vendors', 'Platform Reference Data - Vendors', 'refdata'),
       ('platform_rulesets', 'Implementation Specific Rulesets - Named', 'refdata'),
       ('platform_rulesets_dtl', 'Implementation Specific Detail and Defined Rulesets', 'refdata'),
       ('refdata_dataattributes',
        'Platform data attributes - the base for anything that can be built within the platform', 'refdata'),
       ('refdata_datastructures', 'Data Structures Header Records', 'refdata'),
       ('datatier_sdp_dataattributes_metadata',
        'Data Used by the platform - similiar to datatier_sdp_dataattributes except this table has a record per param stored and records can span multiple rowns with a guid linking them',
        'datatier');

INSERT INTO refdata_datastructures_dtl (refdata_datastructures_dtl_id, refdata_datastructures_id, sensitivityflag_id, dataattribute_id)
VALUES ('0051fccc-26ce-4020-9181-eb5f34248707  ', 'a4b4242c-0b2c-46ac-bfca-8d2932cca6d3  ',  'PII',
        '0aab5e78-5a12-462c-9226-606a2f8482bf  '),
       ('9c3d043f-3e28-4122-abc9-632f260d2f57  ', 'a4b4242c-0b2c-46ac-bfca-8d2932cca6d3  ',  'PII',
        'cbf2f975-a62f-4f8c-8031-b54a01d2e153  '),
       ('7d608c7c-d92f-4058-9940-6b1830e9964c  ', 'c0d1c58b-3a37-4688-b069-02b63aab38d3  ', 'PII',
        'e4c3cb42-ff0d-4692-b9e3-5976b229be39  '),
       ('1cc8d066-90c0-4812-ad02-a46bef4c52db  ', 'a2ae523e-61c5-43af-8039-e20c06d1d1f3  ',  'UNK',
        '9315b38d-bac2-44b4-b661-65b785b01b3d  '),
       ('fc82d377-149d-4bb8-9387-22f1f6aaf122  ', 'a2ae523e-61c5-43af-8039-e20c06d1d1f3  ',  'PII',
        'aba87b6a-5f5a-4d09-ba2a-c6cfff4bd23a  '),
       ('e56743bd-d3fb-42a1-b309-bfd7cb53e259  ', '7cc960c5-ce96-4d1f-a42a-8a13784a30a9  ',  'PII',
        '0aab5e78-5a12-462c-9226-606a2f8482bf  '),
       ('9e24a2ba-382f-4606-94b2-2b8f7aea2631  ', '7cc960c5-ce96-4d1f-a42a-8a13784a30a9  ',  'PII',
        'cbf2f975-a62f-4f8c-8031-b54a01d2e153  '),
       ('1b8b5c8b-cb8f-43ea-a277-7741834c1a7e  ', '036793fb-7038-452c-8aca-e77f341faaea  ',  'PII',
        'e4e1fcff-bea2-4db9-b328-9082e55c7cac  '),
       ('a61d96e4-4b95-47e5-84bd-f5d646a5324a  ', '036793fb-7038-452c-8aca-e77f341faaea  ', 'PII',
        'ebebd1ea-fa92-448d-af96-7cdbcd578c32  '),
       ('7bc63efc-4bd4-4156-b952-45fc95a775b7  ', 'a4b4242c-0b2c-46ac-bfca-8d2932cca6d3  ', 'PII',
        'e4e1fcff-bea2-4db9-b328-9082e55c7cac  '),
       ('028fa378-fc23-4d61-9c31-74e98e0e23f8  ', 'a4b4242c-0b2c-46ac-bfca-8d2932cca6d3  ',  'PII',
        'ebebd1ea-fa92-448d-af96-7cdbcd578c32  '),
       ('801d7017-00c6-4877-b534-25233d0cddcd  ', 'a4b4242c-0b2c-46ac-bfca-8d2932cca6d3  ',  'UNK',
        '9315b38d-bac2-44b4-b661-65b785b01b3d  '),
       ('3622afdd-11e9-4e80-af3c-b8ba8241dc69  ', 'a4b4242c-0b2c-46ac-bfca-8d2932cca6d3  ',  'PII',
        'aba87b6a-5f5a-4d09-ba2a-c6cfff4bd23a  '),
       ('d1bfafe6-80e0-4fd4-b72f-8f2939790b60  ', 'a4b4242c-0b2c-46ac-bfca-8d2932cca6d3  ',  'PII',
        '92f9ab0b-ea1f-4b47-b646-8f038a29c42b  '),
       ('a66eddda-198d-400c-bedc-5486887a299d  ', 'a4b4242c-0b2c-46ac-bfca-8d2932cca6d3  ',  'PII',
        'a3d3a4ae-efbe-42ff-b7d4-faea95acd451  '),
       ('f50c311b-c2cb-4a9f-b625-37e27d3b0b31  ', 'a4b4242c-0b2c-46ac-bfca-8d2932cca6d3  ',  'PII',
        '8009f1fc-41d0-4a46-9969-809d7dc5b3cf  ');

INSERT INTO platform_datageneration_dataattributes (datagentype_id, datagentype_description, definition,
                                                    dataattribute_id, quantity, maxrecords_in_source,
                                                    registeredapp_guid, organization_guid)
VALUES ('97b13601-053c-4171-bfbe-42662f3abebf  ', 'Credit Card - Mastercard', '^5[1-5][0-9]{14}$',
        'a0b7c079-3cd6-4447-97ed-4419652145d3  ', 5000, 250000, '16a17a48-d09b-11ea-9579-bba61161b25a  ',
        'daf0ace4-d09a-11ea-9579-bba61161b25a  '),
       ('b295aa48-385e-4929-92c5-12327b00309b  ', 'Credit Card - Visa', '^4[0-9]{12}(?:[0-9]{3})?$',
        'a0b7c079-3cd6-4447-97ed-4419652145d3  ', 5000, 250000, '16a17a48-d09b-11ea-9579-bba61161b25a  ',
        'daf0ace4-d09a-11ea-9579-bba61161b25a  '),
       ('c6ed36a6-3154-4123-a396-77248f1c69ed  ', 'Credit Card - Discover',
        '^65[4-9][0-9]{13}|64[4-9][0-9]{13}|6011[0-9]{12}|(622(?:12[6-9]|1[3-9][0-9]|[2-8][0-9][0-9]|9[01][0-9]|92[0-5])[0-9]{10})$',
        'a0b7c079-3cd6-4447-97ed-4419652145d3  ', 5000, 250000, '16a17a48-d09b-11ea-9579-bba61161b25a  ',
        'daf0ace4-d09a-11ea-9579-bba61161b25a  '),
       ('3385ab15-0030-4fab-a06c-12cffbbda785  ', 'Credit Card - AMEX', '^3[47][0-9]{13}$', 'a0b7c079-3cd6-4447-97ed-4419652145d3  ',
        5000, 250000, '16a17a48-d09b-11ea-9579-bba61161b25a  ', 'daf0ace4-d09a-11ea-9579-bba61161b25a  '),
       ('b5f3bb56-9e89-45da-a172-292685d49822  ', 'DLN - AL', '^[0-9]{7,8}$', 'a3d3a4ae-efbe-42ff-b7d4-faea95acd451  ',
        5000, 250000, '16a17a48-d09b-11ea-9579-bba61161b25a  ', 'daf0ace4-d09a-11ea-9579-bba61161b25a  '),
       ('f9c06c0b-705d-4cdf-be34-ae0585e34c64  ', 'DLN - AK', '^[0-9]{7}$', 'a3d3a4ae-efbe-42ff-b7d4-faea95acd451  ',
        5000, 250000, '16a17a48-d09b-11ea-9579-bba61161b25a  ', 'daf0ace4-d09a-11ea-9579-bba61161b25a  '),
       ('00f42667-59a1-4b33-bb84-8b27995ffadd  ', 'DLN - AZ', '^[A-Z]{1}[0-9]{8}$',
        'a3d3a4ae-efbe-42ff-b7d4-faea95acd451  ', 5000, 250000, '16a17a48-d09b-11ea-9579-bba61161b25a  ',
        'daf0ace4-d09a-11ea-9579-bba61161b25a  '),
       ('7b566eb7-c5ce-4bf2-98de-1f2498520900  ', 'DLN - AR', '^[0-9]{9}$', 'a3d3a4ae-efbe-42ff-b7d4-faea95acd451  ',
        5000, 250000, '16a17a48-d09b-11ea-9579-bba61161b25a  ', 'daf0ace4-d09a-11ea-9579-bba61161b25a  '),
       ('60fd84ed-62ea-4922-bcb0-c28028f8c73c  ', 'DLN - CA', '^[A-Z]{1}[0-9]{7}$',
        'a3d3a4ae-efbe-42ff-b7d4-faea95acd451  ', 5000, 250000, '16a17a48-d09b-11ea-9579-bba61161b25a  ',
        'daf0ace4-d09a-11ea-9579-bba61161b25a  '),
       ('4a63cc77-53f8-4f03-aed7-b9b73c4c7237  ', 'DLN - CO', '^[0-9]{9}$', 'a3d3a4ae-efbe-42ff-b7d4-faea95acd451  ',
        5000, 250000, '16a17a48-d09b-11ea-9579-bba61161b25a  ', 'daf0ace4-d09a-11ea-9579-bba61161b25a  '),
       ('c0c5607c-23ae-4c2c-8464-2dc2aeaa9881  ', 'DLN - CT', '^[0-9]{9}$', 'a3d3a4ae-efbe-42ff-b7d4-faea95acd451  ',
        5000, 250000, '16a17a48-d09b-11ea-9579-bba61161b25a  ', 'daf0ace4-d09a-11ea-9579-bba61161b25a  '),
       ('4fb5b7b6-46f3-41d0-9c75-6fcc90f59556  ', 'DLN - DE', '^[0-9]{1,7}$', 'a3d3a4ae-efbe-42ff-b7d4-faea95acd451  ',
        5000, 250000, '16a17a48-d09b-11ea-9579-bba61161b25a  ', 'daf0ace4-d09a-11ea-9579-bba61161b25a  '),
       ('acb65b46-031b-4e2d-bab6-d1feee8ce905  ', 'DLN - DC', '^[0-9]{7}$', 'a3d3a4ae-efbe-42ff-b7d4-faea95acd451  ',
        5000, 250000, '16a17a48-d09b-11ea-9579-bba61161b25a  ', 'daf0ace4-d09a-11ea-9579-bba61161b25a  '),
       ('947fcdd0-c0b7-44bc-bd5f-96706d71ff1e  ', 'DLN - FL', '^[A-Z]{1}[0-9]{12}$',
        'a3d3a4ae-efbe-42ff-b7d4-faea95acd451  ', 5000, 250000, '16a17a48-d09b-11ea-9579-bba61161b25a  ',
        'daf0ace4-d09a-11ea-9579-bba61161b25a  '),
       ('9a22869c-47a6-4ab6-b5db-858c92c794fd  ', 'DLN - GA', '^[0-9]{9}$', 'a3d3a4ae-efbe-42ff-b7d4-faea95acd451  ',
        5000, 250000, '16a17a48-d09b-11ea-9579-bba61161b25a  ', 'daf0ace4-d09a-11ea-9579-bba61161b25a  '),
       ('74ee4bfe-cc3e-44e1-9f18-9dccb4ef192f  ', 'DLN - HI', '^H[0-9]{8}$', 'a3d3a4ae-efbe-42ff-b7d4-faea95acd451  ',
        5000, 250000, '16a17a48-d09b-11ea-9579-bba61161b25a  ', 'daf0ace4-d09a-11ea-9579-bba61161b25a  '),
       ('4fec73a8-6c2f-42eb-a4b5-233d4ec386e2  ', 'DLN - ID', '^[A-Z]{3}[0-9]{6}$',
        'a3d3a4ae-efbe-42ff-b7d4-faea95acd451  ', 5000, 250000, '16a17a48-d09b-11ea-9579-bba61161b25a  ',
        'daf0ace4-d09a-11ea-9579-bba61161b25a  '),
       ('e58472f2-be3c-4cd5-b24f-5b428f96e23f  ', 'DLN - IL', '^[A-Z]{1}[0-9]{11}$',
        'a3d3a4ae-efbe-42ff-b7d4-faea95acd451  ', 5000, 250000, '16a17a48-d09b-11ea-9579-bba61161b25a  ',
        'daf0ace4-d09a-11ea-9579-bba61161b25a  '),
       ('2aa88e92-d95b-4878-9d85-a15fba946879  ', 'DLN - IN', '^[0-9]{10}$', 'a3d3a4ae-efbe-42ff-b7d4-faea95acd451  ',
        5000, 250000, '16a17a48-d09b-11ea-9579-bba61161b25a  ', 'daf0ace4-d09a-11ea-9579-bba61161b25a  '),
       ('ab5e5fc4-6ecf-4f02-9192-74d4287e531c  ', 'DLN - IA', '^[A-Z]{3}[0-9]{2}[A-Z]{4}$',
        'a3d3a4ae-efbe-42ff-b7d4-faea95acd451  ', 5000, 250000, '16a17a48-d09b-11ea-9579-bba61161b25a  ',
        'daf0ace4-d09a-11ea-9579-bba61161b25a  '),
       ('51227f17-d43f-4874-b5ef-2ce7753014ad  ', 'DLN - KS', '^K[0-9]{8}$', 'a3d3a4ae-efbe-42ff-b7d4-faea95acd451  ',
        5000, 250000, '16a17a48-d09b-11ea-9579-bba61161b25a  ', 'daf0ace4-d09a-11ea-9579-bba61161b25a  '),
       ('b22bdbcd-f5f3-44ec-b290-0eedf4dad8db  ', 'DLN - KY', '^[A-Z]{1}[0-9]{8}$',
        'a3d3a4ae-efbe-42ff-b7d4-faea95acd451  ', 5000, 250000, '16a17a48-d09b-11ea-9579-bba61161b25a  ',
        'daf0ace4-d09a-11ea-9579-bba61161b25a  '),
       ('ce7d076c-95fa-4596-8a4c-2c38a6a123ca  ', 'DLN - LA', '^0[0-9]{8}$', 'a3d3a4ae-efbe-42ff-b7d4-faea95acd451  ',
        5000, 250000, '16a17a48-d09b-11ea-9579-bba61161b25a  ', 'daf0ace4-d09a-11ea-9579-bba61161b25a  '),
       ('a54b314e-6b76-47bd-b9c4-4895c0f27ef9  ', 'DLN - ME', '^[0-9]{7}$', 'a3d3a4ae-efbe-42ff-b7d4-faea95acd451  ',
        5000, 250000, '16a17a48-d09b-11ea-9579-bba61161b25a  ', 'daf0ace4-d09a-11ea-9579-bba61161b25a  '),
       ('ac1e1359-383e-4b89-95e1-b3fb1d444dd8  ', 'DLN - MD', '^[A-Z]{1}[0-9]{12}$',
        'a3d3a4ae-efbe-42ff-b7d4-faea95acd451  ', 5000, 250000, '16a17a48-d09b-11ea-9579-bba61161b25a  ',
        'daf0ace4-d09a-11ea-9579-bba61161b25a  '),
       ('60d445d8-7db2-449d-a6de-0c2c46465d4d  ', 'DLN - MA', '^S[0-9]{8}$', 'a3d3a4ae-efbe-42ff-b7d4-faea95acd451  ',
        5000, 250000, '16a17a48-d09b-11ea-9579-bba61161b25a  ', 'daf0ace4-d09a-11ea-9579-bba61161b25a  '),
       ('55a2f983-58ad-4c21-9aca-b34ade1602ca  ', 'DLN - MI', '^[A-Z]{1}[0-9]{12}$',
        'a3d3a4ae-efbe-42ff-b7d4-faea95acd451  ', 5000, 250000, '16a17a48-d09b-11ea-9579-bba61161b25a  ',
        'daf0ace4-d09a-11ea-9579-bba61161b25a  '),
       ('8103e298-7c2d-494d-972c-4f1cbf924a72  ', 'DLN - MN', '^[A-Z]{1}[0-9]{12}$',
        'a3d3a4ae-efbe-42ff-b7d4-faea95acd451  ', 5000, 250000, '16a17a48-d09b-11ea-9579-bba61161b25a  ',
        'daf0ace4-d09a-11ea-9579-bba61161b25a  '),
       ('47873f36-8860-41c0-a825-9be3336239da  ', 'DLN - MS', '^[0-9]{9}$', 'a3d3a4ae-efbe-42ff-b7d4-faea95acd451  ',
        5000, 250000, '16a17a48-d09b-11ea-9579-bba61161b25a  ', 'daf0ace4-d09a-11ea-9579-bba61161b25a  '),
       ('e0671504-6022-4401-b366-9ff9231bb3e6  ', 'DLN - MO', '^[A-Z]{1}[0-9]{9}$',
        'a3d3a4ae-efbe-42ff-b7d4-faea95acd451  ', 5000, 250000, '16a17a48-d09b-11ea-9579-bba61161b25a  ',
        'daf0ace4-d09a-11ea-9579-bba61161b25a  '),
       ('1bb8239a-7bc7-4f33-9061-6a217f62323b  ', 'DLN - MT', '^[0-9]{13}$', 'a3d3a4ae-efbe-42ff-b7d4-faea95acd451  ',
        5000, 250000, '16a17a48-d09b-11ea-9579-bba61161b25a  ', 'daf0ace4-d09a-11ea-9579-bba61161b25a  '),
       ('7100ea0f-8eb2-4698-b66e-f89a69d9a8ac  ', 'DLN - NE', '^[A-Z]{1}[0-9]{8}$',
        'a3d3a4ae-efbe-42ff-b7d4-faea95acd451  ', 5000, 250000, '16a17a48-d09b-11ea-9579-bba61161b25a  ',
        'daf0ace4-d09a-11ea-9579-bba61161b25a  '),
       ('ac94c484-33a5-4383-be3a-517d43ee4267  ', 'DLN - NV', '^[0-9]{12}$', 'a3d3a4ae-efbe-42ff-b7d4-faea95acd451  ',
        5000, 250000, '16a17a48-d09b-11ea-9579-bba61161b25a  ', 'daf0ace4-d09a-11ea-9579-bba61161b25a  '),
       ('24737c9d-4563-45ac-8fa6-4d1478c26a1c  ', 'DLN - NH', '^[A-Z]{3}[0-9]{8}$',
        'a3d3a4ae-efbe-42ff-b7d4-faea95acd451  ', 5000, 250000, '16a17a48-d09b-11ea-9579-bba61161b25a  ',
        'daf0ace4-d09a-11ea-9579-bba61161b25a  '),
       ('700f0c02-ff48-47f0-b8fe-1cc5a406be15  ', 'DLN - NJ', '^[A-Z]{1}[0-9]{14}$',
        'a3d3a4ae-efbe-42ff-b7d4-faea95acd451  ', 5000, 250000, '16a17a48-d09b-11ea-9579-bba61161b25a  ',
        'daf0ace4-d09a-11ea-9579-bba61161b25a  '),
       ('c45dadfc-0d4c-4a94-8c27-942e0db23995  ', 'DLN - NM', '^[0-9]{9}$', 'a3d3a4ae-efbe-42ff-b7d4-faea95acd451  ',
        5000, 250000, '16a17a48-d09b-11ea-9579-bba61161b25a  ', 'daf0ace4-d09a-11ea-9579-bba61161b25a  '),
       ('92f931f2-2f53-42ee-b6ec-be15ba2dc989  ', 'DLN - NY', '^[0-9]{9}$', 'a3d3a4ae-efbe-42ff-b7d4-faea95acd451  ',
        5000, 250000, '16a17a48-d09b-11ea-9579-bba61161b25a  ', 'daf0ace4-d09a-11ea-9579-bba61161b25a  '),
       ('9a72e69f-86f1-407d-8e14-19c29410bd43  ', 'DLN - NC', '^[0-9]{12}$', 'a3d3a4ae-efbe-42ff-b7d4-faea95acd451  ',
        5000, 250000, '16a17a48-d09b-11ea-9579-bba61161b25a  ', 'daf0ace4-d09a-11ea-9579-bba61161b25a  '),
       ('91385155-03b2-4c0a-90e0-fe21d017e216  ', 'DLN - ND', '^[A-Z]{3}[0-9]{6}$',
        'a3d3a4ae-efbe-42ff-b7d4-faea95acd451  ', 5000, 250000, '16a17a48-d09b-11ea-9579-bba61161b25a  ',
        'daf0ace4-d09a-11ea-9579-bba61161b25a  '),
       ('7705897a-e37f-4128-96bf-22a62470ac78  ', 'DLN - OH', '^[A-Z]{2}[0-9]{6}$',
        'a3d3a4ae-efbe-42ff-b7d4-faea95acd451  ', 5000, 250000, '16a17a48-d09b-11ea-9579-bba61161b25a  ',
        'daf0ace4-d09a-11ea-9579-bba61161b25a  '),
       ('28477d28-525d-4b64-a99a-edf28bc482d4  ', 'DLN - OK', '^[A-Z]{1}[0-9]{9}$',
        'a3d3a4ae-efbe-42ff-b7d4-faea95acd451  ', 5000, 250000, '16a17a48-d09b-11ea-9579-bba61161b25a  ',
        'daf0ace4-d09a-11ea-9579-bba61161b25a  '),
       ('98226ffa-e515-4184-a974-90af8da749dc  ', 'DLN - OR', '^[A-Z]{1}[0-9]{6,7}$',
        'a3d3a4ae-efbe-42ff-b7d4-faea95acd451  ', 5000, 250000, '16a17a48-d09b-11ea-9579-bba61161b25a  ',
        'daf0ace4-d09a-11ea-9579-bba61161b25a  '),
       ('94109ebd-96de-414d-8b68-ab72fbbc8647  ', 'DLN - PA', '^[0-9]{8}$', 'a3d3a4ae-efbe-42ff-b7d4-faea95acd451  ',
        5000, 250000, '16a17a48-d09b-11ea-9579-bba61161b25a  ', 'daf0ace4-d09a-11ea-9579-bba61161b25a  '),
       ('80e33a97-0d51-42e8-9c8e-d68e74d4a891  ', 'DLN - RI', '(^V[0-9]{6}$)|(^[0-9]{7}$)',
        'a3d3a4ae-efbe-42ff-b7d4-faea95acd451  ', 5000, 250000, '16a17a48-d09b-11ea-9579-bba61161b25a  ',
        'daf0ace4-d09a-11ea-9579-bba61161b25a  '),
       ('0c1b7afa-9403-4e2b-97a1-67d025497c33  ', 'DLN - SC', '^[0-9]{6,11}$', 'a3d3a4ae-efbe-42ff-b7d4-faea95acd451  ',
        5000, 250000, '16a17a48-d09b-11ea-9579-bba61161b25a  ', 'daf0ace4-d09a-11ea-9579-bba61161b25a  '),
       ('95d232ac-43c3-4fb5-836a-c7863c509a9d  ', 'DLN - SD', '^[0-9]{8,9}$', 'a3d3a4ae-efbe-42ff-b7d4-faea95acd451  ',
        5000, 250000, '16a17a48-d09b-11ea-9579-bba61161b25a  ', 'daf0ace4-d09a-11ea-9579-bba61161b25a  '),
       ('3363b130-0dda-4ab1-8404-be55fb59f050  ', 'DLN - TN', '^[0-9]{7,9}$', 'a3d3a4ae-efbe-42ff-b7d4-faea95acd451  ',
        5000, 250000, '16a17a48-d09b-11ea-9579-bba61161b25a  ', 'daf0ace4-d09a-11ea-9579-bba61161b25a  '),
       ('e74ac2d9-706c-4ac1-b8b8-bb7134af5c4c  ', 'DLN - TX', '^[0-9]{8}$', 'a3d3a4ae-efbe-42ff-b7d4-faea95acd451  ',
        5000, 250000, '16a17a48-d09b-11ea-9579-bba61161b25a  ', 'daf0ace4-d09a-11ea-9579-bba61161b25a  '),
       ('65530869-97c7-499c-b06e-976d22ae62e7  ', 'DLN - UT', '^[0-9]{4,10}$', 'a3d3a4ae-efbe-42ff-b7d4-faea95acd451  ',
        5000, 250000, '16a17a48-d09b-11ea-9579-bba61161b25a  ', 'daf0ace4-d09a-11ea-9579-bba61161b25a  '),
       ('65d2c238-5765-4a8e-8f3e-439a86d4c682  ', 'DLN - VT', '(^[0-9]{7}A$)|(^[0-9]{8}$)',
        'a3d3a4ae-efbe-42ff-b7d4-faea95acd451  ', 5000, 250000, '16a17a48-d09b-11ea-9579-bba61161b25a  ',
        'daf0ace4-d09a-11ea-9579-bba61161b25a  '),
       ('8e1d327b-3673-46e7-b6a9-64892899cf6f  ', 'DLN - VA', '^[A-Z]{1}[0-9]{8}$',
        'a3d3a4ae-efbe-42ff-b7d4-faea95acd451  ', 5000, 250000, '16a17a48-d09b-11ea-9579-bba61161b25a  ',
        'daf0ace4-d09a-11ea-9579-bba61161b25a  '),
       ('eef842fe-f79a-4cbd-a659-b2e28e418ed0  ', 'DLN - WA', '(^[A-Z]{7}[0-9]{5}$)|(^[A-Z]{7}[0-9]{3}[A-Z]{2}$)',
        'a3d3a4ae-efbe-42ff-b7d4-faea95acd451  ', 5000, 250000, '16a17a48-d09b-11ea-9579-bba61161b25a  ',
        'daf0ace4-d09a-11ea-9579-bba61161b25a  '),
       ('01b62dc0-c063-464b-9000-76113c0c37ef  ', 'DLN - WV', '^[A-Z]{1}[0-9]{6}$',
        'a3d3a4ae-efbe-42ff-b7d4-faea95acd451  ', 5000, 250000, '16a17a48-d09b-11ea-9579-bba61161b25a  ',
        'daf0ace4-d09a-11ea-9579-bba61161b25a  '),
       ('64572044-9645-42fe-8e20-375201f2e26e  ', 'DLN - WI', '^[A-Z]{1}[0-9]{13}$',
        'a3d3a4ae-efbe-42ff-b7d4-faea95acd451  ', 5000, 250000, '16a17a48-d09b-11ea-9579-bba61161b25a  ',
        'daf0ace4-d09a-11ea-9579-bba61161b25a  '),
       ('342fec34-904f-4146-9789-8cbfa1eeac44  ', 'DLN - WY', '^[0-9]{9}$', 'a3d3a4ae-efbe-42ff-b7d4-faea95acd451  ',
        5000, 250000, '16a17a48-d09b-11ea-9579-bba61161b25a  ', 'daf0ace4-d09a-11ea-9579-bba61161b25a  '),
       ('43ca5fab-411d-4d86-bc8b-68acc8792739  ', 'Account Numbers - Numeric', '^[0-9]{9}$', 'fdeb2e11-c8c8-41f5-aa57-5e5807664a0d  ',
        5000, 250000, '16a17a48-d09b-11ea-9579-bba61161b25a  ', 'daf0ace4-d09a-11ea-9579-bba61161b25a  '),
       ('6c511aa2-60e6-4a39-b182-cd6b0ebe7ac7  ', 'Account Numbers - Mixed', '^[A-Z]{2}[%#@&]{1}[0-9]{5}[A-Z]{1}$',
        'fdeb2e11-c8c8-41f5-aa57-5e5807664a0d  ', 5000, 250000, '16a17a48-d09b-11ea-9579-bba61161b25a  ',
        'daf0ace4-d09a-11ea-9579-bba61161b25a  '),
       ('a6bab323-9107-493c-b71e-8b69b7d5d011  ', 'Bank Account - Peoples Bank', '^[0-9]{10}$',
        '49024eab-ae0d-4889-b0d2-27014c0ac190  ', 5000, 250000, '16a17a48-d09b-11ea-9579-bba61161b25a  ',
        'daf0ace4-d09a-11ea-9579-bba61161b25a  '),
       ('6a53b05c-055b-49bd-9167-a2aa0caa7b05  ', 'User Identities - Cadeceus', '^[%#@&]{1}[A-Z]{3}[%#@&]{1}[0-9]{1}[A-Z]{2}$',
        '820c0ed7-7e04-41b7-b87e-906f4f926630  ', 5000, 250000, '16a17a48-d09b-11ea-9579-bba61161b25a  ',
        'daf0ace4-d09a-11ea-9579-bba61161b25a  ')
;
