Area Code;930;9315b38d-bac2-44b4-b661-65b785b01b3d  ;e258406c-5c72-427a-8653-f317edb54e8b
Area Code;931;9315b38d-bac2-44b4-b661-65b785b01b3d  ;4f124a43-7a44-4418-969f-c8feee9d1b54
Area Code;941;9315b38d-bac2-44b4-b661-65b785b01b3d  ;80aec7b3-3934-4342-a18c-1a3bafdc4f81
Area Code;934;9315b38d-bac2-44b4-b661-65b785b01b3d  ;39f8919d-cc48-4903-a159-a0bb4a08bc1b
Area Code;936;9315b38d-bac2-44b4-b661-65b785b01b3d  ;c11e2c7f-cb91-477c-8a8f-ac9dab37bdad
Area Code;937;9315b38d-bac2-44b4-b661-65b785b01b3d  ;1ea43e32-8591-4deb-8ff4-12a666d91643
Area Code;938;9315b38d-bac2-44b4-b661-65b785b01b3d  ;b502a790-3fa6-4742-8667-ec46f87dd8fc
Area Code;940;9315b38d-bac2-44b4-b661-65b785b01b3d  ;06329f6d-92c9-408d-b4d3-cf407eecccad
Area Code;970;9315b38d-bac2-44b4-b661-65b785b01b3d  ;af5157ab-bef5-47d1-9c61-c0acdd3cf358
Area Code;947;9315b38d-bac2-44b4-b661-65b785b01b3d  ;0ee0eb69-bfdc-4cc3-b437-032ef30e0cd5
Area Code;949;9315b38d-bac2-44b4-b661-65b785b01b3d  ;4b7e8ec8-8502-4d94-abfa-7557bf1a69ec
Area Code;951;9315b38d-bac2-44b4-b661-65b785b01b3d  ;47b5b788-fe79-45c2-8f67-1c2938ba201c
Area Code;952;9315b38d-bac2-44b4-b661-65b785b01b3d  ;5347832a-8505-476a-b1ac-5c79f8f0aefe
Area Code;956;9315b38d-bac2-44b4-b661-65b785b01b3d  ;6c7fc7b2-27ea-4be9-ab92-289f3c2cf184
Area Code;971;9315b38d-bac2-44b4-b661-65b785b01b3d  ;6beb1de7-fb25-4610-a4cb-6824cd817881
Area Code;972;9315b38d-bac2-44b4-b661-65b785b01b3d  ;009be94c-9eff-48f8-9d8f-c00ba7c92b93
Area Code;973;9315b38d-bac2-44b4-b661-65b785b01b3d  ;3292c0e1-7d85-4993-bc46-76b97e3e2fdb
Area Code;978;9315b38d-bac2-44b4-b661-65b785b01b3d  ;7c5e252f-9130-4f41-853e-ed0a0802a6da
Area Code;209;9315b38d-bac2-44b4-b661-65b785b01b3d  ;154f54cb-b426-4aaa-891f-71b0fd76e6d1
Area Code;210;9315b38d-bac2-44b4-b661-65b785b01b3d  ;9ecd9df2-24d2-47dd-9c99-6b0b3fd06282
Area Code;212;9315b38d-bac2-44b4-b661-65b785b01b3d  ;b823037a-cfe2-46b3-b135-d9700eaf11b8
Area Code;213;9315b38d-bac2-44b4-b661-65b785b01b3d  ;0b4990ac-b748-4f23-b3c9-9844d9b8e6fe
Area Code;214;9315b38d-bac2-44b4-b661-65b785b01b3d  ;1d0404f6-c1e5-42f0-b94a-1d4c0c340c73
Area Code;215;9315b38d-bac2-44b4-b661-65b785b01b3d  ;f68b708f-d41a-4ca7-b763-735153b4e141
Area Code;216;9315b38d-bac2-44b4-b661-65b785b01b3d  ;18e85045-50b8-4b9f-8020-4ded337ff9b7
Area Code;217;9315b38d-bac2-44b4-b661-65b785b01b3d  ;af40e87b-835e-4f08-b9aa-dd3d2970619b
Area Code;218;9315b38d-bac2-44b4-b661-65b785b01b3d  ;9976a485-9251-498d-9eb8-d7bf020f8827
Area Code;219;9315b38d-bac2-44b4-b661-65b785b01b3d  ;eaf07507-c7a9-4c10-9023-fc42c661e488
Area Code;220;9315b38d-bac2-44b4-b661-65b785b01b3d  ;40d82c40-b3c9-41e8-b8ae-9e85bd82e774
Area Code;224;9315b38d-bac2-44b4-b661-65b785b01b3d  ;e593d47e-6705-4b13-a7a9-f5a4267a5dcc
Area Code;225;9315b38d-bac2-44b4-b661-65b785b01b3d  ;574b4ae1-440f-4bba-ad6d-cea90bda8c21
Area Code;228;9315b38d-bac2-44b4-b661-65b785b01b3d  ;2cd3ebbc-f03f-4fca-8497-1f7ba3ed5399
Area Code;229;9315b38d-bac2-44b4-b661-65b785b01b3d  ;09ec9143-8130-4b3b-b918-43ada2e9624f
Area Code;231;9315b38d-bac2-44b4-b661-65b785b01b3d  ;89f03428-031c-462a-ad83-42d18b84b8b7
Area Code;234;9315b38d-bac2-44b4-b661-65b785b01b3d  ;4eb08584-771f-4d94-8a67-1042e43bd016
Area Code;239;9315b38d-bac2-44b4-b661-65b785b01b3d  ;3a29c6f6-0f7d-45e2-b18a-d2960009c199
Area Code;240;9315b38d-bac2-44b4-b661-65b785b01b3d  ;1f121f15-72ec-46d3-b80e-71e2f4e857c4
Area Code;248;9315b38d-bac2-44b4-b661-65b785b01b3d  ;aed4e355-3ea9-4f31-bf67-8bf59faac036
Area Code;251;9315b38d-bac2-44b4-b661-65b785b01b3d  ;e5338bdd-08e3-47bc-bc01-7f73e2e05f26
Area Code;252;9315b38d-bac2-44b4-b661-65b785b01b3d  ;2f3fce71-f36e-4d06-b5ea-9d665ef62c4b
Area Code;253;9315b38d-bac2-44b4-b661-65b785b01b3d  ;e2dbec00-1f5c-42a5-aba6-717ef1001e48
Area Code;254;9315b38d-bac2-44b4-b661-65b785b01b3d  ;2d40c2b6-88dd-49f5-8992-b003ac139cf9
Area Code;256;9315b38d-bac2-44b4-b661-65b785b01b3d  ;8d830376-ac43-472e-ad9f-8d936deb1f14
Area Code;260;9315b38d-bac2-44b4-b661-65b785b01b3d  ;772baa44-ed73-4c97-b549-1a996832eece
Area Code;262;9315b38d-bac2-44b4-b661-65b785b01b3d  ;d3be3f52-d024-4763-90c3-00efae2a9a7a
Area Code;267;9315b38d-bac2-44b4-b661-65b785b01b3d  ;eaf7cec4-f2a9-4763-885c-622a0e56d79f
Area Code;269;9315b38d-bac2-44b4-b661-65b785b01b3d  ;095d49a4-b49d-49a9-a359-0070adffa767
Area Code;270;9315b38d-bac2-44b4-b661-65b785b01b3d  ;7fd19173-3f06-4481-913f-f8d5831abf24
Area Code;272;9315b38d-bac2-44b4-b661-65b785b01b3d  ;f40ea026-09d0-4a39-aff3-7b46299065f6
Area Code;276;9315b38d-bac2-44b4-b661-65b785b01b3d  ;60541d8f-16f5-4bd2-a1f8-ab8e6e0ac308
Area Code;281;9315b38d-bac2-44b4-b661-65b785b01b3d  ;7b43282c-266a-42f6-84da-a278777d3010
Area Code;301;9315b38d-bac2-44b4-b661-65b785b01b3d  ;e8ef3fbd-212d-489e-888f-998ffc35eb2b
Area Code;302;9315b38d-bac2-44b4-b661-65b785b01b3d  ;d8fa06ab-022a-46d4-8893-5babbad1d1e8
Area Code;303;9315b38d-bac2-44b4-b661-65b785b01b3d  ;14f3dbbe-f66b-40b7-a7d0-9c1d68583baa
Area Code;304;9315b38d-bac2-44b4-b661-65b785b01b3d  ;d885de22-1165-41aa-bcae-37211f83defa
Area Code;305;9315b38d-bac2-44b4-b661-65b785b01b3d  ;273bf520-7868-4fa3-947c-b6a8a40fc5c9
Area Code;307;9315b38d-bac2-44b4-b661-65b785b01b3d  ;5acb0d7d-6623-45fe-8027-53933ba5ea48
Area Code;308;9315b38d-bac2-44b4-b661-65b785b01b3d  ;d8c9e72f-be50-434f-bc93-a12bd1e48cf4
Area Code;309;9315b38d-bac2-44b4-b661-65b785b01b3d  ;d3b074e8-42a1-46eb-9a7c-afb2434001c5
Area Code;310;9315b38d-bac2-44b4-b661-65b785b01b3d  ;f02d4c9d-227a-40fe-8ea9-d63434aa03dc
Area Code;312;9315b38d-bac2-44b4-b661-65b785b01b3d  ;348caf3b-6af6-4df9-a882-fb6324e59b37
Area Code;313;9315b38d-bac2-44b4-b661-65b785b01b3d  ;6b8868ce-ea86-4a00-8a5d-77b1886acb3b
Area Code;314;9315b38d-bac2-44b4-b661-65b785b01b3d  ;d9e15298-2d28-4c6c-b44f-217e35cd5fe4
Area Code;315;9315b38d-bac2-44b4-b661-65b785b01b3d  ;16b6c802-e596-4c38-915a-411ff9d659ea
Area Code;316;9315b38d-bac2-44b4-b661-65b785b01b3d  ;ec11a969-9677-4257-9ec3-d0a5dfb3ca6b
Area Code;317;9315b38d-bac2-44b4-b661-65b785b01b3d  ;e4215612-3c2f-48ec-95d2-ce3831a4e8d7
Area Code;318;9315b38d-bac2-44b4-b661-65b785b01b3d  ;95e9de33-85c5-4c2d-a655-ec77c793c8c6
Area Code;319;9315b38d-bac2-44b4-b661-65b785b01b3d  ;d487b756-033a-41c8-a28f-b533c29cea12
Area Code;320;9315b38d-bac2-44b4-b661-65b785b01b3d  ;487c60ee-2d3a-4a00-92ce-e1f75e02fe8d
Area Code;321;9315b38d-bac2-44b4-b661-65b785b01b3d  ;6448fb0e-d6a7-4857-b30e-5ca638cc5448
Area Code;954;9315b38d-bac2-44b4-b661-65b785b01b3d  ;541bdb9b-2e1d-4a34-82ac-a317f91dd7ae
Area Code;959;9315b38d-bac2-44b4-b661-65b785b01b3d  ;2e6b34d5-f010-4935-bfea-4fd85b497184
Area Code;434;9315b38d-bac2-44b4-b661-65b785b01b3d  ;618f419b-830c-4b67-a0a9-65fe5d914588
Area Code;786;9315b38d-bac2-44b4-b661-65b785b01b3d  ;e58e5b39-7694-4365-9640-02141e3f1302
Area Code;857;9315b38d-bac2-44b4-b661-65b785b01b3d  ;7db17be6-5ae7-472f-acfa-bb1b4b45c916
Area Code;323;9315b38d-bac2-44b4-b661-65b785b01b3d  ;452d47ff-be02-4529-9f1d-a5d800569ce4
Area Code;325;9315b38d-bac2-44b4-b661-65b785b01b3d  ;07a28b05-d4f7-4b45-87a0-12a7b0624cff
Area Code;330;9315b38d-bac2-44b4-b661-65b785b01b3d  ;a1d4c845-2ff6-4c93-8c02-ce8cb79db51f
Area Code;331;9315b38d-bac2-44b4-b661-65b785b01b3d  ;f116cc44-d6aa-4626-831f-be096682d244
Area Code;332;9315b38d-bac2-44b4-b661-65b785b01b3d  ;68be6914-1454-42b6-902f-0669cf9afbc0
Area Code;334;9315b38d-bac2-44b4-b661-65b785b01b3d  ;c1a16c7e-d6c8-41b4-b9bd-d4fdd7387380
Area Code;336;9315b38d-bac2-44b4-b661-65b785b01b3d  ;5a394b33-3a35-42d0-ae90-e26cd1077d1d
Area Code;337;9315b38d-bac2-44b4-b661-65b785b01b3d  ;0acc44b1-4688-4b50-9e79-18b615171d2d
Area Code;339;9315b38d-bac2-44b4-b661-65b785b01b3d  ;9520d596-11f4-4288-b8cf-76d487b5b1b0
Area Code;346;9315b38d-bac2-44b4-b661-65b785b01b3d  ;817bdb1f-c056-4b65-97b9-1a2d69c26445
Area Code;347;9315b38d-bac2-44b4-b661-65b785b01b3d  ;4ecab687-cf88-40ce-a3c2-c26fe55cfe35
Area Code;351;9315b38d-bac2-44b4-b661-65b785b01b3d  ;318711ec-61ef-485c-940a-d25efbabe430
Area Code;352;9315b38d-bac2-44b4-b661-65b785b01b3d  ;cf968f1e-d020-4e40-8fe5-848cf8f979df
Area Code;360;9315b38d-bac2-44b4-b661-65b785b01b3d  ;1e4a71d2-6e5f-4bff-b665-20004198b9a6
Area Code;361;9315b38d-bac2-44b4-b661-65b785b01b3d  ;f0aeae87-bdf9-4524-973e-05f3ee523c73
Area Code;364;9315b38d-bac2-44b4-b661-65b785b01b3d  ;9540cb1c-ce04-44a9-babb-edebb414eb95
Area Code;380;9315b38d-bac2-44b4-b661-65b785b01b3d  ;e472ff8f-6c8e-4c78-86db-8385bb64c216
Area Code;385;9315b38d-bac2-44b4-b661-65b785b01b3d  ;540b68d9-85bd-47b3-abac-f52ba2f7b5fb
Area Code;386;9315b38d-bac2-44b4-b661-65b785b01b3d  ;feed5240-c649-4476-b421-b141c5b1198d
Area Code;401;9315b38d-bac2-44b4-b661-65b785b01b3d  ;1316c6cf-73ad-4fa1-a1ff-c2ecf7e18b31
Area Code;402;9315b38d-bac2-44b4-b661-65b785b01b3d  ;ea215522-8d2b-4820-8be9-d2ae1629bb15
Area Code;404;9315b38d-bac2-44b4-b661-65b785b01b3d  ;523a2cc2-095a-4097-b318-b16868c56695
Area Code;405;9315b38d-bac2-44b4-b661-65b785b01b3d  ;60121951-05d2-4db2-a72f-4b9b26a677ac
Area Code;406;9315b38d-bac2-44b4-b661-65b785b01b3d  ;e5ea19d4-04b8-4b00-9ca5-f2657ab37b0a
Area Code;407;9315b38d-bac2-44b4-b661-65b785b01b3d  ;a009f63e-3ab3-4c67-9cb5-18de849761ce
Area Code;408;9315b38d-bac2-44b4-b661-65b785b01b3d  ;863ab53c-f127-432a-b648-1c2bc2aa28bb
Area Code;409;9315b38d-bac2-44b4-b661-65b785b01b3d  ;8476f881-750d-4410-99b8-d4f1e129c45c
Area Code;410;9315b38d-bac2-44b4-b661-65b785b01b3d  ;261605f0-8252-476a-9d9d-32f68102b18a
Area Code;412;9315b38d-bac2-44b4-b661-65b785b01b3d  ;c6314ab9-a7f5-4e07-86a3-37c02259611b
Area Code;413;9315b38d-bac2-44b4-b661-65b785b01b3d  ;0c49ff36-8784-41f6-9715-423fc3cacf85
Area Code;414;9315b38d-bac2-44b4-b661-65b785b01b3d  ;7c541be4-efe6-4dca-b3c2-8331b60ef66f
Area Code;415;9315b38d-bac2-44b4-b661-65b785b01b3d  ;9e7a4af5-ece1-48c8-b42f-16108b74eb37
Area Code;417;9315b38d-bac2-44b4-b661-65b785b01b3d  ;72f7f3f9-390a-4073-92c3-bebfc153120a
Area Code;419;9315b38d-bac2-44b4-b661-65b785b01b3d  ;86aff93b-d0fa-4abd-a812-b4314a075d10
Area Code;423;9315b38d-bac2-44b4-b661-65b785b01b3d  ;e12e9a26-89e7-4988-b5f1-4aad61193ad0
Area Code;424;9315b38d-bac2-44b4-b661-65b785b01b3d  ;6a8ed885-b1fd-414e-843d-6376df1416ea
Area Code;425;9315b38d-bac2-44b4-b661-65b785b01b3d  ;0a73faa9-d9e4-49ca-9dcb-838fd725bb7f
Area Code;430;9315b38d-bac2-44b4-b661-65b785b01b3d  ;1420470b-abed-4467-a4d0-938fca99f7a8
Area Code;432;9315b38d-bac2-44b4-b661-65b785b01b3d  ;969abdb2-a2ce-4526-a1e4-288683ccae23
Area Code;435;9315b38d-bac2-44b4-b661-65b785b01b3d  ;69626e82-d9ec-43e6-9344-f166e00569e2
Area Code;440;9315b38d-bac2-44b4-b661-65b785b01b3d  ;a426580c-bb5c-4f13-9e0b-220dede97674
Area Code;442;9315b38d-bac2-44b4-b661-65b785b01b3d  ;3cfad12b-d292-49a8-824e-140d4b058cc7
Area Code;443;9315b38d-bac2-44b4-b661-65b785b01b3d  ;3c07679a-d9f5-42ef-8279-a1ba41b7f007
Area Code;458;9315b38d-bac2-44b4-b661-65b785b01b3d  ;42065ce7-409d-4342-af9a-a799b007d983
Area Code;463;9315b38d-bac2-44b4-b661-65b785b01b3d  ;38c89027-5acf-40d9-977f-92d64d13cbd3
Area Code;469;9315b38d-bac2-44b4-b661-65b785b01b3d  ;555f7c41-ccf5-46cd-918d-f0ce1d50587b
Area Code;470;9315b38d-bac2-44b4-b661-65b785b01b3d  ;4acf8e77-4610-4968-949c-4b029d3edd5b
Area Code;475;9315b38d-bac2-44b4-b661-65b785b01b3d  ;a2e3b0f7-49da-4188-8382-e0a88352aad6
Area Code;478;9315b38d-bac2-44b4-b661-65b785b01b3d  ;ad6528a4-d51e-4a40-b9ba-985b8b9ae9e1
Area Code;479;9315b38d-bac2-44b4-b661-65b785b01b3d  ;258d2bb6-8e83-422d-a733-2f255b1d997d
Area Code;480;9315b38d-bac2-44b4-b661-65b785b01b3d  ;35c348e4-d70a-4b28-8be2-9f6f3c9d0691
Area Code;484;9315b38d-bac2-44b4-b661-65b785b01b3d  ;1f783745-4c23-45d9-a0c1-bde661795672
Area Code;501;9315b38d-bac2-44b4-b661-65b785b01b3d  ;88e91118-7f13-4011-8d69-84a3cfcc7bcb
Area Code;502;9315b38d-bac2-44b4-b661-65b785b01b3d  ;b22a0c6e-195d-44c9-bb5d-0faa68388da7
Area Code;503;9315b38d-bac2-44b4-b661-65b785b01b3d  ;4b130e65-2f9d-4234-be42-6486d7635250
Area Code;504;9315b38d-bac2-44b4-b661-65b785b01b3d  ;50c67f4c-d661-48b2-b23b-1ffc6d67d5af
Area Code;505;9315b38d-bac2-44b4-b661-65b785b01b3d  ;a1b7643c-b708-4231-92dc-128f8bbfd0f1
Area Code;507;9315b38d-bac2-44b4-b661-65b785b01b3d  ;06737ae3-a349-4f5d-b7c7-98bf7244ed2b
Area Code;508;9315b38d-bac2-44b4-b661-65b785b01b3d  ;fabb736f-7996-45b8-8675-dd15d3f1a8d6
Area Code;509;9315b38d-bac2-44b4-b661-65b785b01b3d  ;5d426a16-2b60-400f-803f-0000eba2849d
Area Code;510;9315b38d-bac2-44b4-b661-65b785b01b3d  ;e9fa6cfe-6d9d-4593-bae4-88cb1fda3ce9
Area Code;512;9315b38d-bac2-44b4-b661-65b785b01b3d  ;62772dc8-e761-4bf2-8f4a-96c44ea3d255
Area Code;513;9315b38d-bac2-44b4-b661-65b785b01b3d  ;33ce1fbe-2804-4752-a73a-3feca539dba6
Area Code;515;9315b38d-bac2-44b4-b661-65b785b01b3d  ;36426bc4-7795-4ff4-a8e1-fba7b354faaa
Area Code;516;9315b38d-bac2-44b4-b661-65b785b01b3d  ;91c16af4-8638-4f9e-bcd2-7362e4ab5920
Area Code;517;9315b38d-bac2-44b4-b661-65b785b01b3d  ;d8e16c97-f2e6-491e-ae12-d4b2066716d2
Area Code;518;9315b38d-bac2-44b4-b661-65b785b01b3d  ;77d7d954-3a34-4469-8820-38b8ad986168
Area Code;520;9315b38d-bac2-44b4-b661-65b785b01b3d  ;1b22dc1e-138a-4dcd-8b9b-d83d74a2c485
Area Code;530;9315b38d-bac2-44b4-b661-65b785b01b3d  ;c6aba33b-50e1-497c-bb50-e45c1f23ab6f
Area Code;531;9315b38d-bac2-44b4-b661-65b785b01b3d  ;75051cf3-0c7f-4d25-9308-30053ff5a169
Area Code;534;9315b38d-bac2-44b4-b661-65b785b01b3d  ;1ec7b733-130f-4bae-a802-e185ef36832c
Area Code;539;9315b38d-bac2-44b4-b661-65b785b01b3d  ;b60b4ba8-3ad2-428b-841a-f86e606568b8
Area Code;540;9315b38d-bac2-44b4-b661-65b785b01b3d  ;4dd7d761-7631-44e2-8dd1-2aa0ddb0b825
Area Code;541;9315b38d-bac2-44b4-b661-65b785b01b3d  ;9d1166ae-fe51-44a0-b539-b72c18d3d486
Area Code;551;9315b38d-bac2-44b4-b661-65b785b01b3d  ;cd1166cd-b513-46e7-a8eb-d79c78226dcb
Area Code;559;9315b38d-bac2-44b4-b661-65b785b01b3d  ;51b32920-5534-43c8-bfc9-a62e21bb037d
Area Code;561;9315b38d-bac2-44b4-b661-65b785b01b3d  ;ce04f864-bf8c-4fbb-bfe7-248181ed7695
Area Code;562;9315b38d-bac2-44b4-b661-65b785b01b3d  ;6044ae7b-3fed-463c-8e90-014bb3a576ac
Area Code;563;9315b38d-bac2-44b4-b661-65b785b01b3d  ;7d1265e8-91eb-433c-947a-b60a4b7314b2
Area Code;567;9315b38d-bac2-44b4-b661-65b785b01b3d  ;7b12765f-0195-4fd5-8bbf-5a11d482f9e4
Area Code;570;9315b38d-bac2-44b4-b661-65b785b01b3d  ;1c3304a0-1a85-484f-af18-8b4011514052
Area Code;571;9315b38d-bac2-44b4-b661-65b785b01b3d  ;87962d2e-f1d9-4dca-b48e-3c0dd196362d
Area Code;573;9315b38d-bac2-44b4-b661-65b785b01b3d  ;88511c83-761d-4a4c-9fae-cd7227631dff
Area Code;574;9315b38d-bac2-44b4-b661-65b785b01b3d  ;5cbdea29-d469-455f-9757-8b62e32ed5f7
Area Code;575;9315b38d-bac2-44b4-b661-65b785b01b3d  ;16e47277-8001-4e98-a642-bd2dce165e9d
Area Code;580;9315b38d-bac2-44b4-b661-65b785b01b3d  ;93649aae-b916-43e4-a964-c1b2f739a84b
Area Code;585;9315b38d-bac2-44b4-b661-65b785b01b3d  ;bac7a2f7-aa38-4482-8e02-7208962a68ad
Area Code;586;9315b38d-bac2-44b4-b661-65b785b01b3d  ;ebf65aae-04c4-4797-bb46-18436c371ace
Area Code;601;9315b38d-bac2-44b4-b661-65b785b01b3d  ;c15f2c50-777f-4c8b-a263-e2884947aaad
Area Code;602;9315b38d-bac2-44b4-b661-65b785b01b3d  ;99ac8d49-9ea7-4e42-b469-f56cb11b9a07
Area Code;603;9315b38d-bac2-44b4-b661-65b785b01b3d  ;d4d84815-0cd4-4aae-a3c1-d89543d5d16d
Area Code;605;9315b38d-bac2-44b4-b661-65b785b01b3d  ;8494fb48-8151-448a-967a-af9dc42ef34c
Area Code;606;9315b38d-bac2-44b4-b661-65b785b01b3d  ;95a77a40-6b83-49e3-8197-a9e1f8c58244
Area Code;607;9315b38d-bac2-44b4-b661-65b785b01b3d  ;ab3c1d82-4cac-4e49-8044-ebb7bc0b88d9
Area Code;608;9315b38d-bac2-44b4-b661-65b785b01b3d  ;3bf20f52-513b-46aa-9d4a-84b9d3ccd2f2
Area Code;609;9315b38d-bac2-44b4-b661-65b785b01b3d  ;b0238ce7-4a11-4733-bb93-ae911db09260
Area Code;610;9315b38d-bac2-44b4-b661-65b785b01b3d  ;10578ca5-22ce-48bb-878b-6fe3ff0598a8
Area Code;612;9315b38d-bac2-44b4-b661-65b785b01b3d  ;498fdb45-a6c7-44a6-87b3-0e03a2d39acc
Area Code;614;9315b38d-bac2-44b4-b661-65b785b01b3d  ;357f6c33-7699-4fbb-9088-ce1fada5c739
Area Code;615;9315b38d-bac2-44b4-b661-65b785b01b3d  ;b9e0bb87-f4ef-4447-be97-74a8d13dc1eb
Area Code;616;9315b38d-bac2-44b4-b661-65b785b01b3d  ;763d71c1-cb5d-4e27-9ec7-c44620b24df7
Area Code;617;9315b38d-bac2-44b4-b661-65b785b01b3d  ;4b0144c7-7eb3-4d70-89e5-db5443378800
Area Code;618;9315b38d-bac2-44b4-b661-65b785b01b3d  ;759eeda5-bcda-46b6-888f-7dd6f10aa716
Area Code;619;9315b38d-bac2-44b4-b661-65b785b01b3d  ;ffb944fb-0c4c-4895-84ca-0ee06553fea5
Area Code;620;9315b38d-bac2-44b4-b661-65b785b01b3d  ;314befc7-3eb3-4033-bd3f-1dc0d29121c5
Area Code;623;9315b38d-bac2-44b4-b661-65b785b01b3d  ;88d71d3b-111a-47ae-ae71-733b7d9f3f3f
Area Code;626;9315b38d-bac2-44b4-b661-65b785b01b3d  ;835abddf-1bc1-41dc-a19d-f3709f76a5a3
Area Code;628;9315b38d-bac2-44b4-b661-65b785b01b3d  ;f1d510aa-1d61-4789-87dd-64f12fcfef3d
Area Code;629;9315b38d-bac2-44b4-b661-65b785b01b3d  ;ed7dc180-e17f-424d-a2ec-ce2d3d87422d
Area Code;630;9315b38d-bac2-44b4-b661-65b785b01b3d  ;88946497-89b1-4db4-9457-fdb50c184b79
Area Code;631;9315b38d-bac2-44b4-b661-65b785b01b3d  ;c8ff8f40-30a1-4f50-b898-3f0330039c75
Area Code;636;9315b38d-bac2-44b4-b661-65b785b01b3d  ;494e10e9-28dd-4e7b-801b-b981ec15de11
Area Code;641;9315b38d-bac2-44b4-b661-65b785b01b3d  ;63f84379-d3ab-4ef9-a4d3-45fe316e2836
Area Code;646;9315b38d-bac2-44b4-b661-65b785b01b3d  ;b55b3ee3-7ca8-4030-bd91-42b082145996
Area Code;650;9315b38d-bac2-44b4-b661-65b785b01b3d  ;e8c03955-3fb5-4858-8305-f81957c06b01
Area Code;651;9315b38d-bac2-44b4-b661-65b785b01b3d  ;bff80ec4-bdc7-4a3d-9573-5fbc63121258
Area Code;657;9315b38d-bac2-44b4-b661-65b785b01b3d  ;b3c713ec-5302-4c36-a657-37c9f89b3781
Area Code;660;9315b38d-bac2-44b4-b661-65b785b01b3d  ;e9fadaa8-3bf7-448d-aa18-f7eb5289fb12
Area Code;661;9315b38d-bac2-44b4-b661-65b785b01b3d  ;b132effe-6351-42b0-8bf7-2790486e057d
Area Code;662;9315b38d-bac2-44b4-b661-65b785b01b3d  ;579f7fb4-2be4-488a-b353-47a568427b4c
Area Code;667;9315b38d-bac2-44b4-b661-65b785b01b3d  ;9d4f1b14-44c9-4509-b4a3-4bdbf1b82c44
Area Code;669;9315b38d-bac2-44b4-b661-65b785b01b3d  ;306a8ae5-72ca-4f41-b966-393ecb8818ed
Area Code;678;9315b38d-bac2-44b4-b661-65b785b01b3d  ;dabb913a-7230-4102-9324-a2abe2563a83
Area Code;680;9315b38d-bac2-44b4-b661-65b785b01b3d  ;bdf9a260-d967-4858-9b00-fc4966fef321
Area Code;681;9315b38d-bac2-44b4-b661-65b785b01b3d  ;5d00c271-366f-44cf-ada2-c186134c4c56
Area Code;682;9315b38d-bac2-44b4-b661-65b785b01b3d  ;9a0c705e-dbae-46c1-9762-acc749b8e8b3
Area Code;701;9315b38d-bac2-44b4-b661-65b785b01b3d  ;867cced7-34a4-44ce-9884-857b1a926eb6
Area Code;702;9315b38d-bac2-44b4-b661-65b785b01b3d  ;07f4ab33-7459-42a3-a3cc-def1a47822fc
Area Code;703;9315b38d-bac2-44b4-b661-65b785b01b3d  ;61908076-ff06-4751-b466-6e6f6b3f4169
Area Code;704;9315b38d-bac2-44b4-b661-65b785b01b3d  ;8a3a525f-38dc-4f54-8c20-5fbebeff4b25
Area Code;706;9315b38d-bac2-44b4-b661-65b785b01b3d  ;d10c0217-4099-4d79-81f2-8970c9781781
Area Code;707;9315b38d-bac2-44b4-b661-65b785b01b3d  ;8c7d1b9a-ffe0-444e-8ac5-b3198d56c732
Area Code;708;9315b38d-bac2-44b4-b661-65b785b01b3d  ;11fd6713-46ee-435a-85ca-1676a02a251f
Area Code;712;9315b38d-bac2-44b4-b661-65b785b01b3d  ;ec4ecb41-d1b1-4e25-bad8-d692149683eb
Area Code;713;9315b38d-bac2-44b4-b661-65b785b01b3d  ;87086b28-c175-4dd4-a9d3-83a01ebc1f29
Area Code;714;9315b38d-bac2-44b4-b661-65b785b01b3d  ;861db70b-8458-4946-8287-b13d8ef8bc86
Area Code;715;9315b38d-bac2-44b4-b661-65b785b01b3d  ;cbd9228e-9648-4ae6-bf13-aea5fcb3fa8a
Area Code;716;9315b38d-bac2-44b4-b661-65b785b01b3d  ;115dc67e-81fa-46f4-8292-5160de5c2c7f
Area Code;717;9315b38d-bac2-44b4-b661-65b785b01b3d  ;dd497fb3-568f-4ffa-90c4-aed77613c49a
Area Code;718;9315b38d-bac2-44b4-b661-65b785b01b3d  ;8bb0430e-6efd-46cf-8dd8-5ee594842485
Area Code;719;9315b38d-bac2-44b4-b661-65b785b01b3d  ;57d20ad1-34f1-46f5-a19f-30052531e845
Area Code;720;9315b38d-bac2-44b4-b661-65b785b01b3d  ;23a311d9-0f2d-47d6-b880-7c3e36d46620
Area Code;724;9315b38d-bac2-44b4-b661-65b785b01b3d  ;f17af00a-9829-428d-9fd4-033a64a44933
Area Code;725;9315b38d-bac2-44b4-b661-65b785b01b3d  ;b7777488-2c9c-4c76-9216-36b705226f52
Area Code;727;9315b38d-bac2-44b4-b661-65b785b01b3d  ;51a8849f-c5cc-4bc2-9116-ea1d2772ad77
Area Code;731;9315b38d-bac2-44b4-b661-65b785b01b3d  ;a66fad95-1254-477b-934c-637c5e0c9918
Area Code;732;9315b38d-bac2-44b4-b661-65b785b01b3d  ;b5f9fd5d-15a8-4790-8aa6-92fce4ba5676
Area Code;734;9315b38d-bac2-44b4-b661-65b785b01b3d  ;0888819b-6e12-460c-ac39-c97787db3ede
Area Code;737;9315b38d-bac2-44b4-b661-65b785b01b3d  ;fb11efb4-9637-445d-a339-3791cf6722bd
Area Code;740;9315b38d-bac2-44b4-b661-65b785b01b3d  ;a7cec9b9-bfb1-4489-bf51-9b49a71b6717
Area Code;743;9315b38d-bac2-44b4-b661-65b785b01b3d  ;c69fedcb-1efe-4039-b4b4-78ff1d49564e
Area Code;747;9315b38d-bac2-44b4-b661-65b785b01b3d  ;c4f4f6d4-90b5-4439-8e31-8577d8904b30
Area Code;754;9315b38d-bac2-44b4-b661-65b785b01b3d  ;818f3fd1-81ac-4124-b2c0-76259aa41eb5
Area Code;757;9315b38d-bac2-44b4-b661-65b785b01b3d  ;c663c745-5804-486e-ac9e-8490233131eb
Area Code;760;9315b38d-bac2-44b4-b661-65b785b01b3d  ;06647b3c-5302-444f-af96-4e3d819ac8cd
Area Code;762;9315b38d-bac2-44b4-b661-65b785b01b3d  ;352b550e-eea6-46ec-82a6-df429f5fad13
Area Code;763;9315b38d-bac2-44b4-b661-65b785b01b3d  ;02c9c3ba-c07f-4566-bf96-087a5f37b06e
Area Code;765;9315b38d-bac2-44b4-b661-65b785b01b3d  ;3f4a53c6-c916-4fa8-813f-41e646b9501a
Area Code;769;9315b38d-bac2-44b4-b661-65b785b01b3d  ;aad24720-b2e4-4398-b55a-021d9263bcbe
Area Code;770;9315b38d-bac2-44b4-b661-65b785b01b3d  ;4bc83714-6d43-4dce-98bb-a958782b5c64
Area Code;772;9315b38d-bac2-44b4-b661-65b785b01b3d  ;02c5caec-a79b-4da2-b3db-8a5047bdce7e
Area Code;773;9315b38d-bac2-44b4-b661-65b785b01b3d  ;d81615bb-516c-4a90-bb26-0fa79797489f
Area Code;774;9315b38d-bac2-44b4-b661-65b785b01b3d  ;501ffe29-c137-4d49-8a9a-12b7ecd99bc8
Area Code;775;9315b38d-bac2-44b4-b661-65b785b01b3d  ;4cb86a24-d4d6-4e21-aa21-ee22ccc9e25c
Area Code;779;9315b38d-bac2-44b4-b661-65b785b01b3d  ;fbb3668e-f3cc-4d8d-bc0b-6889e3521a5d
Area Code;781;9315b38d-bac2-44b4-b661-65b785b01b3d  ;32adb3ff-c318-468d-b557-32c082aeb244
Area Code;785;9315b38d-bac2-44b4-b661-65b785b01b3d  ;50d8eefa-d14d-4ebf-8ce3-47df9ea2b4d8
Area Code;801;9315b38d-bac2-44b4-b661-65b785b01b3d  ;c08b63ee-7258-4ce8-b65e-586a90ad9e44
Area Code;802;9315b38d-bac2-44b4-b661-65b785b01b3d  ;96ac4c41-a6d1-495a-b7c8-28a8d7d11f03
Area Code;803;9315b38d-bac2-44b4-b661-65b785b01b3d  ;3ddb0d11-6e07-4c39-915f-1e86ebdd5eb6
Area Code;804;9315b38d-bac2-44b4-b661-65b785b01b3d  ;6aa1aff5-ce33-4df3-809f-8dafe046cd6b
Area Code;805;9315b38d-bac2-44b4-b661-65b785b01b3d  ;56f05f4b-7e53-4e55-9c6e-4feb4694cbc7
Area Code;806;9315b38d-bac2-44b4-b661-65b785b01b3d  ;1d768e66-38cc-40c3-bf20-2e55b3833efc
Area Code;808;9315b38d-bac2-44b4-b661-65b785b01b3d  ;b152680e-fe1f-4207-a941-b2cef19f0271
Area Code;810;9315b38d-bac2-44b4-b661-65b785b01b3d  ;8b3eb335-5e27-4f5d-a33f-9df7f5d9a693
Area Code;812;9315b38d-bac2-44b4-b661-65b785b01b3d  ;7be832d8-12d7-4615-8b36-6bac85b2c8b8
Area Code;813;9315b38d-bac2-44b4-b661-65b785b01b3d  ;123fb39b-b021-410f-aff7-dc82c69e1909
Area Code;814;9315b38d-bac2-44b4-b661-65b785b01b3d  ;e214c152-8d85-41c4-a31b-9ea5ff613b1d
Area Code;815;9315b38d-bac2-44b4-b661-65b785b01b3d  ;a4b33b69-a769-4763-b065-d2e33add6839
Area Code;816;9315b38d-bac2-44b4-b661-65b785b01b3d  ;51b298af-0ffb-4ff6-a542-dc66d34d610d
Area Code;817;9315b38d-bac2-44b4-b661-65b785b01b3d  ;d2d57227-af85-42e2-a57d-9bf640f78266
Area Code;818;9315b38d-bac2-44b4-b661-65b785b01b3d  ;1fcc079a-46aa-4772-bc30-c6775835e450
Area Code;828;9315b38d-bac2-44b4-b661-65b785b01b3d  ;b251dbf5-8414-401d-a1e9-ac38d49de413
Area Code;830;9315b38d-bac2-44b4-b661-65b785b01b3d  ;cf2ed483-f1d4-4ddb-b07e-ec49f8a8f0dd
Area Code;831;9315b38d-bac2-44b4-b661-65b785b01b3d  ;8d963bef-168a-4918-a75b-2775800d3019
Area Code;832;9315b38d-bac2-44b4-b661-65b785b01b3d  ;a1269905-6484-44da-94bf-95e2a1664e3d
Area Code;843;9315b38d-bac2-44b4-b661-65b785b01b3d  ;d3921ab5-1cb6-4ac2-adb6-ce87d3cc7653
Area Code;845;9315b38d-bac2-44b4-b661-65b785b01b3d  ;e0bc40a9-4d90-4e57-9f18-68368b74a151
Area Code;847;9315b38d-bac2-44b4-b661-65b785b01b3d  ;6b70e434-fbc2-4a8c-b63b-44afc2d458fb
Area Code;848;9315b38d-bac2-44b4-b661-65b785b01b3d  ;44192745-7701-471e-92ba-d5fc77994fed
Area Code;850;9315b38d-bac2-44b4-b661-65b785b01b3d  ;33c3f75c-5ce5-46b5-9f1a-93042e95fbec
Area Code;854;9315b38d-bac2-44b4-b661-65b785b01b3d  ;d9f7f4f8-2eca-484a-9e2e-1aea0ec3db72
Area Code;856;9315b38d-bac2-44b4-b661-65b785b01b3d  ;4c58e1ac-da75-4a92-8978-bf4c7e34bf52
Area Code;858;9315b38d-bac2-44b4-b661-65b785b01b3d  ;732ebd8d-3367-45da-ab9f-6fb40c2a0e25
Area Code;859;9315b38d-bac2-44b4-b661-65b785b01b3d  ;f52016d1-5cbf-4fde-9d88-564d1da0b356
Area Code;860;9315b38d-bac2-44b4-b661-65b785b01b3d  ;355532bb-4f3b-4a8a-aa99-a761a2422801
Area Code;862;9315b38d-bac2-44b4-b661-65b785b01b3d  ;9e080e9e-f223-41d3-a27f-351716921358
Area Code;863;9315b38d-bac2-44b4-b661-65b785b01b3d  ;1a5431e4-dd9e-413c-af3a-1a772bdee1fc
Area Code;864;9315b38d-bac2-44b4-b661-65b785b01b3d  ;d0fb8673-fd4a-45eb-a5ee-64343d3cb229
Area Code;865;9315b38d-bac2-44b4-b661-65b785b01b3d  ;4f390144-79fe-458e-8ae5-a852a3067393
Area Code;870;9315b38d-bac2-44b4-b661-65b785b01b3d  ;29ec55c7-a386-44e5-99ab-2e685a2837eb
Area Code;872;9315b38d-bac2-44b4-b661-65b785b01b3d  ;010c7149-760b-4faa-b67f-eec808b4c3af
Area Code;878;9315b38d-bac2-44b4-b661-65b785b01b3d  ;483aa655-dc48-415c-836b-54a4d994fdcc
Area Code;901;9315b38d-bac2-44b4-b661-65b785b01b3d  ;6c09f3b0-b20f-4191-969a-da979f0a828f
Area Code;903;9315b38d-bac2-44b4-b661-65b785b01b3d  ;9a984b76-70ac-401a-b8f8-155488866363
Area Code;904;9315b38d-bac2-44b4-b661-65b785b01b3d  ;ce0a356e-b62f-4753-bd71-c079264eb991
Area Code;906;9315b38d-bac2-44b4-b661-65b785b01b3d  ;b6be281a-f10c-495b-b5ff-a2d2ffc1b0a3
Area Code;907;9315b38d-bac2-44b4-b661-65b785b01b3d  ;2093d869-0179-4f15-b1e2-772b45f76e66
Area Code;908;9315b38d-bac2-44b4-b661-65b785b01b3d  ;b17c8089-4cd8-4006-9af1-55a9558c8a9d
Area Code;909;9315b38d-bac2-44b4-b661-65b785b01b3d  ;57077cc2-57d6-441a-ad84-5cd7d81e8885
Area Code;910;9315b38d-bac2-44b4-b661-65b785b01b3d  ;dcc14528-5174-4e56-adca-90e5989b2084
Area Code;912;9315b38d-bac2-44b4-b661-65b785b01b3d  ;cc0e3087-57e8-4931-8633-160b9c120eb9
Area Code;913;9315b38d-bac2-44b4-b661-65b785b01b3d  ;1bc97930-5e6c-4302-a4c4-7c963b7e4884
Area Code;914;9315b38d-bac2-44b4-b661-65b785b01b3d  ;def9f19f-df3d-40df-98f3-6855b1067f8a
Area Code;915;9315b38d-bac2-44b4-b661-65b785b01b3d  ;227ec17b-27bb-471a-8e7a-5eb2076d701d
Area Code;916;9315b38d-bac2-44b4-b661-65b785b01b3d  ;17cf6755-e9a1-4e52-99ed-2b566ce058eb
Area Code;917;9315b38d-bac2-44b4-b661-65b785b01b3d  ;956aa42b-23e0-481f-90ee-6ad591b63b22
Area Code;918;9315b38d-bac2-44b4-b661-65b785b01b3d  ;7cee7d5d-44d2-4f6d-bc51-c234011a281b
Area Code;919;9315b38d-bac2-44b4-b661-65b785b01b3d  ;00be7868-c3f4-4c51-8ec4-f601e8b141d2
Area Code;920;9315b38d-bac2-44b4-b661-65b785b01b3d  ;e994822e-8128-4d93-91cc-77f197e76ead
Area Code;925;9315b38d-bac2-44b4-b661-65b785b01b3d  ;39e67d6e-0981-4e4c-87c2-3e1b2c07f6b8
Area Code;928;9315b38d-bac2-44b4-b661-65b785b01b3d  ;7ee3b022-cda4-45e6-9618-c964a1e68dd1
Area Code;929;9315b38d-bac2-44b4-b661-65b785b01b3d  ;82f3a57b-26d4-49c5-a5c6-8c2412ecd60e
Area Code;979;9315b38d-bac2-44b4-b661-65b785b01b3d  ;ccef73cc-9740-42e6-8657-f3db7d60d4ed
Area Code;980;9315b38d-bac2-44b4-b661-65b785b01b3d  ;1de51de7-0d61-426b-9a87-701cd076bb6c
Area Code;984;9315b38d-bac2-44b4-b661-65b785b01b3d  ;3794d442-f424-4f97-890b-68166fde6249
Area Code;985;9315b38d-bac2-44b4-b661-65b785b01b3d  ;47862254-9b03-4af9-8a34-eef7dd4de0a3
Area Code;989;9315b38d-bac2-44b4-b661-65b785b01b3d  ;49d3ec48-552f-40ff-b72e-3fbddb7932f1
Area Code;201;9315b38d-bac2-44b4-b661-65b785b01b3d  ;5d28954b-f101-4df3-ab15-1c2509700b66
Area Code;202;9315b38d-bac2-44b4-b661-65b785b01b3d  ;bc0c2801-d66d-4915-9763-41cea10ec0eb
Area Code;203;9315b38d-bac2-44b4-b661-65b785b01b3d  ;617f595b-28f7-4743-b5d6-f836e889aed5
Area Code;205;9315b38d-bac2-44b4-b661-65b785b01b3d  ;af52d5e3-52b2-48c1-b442-8164139d7125
Area Code;206;9315b38d-bac2-44b4-b661-65b785b01b3d  ;87dc5322-d016-4e25-a16f-8787e46cc49d
Area Code;207;9315b38d-bac2-44b4-b661-65b785b01b3d  ;7409b113-eba8-4af4-9726-45b51218d87f
Area Code;208;9315b38d-bac2-44b4-b661-65b785b01b3d  ;e28329c3-d7ac-4f79-b6d9-91ecd77711bc
