1|CompanyName|2020-10-07 19:38:27.000|1|CreatedDate|16a17a48-d09b-11ea-9579-bba61161b25a  
2|3Com Corp|2020-10-07 19:38:27.000|1|2019-06-23|16a17a48-d09b-11ea-9579-bba61161b25a  
3|3M Company A.G. Edwards Inc. |2020-10-07 19:38:27.000|1|2019-06-23|16a17a48-d09b-11ea-9579-bba61161b25a  
4|Abbott Laboratories|2020-10-07 19:38:27.000|1|2019-06-23|16a17a48-d09b-11ea-9579-bba61161b25a  
5|Abercrombie & Fitch Co.|2020-10-07 19:38:27.000|1|2019-06-23|16a17a48-d09b-11ea-9579-bba61161b25a  
6|ABM Industries Incorporated|2020-10-07 19:38:27.000|1|2019-06-23|16a17a48-d09b-11ea-9579-bba61161b25a  
7|Ace Hardware Corporation|2020-10-07 19:38:27.000|1|2019-06-23|16a17a48-d09b-11ea-9579-bba61161b25a  
8|ACT Manufacturing Inc.|2020-10-07 19:38:27.000|1|2019-06-23|16a17a48-d09b-11ea-9579-bba61161b25a  
9|Acterna Corp.|2020-10-07 19:38:27.000|1|2019-06-23|16a17a48-d09b-11ea-9579-bba61161b25a  
10|Adams Resources & Energy, Inc.|2020-10-07 19:38:27.000|1|2019-06-23|16a17a48-d09b-11ea-9579-bba61161b25a  
11|ADC Telecommunications, Inc.|2020-10-07 19:38:27.000|1|2019-06-23|16a17a48-d09b-11ea-9579-bba61161b25a  
12|Adelphia Communications Corporation|2020-10-07 19:38:27.000|1|2019-06-23|16a17a48-d09b-11ea-9579-bba61161b25a  
13|Administaff, Inc.|2020-10-07 19:38:27.000|1|2019-06-23|16a17a48-d09b-11ea-9579-bba61161b25a  
14|Adobe Systems Incorporated|2020-10-07 19:38:27.000|1|2019-06-23|16a17a48-d09b-11ea-9579-bba61161b25a  
15|Adolph Coors Company|2020-10-07 19:38:27.000|1|2019-06-23|16a17a48-d09b-11ea-9579-bba61161b25a  
16|Advance Auto Parts, Inc.|2020-10-07 19:38:27.000|1|2019-06-23|16a17a48-d09b-11ea-9579-bba61161b25a  
17|Advanced Micro Devices, Inc.|2020-10-07 19:38:27.000|1|2019-06-23|16a17a48-d09b-11ea-9579-bba61161b25a  
18|AdvancePCS, Inc.|2020-10-07 19:38:27.000|1|2019-06-23|16a17a48-d09b-11ea-9579-bba61161b25a  
19|Advantica Restaurant Group, Inc.|2020-10-07 19:38:27.000|1|2019-06-23|16a17a48-d09b-11ea-9579-bba61161b25a  
20|The AES Corporation|2020-10-07 19:38:27.000|1|2019-06-23|16a17a48-d09b-11ea-9579-bba61161b25a  
21|Aetna Inc.|2020-10-07 19:38:27.000|1|2019-06-23|16a17a48-d09b-11ea-9579-bba61161b25a  
22|Affiliated Computer Services, Inc.|2020-10-07 19:38:27.000|1|2019-06-23|16a17a48-d09b-11ea-9579-bba61161b25a  
23|AFLAC Incorporated|2020-10-07 19:38:27.000|1|2019-06-23|16a17a48-d09b-11ea-9579-bba61161b25a  
24|AGCO Corporation|2020-10-07 19:38:27.000|1|2019-06-23|16a17a48-d09b-11ea-9579-bba61161b25a  
25|Agilent Technologies, Inc.|2020-10-07 19:38:27.000|1|2019-06-23|16a17a48-d09b-11ea-9579-bba61161b25a  
26|Agway Inc.|2020-10-07 19:38:27.000|1|2019-06-23|16a17a48-d09b-11ea-9579-bba61161b25a  
27|Apartment Investment and Management Company|2020-10-07 19:38:27.000|1|2019-06-23|16a17a48-d09b-11ea-9579-bba61161b25a  
28|Air Products and Chemicals, Inc.|2020-10-07 19:38:27.000|1|2019-06-23|16a17a48-d09b-11ea-9579-bba61161b25a  
29|Airborne, Inc.|2020-10-07 19:38:27.000|1|2019-06-23|16a17a48-d09b-11ea-9579-bba61161b25a  
30|Airgas, Inc.|2020-10-07 19:38:27.000|1|2019-06-23|16a17a48-d09b-11ea-9579-bba61161b25a  
31|AK Steel Holding Corporation|2020-10-07 19:38:27.000|1|2019-06-23|16a17a48-d09b-11ea-9579-bba61161b25a  
32|Alaska Air Group, Inc.|2020-10-07 19:38:27.000|1|2019-06-23|16a17a48-d09b-11ea-9579-bba61161b25a  
33|Alberto-Culver Company|2020-10-07 19:38:27.000|1|2019-06-23|16a17a48-d09b-11ea-9579-bba61161b25a  
34|Albertson's, Inc.|2020-10-07 19:38:27.000|1|2019-06-23|16a17a48-d09b-11ea-9579-bba61161b25a  
35|Alcoa Inc.|2020-10-07 19:38:27.000|1|2019-06-23|16a17a48-d09b-11ea-9579-bba61161b25a  
36|Alleghany Corporation|2020-10-07 19:38:27.000|1|2019-06-23|16a17a48-d09b-11ea-9579-bba61161b25a  
37|Allegheny Energy, Inc.|2020-10-07 19:38:27.000|1|2019-06-23|16a17a48-d09b-11ea-9579-bba61161b25a  
38|Allegheny Technologies Incorporated|2020-10-07 19:38:27.000|1|2019-06-23|16a17a48-d09b-11ea-9579-bba61161b25a  
39|Allergan, Inc.|2020-10-07 19:38:27.000|1|2019-06-23|16a17a48-d09b-11ea-9579-bba61161b25a  
40|ALLETE, Inc.|2020-10-07 19:38:27.000|1|2019-06-23|16a17a48-d09b-11ea-9579-bba61161b25a  
41|Alliant Energy Corporation|2020-10-07 19:38:27.000|1|2019-06-23|16a17a48-d09b-11ea-9579-bba61161b25a  
42|Allied Waste Industries, Inc.|2020-10-07 19:38:27.000|1|2019-06-23|16a17a48-d09b-11ea-9579-bba61161b25a  
43|Allmerica Financial Corporation|2020-10-07 19:38:27.000|1|2019-06-23|16a17a48-d09b-11ea-9579-bba61161b25a  
44|The Allstate Corporation|2020-10-07 19:38:27.000|1|2019-06-23|16a17a48-d09b-11ea-9579-bba61161b25a  
45|ALLTEL Corporation|2020-10-07 19:38:27.000|1|2019-06-23|16a17a48-d09b-11ea-9579-bba61161b25a  
46|The Alpine Group, Inc.|2020-10-07 19:38:27.000|1|2019-06-23|16a17a48-d09b-11ea-9579-bba61161b25a  
47|Amazon.com, Inc.|2020-10-07 19:38:27.000|1|2019-06-23|16a17a48-d09b-11ea-9579-bba61161b25a  
48|AMC Entertainment Inc.|2020-10-07 19:38:27.000|1|2019-06-23|16a17a48-d09b-11ea-9579-bba61161b25a  
49|American Power Conversion Corporation|2020-10-07 19:38:27.000|1|2019-06-23|16a17a48-d09b-11ea-9579-bba61161b25a  
50|Amerada Hess Corporation|2020-10-07 19:38:27.000|1|2019-06-23|16a17a48-d09b-11ea-9579-bba61161b25a  
51|AMERCO|2020-10-07 19:38:27.000|1|2019-06-23|16a17a48-d09b-11ea-9579-bba61161b25a  
52|Ameren Corporation|2020-10-07 19:38:27.000|1|2019-06-23|16a17a48-d09b-11ea-9579-bba61161b25a  
53|America West Holdings Corporation|2020-10-07 19:38:27.000|1|2019-06-23|16a17a48-d09b-11ea-9579-bba61161b25a  
54|American Axle & Manufacturing Holdings, Inc.|2020-10-07 19:38:27.000|1|2019-06-23|16a17a48-d09b-11ea-9579-bba61161b25a  
55|American Eagle Outfitters, Inc.|2020-10-07 19:38:27.000|1|2019-06-23|16a17a48-d09b-11ea-9579-bba61161b25a  
56|American Electric Power Company, Inc.|2020-10-07 19:38:27.000|1|2019-06-23|16a17a48-d09b-11ea-9579-bba61161b25a  
57|American Express Company|2020-10-07 19:38:27.000|1|2019-06-23|16a17a48-d09b-11ea-9579-bba61161b25a  
58|American Financial Group, Inc.|2020-10-07 19:38:27.000|1|2019-06-23|16a17a48-d09b-11ea-9579-bba61161b25a  
59|American Greetings Corporation|2020-10-07 19:38:27.000|1|2019-06-23|16a17a48-d09b-11ea-9579-bba61161b25a  
60|American International Group, Inc.|2020-10-07 19:38:27.000|1|2019-06-23|16a17a48-d09b-11ea-9579-bba61161b25a  
61|American Standard Companies Inc.|2020-10-07 19:38:27.000|1|2019-06-23|16a17a48-d09b-11ea-9579-bba61161b25a  
62|American Water Works Company, Inc.|2020-10-07 19:38:27.000|1|2019-06-23|16a17a48-d09b-11ea-9579-bba61161b25a  
63|AmerisourceBergen Corporation|2020-10-07 19:38:27.000|1|2019-06-23|16a17a48-d09b-11ea-9579-bba61161b25a  
64|Ames Department Stores, Inc.|2020-10-07 19:38:27.000|1|2019-06-23|16a17a48-d09b-11ea-9579-bba61161b25a  
65|Amgen Inc.|2020-10-07 19:38:27.000|1|2019-06-23|16a17a48-d09b-11ea-9579-bba61161b25a  
66|Amkor Technology, Inc.|2020-10-07 19:38:27.000|1|2019-06-23|16a17a48-d09b-11ea-9579-bba61161b25a  
67|AMR Corporation|2020-10-07 19:38:27.000|1|2019-06-23|16a17a48-d09b-11ea-9579-bba61161b25a  
68|AmSouth Bancorp.|2020-10-07 19:38:27.000|1|2019-06-23|16a17a48-d09b-11ea-9579-bba61161b25a  
69|Amtran, Inc.|2020-10-07 19:38:27.000|1|2019-06-23|16a17a48-d09b-11ea-9579-bba61161b25a  
70|Anadarko Petroleum Corporation|2020-10-07 19:38:27.000|1|2019-06-23|16a17a48-d09b-11ea-9579-bba61161b25a  
71|Analog Devices, Inc.|2020-10-07 19:38:27.000|1|2019-06-23|16a17a48-d09b-11ea-9579-bba61161b25a  
72|Anheuser-Busch Companies, Inc.|2020-10-07 19:38:27.000|1|2019-06-23|16a17a48-d09b-11ea-9579-bba61161b25a  
73|Anixter International Inc.|2020-10-07 19:38:27.000|1|2019-06-23|16a17a48-d09b-11ea-9579-bba61161b25a  
74|AnnTaylor Inc.|2020-10-07 19:38:27.000|1|2019-06-23|16a17a48-d09b-11ea-9579-bba61161b25a  
75|Anthem, Inc.|2020-10-07 19:38:27.000|1|2019-06-23|16a17a48-d09b-11ea-9579-bba61161b25a  
76|AOL Time Warner Inc.|2020-10-07 19:38:27.000|1|2019-06-23|16a17a48-d09b-11ea-9579-bba61161b25a  
77|Aon Corporation|2020-10-07 19:38:27.000|1|2019-06-23|16a17a48-d09b-11ea-9579-bba61161b25a  
78|Apache Corporation|2020-10-07 19:38:27.000|1|2019-06-23|16a17a48-d09b-11ea-9579-bba61161b25a  
79|Apple Computer, Inc.|2020-10-07 19:38:27.000|1|2019-06-23|16a17a48-d09b-11ea-9579-bba61161b25a  
80|Applera Corporation|2020-10-07 19:38:27.000|1|2019-06-23|16a17a48-d09b-11ea-9579-bba61161b25a  
81|Applied Industrial Technologies, Inc.|2020-10-07 19:38:27.000|1|2019-06-23|16a17a48-d09b-11ea-9579-bba61161b25a  
82|Applied Materials, Inc.|2020-10-07 19:38:27.000|1|2019-06-23|16a17a48-d09b-11ea-9579-bba61161b25a  
83|Aquila, Inc.|2020-10-07 19:38:27.000|1|2019-06-23|16a17a48-d09b-11ea-9579-bba61161b25a  
84|ARAMARK Corporation|2020-10-07 19:38:27.000|1|2019-06-23|16a17a48-d09b-11ea-9579-bba61161b25a  
85|Arch Coal, Inc.|2020-10-07 19:38:27.000|1|2019-06-23|16a17a48-d09b-11ea-9579-bba61161b25a  
86|Archer Daniels Midland Company|2020-10-07 19:38:27.000|1|2019-06-23|16a17a48-d09b-11ea-9579-bba61161b25a  
87|Arkansas Best Corporation|2020-10-07 19:38:27.000|1|2019-06-23|16a17a48-d09b-11ea-9579-bba61161b25a  
88|Armstrong Holdings, Inc.|2020-10-07 19:38:27.000|1|2019-06-23|16a17a48-d09b-11ea-9579-bba61161b25a  
89|Arrow Electronics, Inc.|2020-10-07 19:38:27.000|1|2019-06-23|16a17a48-d09b-11ea-9579-bba61161b25a  
90|ArvinMeritor, Inc.|2020-10-07 19:38:27.000|1|2019-06-23|16a17a48-d09b-11ea-9579-bba61161b25a  
91|Ashland Inc.|2020-10-07 19:38:27.000|1|2019-06-23|16a17a48-d09b-11ea-9579-bba61161b25a  
92|Astoria Financial Corporation|2020-10-07 19:38:27.000|1|2019-06-23|16a17a48-d09b-11ea-9579-bba61161b25a  
93|AT&T Corp.|2020-10-07 19:38:27.000|1|2019-06-23|16a17a48-d09b-11ea-9579-bba61161b25a  
94|Atmel Corporation|2020-10-07 19:38:27.000|1|2019-06-23|16a17a48-d09b-11ea-9579-bba61161b25a  
95|Atmos Energy Corporation|2020-10-07 19:38:27.000|1|2019-06-23|16a17a48-d09b-11ea-9579-bba61161b25a  
96|Audiovox Corporation|2020-10-07 19:38:27.000|1|2019-06-23|16a17a48-d09b-11ea-9579-bba61161b25a  
97|Autoliv, Inc.|2020-10-07 19:38:27.000|1|2019-06-23|16a17a48-d09b-11ea-9579-bba61161b25a  
98|Automatic Data Processing, Inc.|2020-10-07 19:38:27.000|1|2019-06-23|16a17a48-d09b-11ea-9579-bba61161b25a  
99|AutoNation, Inc.|2020-10-07 19:38:27.000|1|2019-06-23|16a17a48-d09b-11ea-9579-bba61161b25a  
100|AutoZone, Inc.|2020-10-07 19:38:27.000|1|2019-06-23|16a17a48-d09b-11ea-9579-bba61161b25a  
101|Avaya Inc.|2020-10-07 19:38:27.000|1|2019-06-23|16a17a48-d09b-11ea-9579-bba61161b25a  
102|Avery Dennison Corporation|2020-10-07 19:38:27.000|1|2019-06-23|16a17a48-d09b-11ea-9579-bba61161b25a  
103|Avista Corporation|2020-10-07 19:38:27.000|1|2019-06-23|16a17a48-d09b-11ea-9579-bba61161b25a  
104|Avnet, Inc.|2020-10-07 19:38:27.000|1|2019-06-23|16a17a48-d09b-11ea-9579-bba61161b25a  
105|Avon Products, Inc.|2020-10-07 19:38:27.000|1|2019-06-23|16a17a48-d09b-11ea-9579-bba61161b25a  
106|Baker Hughes Incorporated|2020-10-07 19:38:27.000|1|2019-06-23|16a17a48-d09b-11ea-9579-bba61161b25a  
107|Ball Corporation|2020-10-07 19:38:27.000|1|2019-06-23|16a17a48-d09b-11ea-9579-bba61161b25a  
108|Bank of America Corporation|2020-10-07 19:38:27.000|1|2019-06-23|16a17a48-d09b-11ea-9579-bba61161b25a  
109|The Bank of New York Company, Inc.|2020-10-07 19:38:27.000|1|2019-06-23|16a17a48-d09b-11ea-9579-bba61161b25a  
110|Bank One Corporation|2020-10-07 19:38:27.000|1|2019-06-23|16a17a48-d09b-11ea-9579-bba61161b25a  
111|Banknorth Group, Inc.|2020-10-07 19:38:27.000|1|2019-06-23|16a17a48-d09b-11ea-9579-bba61161b25a  
112|Banta Corporation|2020-10-07 19:38:27.000|1|2019-06-23|16a17a48-d09b-11ea-9579-bba61161b25a  
113|Barnes & Noble, Inc.|2020-10-07 19:38:27.000|1|2019-06-23|16a17a48-d09b-11ea-9579-bba61161b25a  
114|Bausch & Lomb Incorporated|2020-10-07 19:38:27.000|1|2019-06-23|16a17a48-d09b-11ea-9579-bba61161b25a  
115|Baxter International Inc.|2020-10-07 19:38:27.000|1|2019-06-23|16a17a48-d09b-11ea-9579-bba61161b25a  
116|BB&T Corporation|2020-10-07 19:38:27.000|1|2019-06-23|16a17a48-d09b-11ea-9579-bba61161b25a  
117|The Bear Stearns Companies Inc.|2020-10-07 19:38:27.000|1|2019-06-23|16a17a48-d09b-11ea-9579-bba61161b25a  
118|Beazer Homes USA, Inc.|2020-10-07 19:38:27.000|1|2019-06-23|16a17a48-d09b-11ea-9579-bba61161b25a  
119|Beckman Coulter, Inc.|2020-10-07 19:38:27.000|1|2019-06-23|16a17a48-d09b-11ea-9579-bba61161b25a  
120|Becton, Dickinson and Company|2020-10-07 19:38:27.000|1|2019-06-23|16a17a48-d09b-11ea-9579-bba61161b25a  
121|Bed Bath & Beyond Inc.|2020-10-07 19:38:27.000|1|2019-06-23|16a17a48-d09b-11ea-9579-bba61161b25a  
122|Belk, Inc.|2020-10-07 19:38:27.000|1|2019-06-23|16a17a48-d09b-11ea-9579-bba61161b25a  
123|Bell Microproducts Inc.|2020-10-07 19:38:27.000|1|2019-06-23|16a17a48-d09b-11ea-9579-bba61161b25a  
124|BellSouth Corporation|2020-10-07 19:38:27.000|1|2019-06-23|16a17a48-d09b-11ea-9579-bba61161b25a  
125|Belo Corp.|2020-10-07 19:38:27.000|1|2019-06-23|16a17a48-d09b-11ea-9579-bba61161b25a  
126|Bemis Company, Inc.|2020-10-07 19:38:27.000|1|2019-06-23|16a17a48-d09b-11ea-9579-bba61161b25a  
127|Benchmark Electronics, Inc.|2020-10-07 19:38:27.000|1|2019-06-23|16a17a48-d09b-11ea-9579-bba61161b25a  
128|Berkshire Hathaway Inc.|2020-10-07 19:38:27.000|1|2019-06-23|16a17a48-d09b-11ea-9579-bba61161b25a  
129|Best Buy Co., Inc.|2020-10-07 19:38:27.000|1|2019-06-23|16a17a48-d09b-11ea-9579-bba61161b25a  
130|Bethlehem Steel Corporation|2020-10-07 19:38:27.000|1|2019-06-23|16a17a48-d09b-11ea-9579-bba61161b25a  
131|Beverly Enterprises, Inc.|2020-10-07 19:38:27.000|1|2019-06-23|16a17a48-d09b-11ea-9579-bba61161b25a  
132|Big Lots, Inc.|2020-10-07 19:38:27.000|1|2019-06-23|16a17a48-d09b-11ea-9579-bba61161b25a  
133|BJ Services Company|2020-10-07 19:38:27.000|1|2019-06-23|16a17a48-d09b-11ea-9579-bba61161b25a  
134|BJ's Wholesale Club, Inc.|2020-10-07 19:38:27.000|1|2019-06-23|16a17a48-d09b-11ea-9579-bba61161b25a  
135|The Black & Decker Corporation|2020-10-07 19:38:27.000|1|2019-06-23|16a17a48-d09b-11ea-9579-bba61161b25a  
136|Black Hills Corporation|2020-10-07 19:38:27.000|1|2019-06-23|16a17a48-d09b-11ea-9579-bba61161b25a  
137|BMC Software, Inc.|2020-10-07 19:38:27.000|1|2019-06-23|16a17a48-d09b-11ea-9579-bba61161b25a  
138|The Boeing Company|2020-10-07 19:38:27.000|1|2019-06-23|16a17a48-d09b-11ea-9579-bba61161b25a  
139|Boise Cascade Corporation|2020-10-07 19:38:27.000|1|2019-06-23|16a17a48-d09b-11ea-9579-bba61161b25a  
140|Borders Group, Inc.|2020-10-07 19:38:27.000|1|2019-06-23|16a17a48-d09b-11ea-9579-bba61161b25a  
141|BorgWarner Inc.|2020-10-07 19:38:27.000|1|2019-06-23|16a17a48-d09b-11ea-9579-bba61161b25a  
142|Boston Scientific Corporation|2020-10-07 19:38:27.000|1|2019-06-23|16a17a48-d09b-11ea-9579-bba61161b25a  
143|Bowater Incorporated|2020-10-07 19:38:27.000|1|2019-06-23|16a17a48-d09b-11ea-9579-bba61161b25a  
144|Briggs & Stratton Corporation|2020-10-07 19:38:27.000|1|2019-06-23|16a17a48-d09b-11ea-9579-bba61161b25a  
145|Brightpoint, Inc.|2020-10-07 19:38:27.000|1|2019-06-23|16a17a48-d09b-11ea-9579-bba61161b25a  
146|Brinker International, Inc.|2020-10-07 19:38:27.000|1|2019-06-23|16a17a48-d09b-11ea-9579-bba61161b25a  
147|Bristol-Myers Squibb Company|2020-10-07 19:38:27.000|1|2019-06-23|16a17a48-d09b-11ea-9579-bba61161b25a  
148|Broadwing, Inc.|2020-10-07 19:38:27.000|1|2019-06-23|16a17a48-d09b-11ea-9579-bba61161b25a  
149|Brown Shoe Company, Inc.|2020-10-07 19:38:27.000|1|2019-06-23|16a17a48-d09b-11ea-9579-bba61161b25a  
150|Brown-Forman Corporation|2020-10-07 19:38:27.000|1|2019-06-23|16a17a48-d09b-11ea-9579-bba61161b25a  
151|Brunswick Corporation|2020-10-07 19:38:27.000|1|2019-06-23|16a17a48-d09b-11ea-9579-bba61161b25a  
152|Budget Group, Inc.|2020-10-07 19:38:27.000|1|2019-06-23|16a17a48-d09b-11ea-9579-bba61161b25a  
153|Burlington Coat Factory Warehouse Corporation|2020-10-07 19:38:27.000|1|2019-06-23|16a17a48-d09b-11ea-9579-bba61161b25a  
154|Burlington Industries, Inc.|2020-10-07 19:38:27.000|1|2019-06-23|16a17a48-d09b-11ea-9579-bba61161b25a  
155|Burlington Northern Santa Fe Corporation|2020-10-07 19:38:27.000|1|2019-06-23|16a17a48-d09b-11ea-9579-bba61161b25a  
156|Burlington Resources Inc.|2020-10-07 19:38:27.000|1|2019-06-23|16a17a48-d09b-11ea-9579-bba61161b25a  
157|C. H. Robinson Worldwide Inc.|2020-10-07 19:38:27.000|1|2019-06-23|16a17a48-d09b-11ea-9579-bba61161b25a  
158|Cablevision Systems Corp|2020-10-07 19:38:27.000|1|2019-06-23|16a17a48-d09b-11ea-9579-bba61161b25a  
159|Cabot Corp|2020-10-07 19:38:27.000|1|2019-06-23|16a17a48-d09b-11ea-9579-bba61161b25a  
160|Cadence Design Systems, Inc.|2020-10-07 19:38:27.000|1|2019-06-23|16a17a48-d09b-11ea-9579-bba61161b25a  
161|Calpine Corp.|2020-10-07 19:38:27.000|1|2019-06-23|16a17a48-d09b-11ea-9579-bba61161b25a  
162|Campbell Soup Co.|2020-10-07 19:38:27.000|1|2019-06-23|16a17a48-d09b-11ea-9579-bba61161b25a  
163|Capital One Financial Corp.|2020-10-07 19:38:27.000|1|2019-06-23|16a17a48-d09b-11ea-9579-bba61161b25a  
164|Cardinal Health Inc.|2020-10-07 19:38:27.000|1|2019-06-23|16a17a48-d09b-11ea-9579-bba61161b25a  
165|Caremark Rx Inc.|2020-10-07 19:38:27.000|1|2019-06-23|16a17a48-d09b-11ea-9579-bba61161b25a  
166|Carlisle Cos. Inc.|2020-10-07 19:38:27.000|1|2019-06-23|16a17a48-d09b-11ea-9579-bba61161b25a  
167|Carpenter Technology Corp.|2020-10-07 19:38:27.000|1|2019-06-23|16a17a48-d09b-11ea-9579-bba61161b25a  
168|Casey's General Stores Inc.|2020-10-07 19:38:27.000|1|2019-06-23|16a17a48-d09b-11ea-9579-bba61161b25a  
169|Caterpillar Inc.|2020-10-07 19:38:27.000|1|2019-06-23|16a17a48-d09b-11ea-9579-bba61161b25a  
170|CBRL Group Inc.|2020-10-07 19:38:27.000|1|2019-06-23|16a17a48-d09b-11ea-9579-bba61161b25a  
171|CDI Corp.|2020-10-07 19:38:27.000|1|2019-06-23|16a17a48-d09b-11ea-9579-bba61161b25a  
172|CDW Computer Centers Inc.|2020-10-07 19:38:27.000|1|2019-06-23|16a17a48-d09b-11ea-9579-bba61161b25a  
173|CellStar Corp.|2020-10-07 19:38:27.000|1|2019-06-23|16a17a48-d09b-11ea-9579-bba61161b25a  
174|Cendant Corp|2020-10-07 19:38:27.000|1|2019-06-23|16a17a48-d09b-11ea-9579-bba61161b25a  
175|Cenex Harvest States Cooperatives|2020-10-07 19:38:27.000|1|2019-06-23|16a17a48-d09b-11ea-9579-bba61161b25a  
176|Centex Corp.|2020-10-07 19:38:27.000|1|2019-06-23|16a17a48-d09b-11ea-9579-bba61161b25a  
177|CenturyTel Inc.|2020-10-07 19:38:27.000|1|2019-06-23|16a17a48-d09b-11ea-9579-bba61161b25a  
178|Ceridian Corp.|2020-10-07 19:38:27.000|1|2019-06-23|16a17a48-d09b-11ea-9579-bba61161b25a  
179|CH2M Hill Cos. Ltd.|2020-10-07 19:38:27.000|1|2019-06-23|16a17a48-d09b-11ea-9579-bba61161b25a  
180|Champion Enterprises Inc.|2020-10-07 19:38:27.000|1|2019-06-23|16a17a48-d09b-11ea-9579-bba61161b25a  
181|Charles Schwab Corp.|2020-10-07 19:38:27.000|1|2019-06-23|16a17a48-d09b-11ea-9579-bba61161b25a  
182|Charming Shoppes Inc.|2020-10-07 19:38:27.000|1|2019-06-23|16a17a48-d09b-11ea-9579-bba61161b25a  
183|Charter Communications Inc.|2020-10-07 19:38:27.000|1|2019-06-23|16a17a48-d09b-11ea-9579-bba61161b25a  
184|Charter One Financial Inc.|2020-10-07 19:38:27.000|1|2019-06-23|16a17a48-d09b-11ea-9579-bba61161b25a  
185|ChevronTexaco Corp.|2020-10-07 19:38:27.000|1|2019-06-23|16a17a48-d09b-11ea-9579-bba61161b25a  
186|Chiquita Brands International Inc.|2020-10-07 19:38:27.000|1|2019-06-23|16a17a48-d09b-11ea-9579-bba61161b25a  
187|Chubb Corp|2020-10-07 19:38:27.000|1|2019-06-23|16a17a48-d09b-11ea-9579-bba61161b25a  
188|Ciena Corp.|2020-10-07 19:38:27.000|1|2019-06-23|16a17a48-d09b-11ea-9579-bba61161b25a  
189|Cigna Corp|2020-10-07 19:38:27.000|1|2019-06-23|16a17a48-d09b-11ea-9579-bba61161b25a  
190|Cincinnati Financial Corp.|2020-10-07 19:38:27.000|1|2019-06-23|16a17a48-d09b-11ea-9579-bba61161b25a  
191|Cinergy Corp.|2020-10-07 19:38:27.000|1|2019-06-23|16a17a48-d09b-11ea-9579-bba61161b25a  
192|Cintas Corp.|2020-10-07 19:38:27.000|1|2019-06-23|16a17a48-d09b-11ea-9579-bba61161b25a  
193|Circuit City Stores Inc.|2020-10-07 19:38:27.000|1|2019-06-23|16a17a48-d09b-11ea-9579-bba61161b25a  
194|Cisco Systems Inc.|2020-10-07 19:38:27.000|1|2019-06-23|16a17a48-d09b-11ea-9579-bba61161b25a  
195|Citigroup, Inc|2020-10-07 19:38:27.000|1|2019-06-23|16a17a48-d09b-11ea-9579-bba61161b25a  
196|Citizens Communications Co.|2020-10-07 19:38:27.000|1|2019-06-23|16a17a48-d09b-11ea-9579-bba61161b25a  
197|CKE Restaurants Inc.|2020-10-07 19:38:27.000|1|2019-06-23|16a17a48-d09b-11ea-9579-bba61161b25a  
198|Clear Channel Communications Inc.|2020-10-07 19:38:27.000|1|2019-06-23|16a17a48-d09b-11ea-9579-bba61161b25a  
199|The Clorox Co.|2020-10-07 19:38:27.000|1|2019-06-23|16a17a48-d09b-11ea-9579-bba61161b25a  
200|CMGI Inc.|2020-10-07 19:38:27.000|1|2019-06-23|16a17a48-d09b-11ea-9579-bba61161b25a  
201|CMS Energy Corp.|2020-10-07 19:38:27.000|1|2019-06-23|16a17a48-d09b-11ea-9579-bba61161b25a  
202|CNF Inc.|2020-10-07 19:38:27.000|1|2019-06-23|16a17a48-d09b-11ea-9579-bba61161b25a  
203|Coca-Cola Co.|2020-10-07 19:38:27.000|1|2019-06-23|16a17a48-d09b-11ea-9579-bba61161b25a  
204|Coca-Cola Enterprises Inc.|2020-10-07 19:38:27.000|1|2019-06-23|16a17a48-d09b-11ea-9579-bba61161b25a  
205|Colgate-Palmolive Co.|2020-10-07 19:38:27.000|1|2019-06-23|16a17a48-d09b-11ea-9579-bba61161b25a  
206|Collins & Aikman Corp.|2020-10-07 19:38:27.000|1|2019-06-23|16a17a48-d09b-11ea-9579-bba61161b25a  
207|Comcast Corp.|2020-10-07 19:38:27.000|1|2019-06-23|16a17a48-d09b-11ea-9579-bba61161b25a  
208|Comdisco Inc.|2020-10-07 19:38:27.000|1|2019-06-23|16a17a48-d09b-11ea-9579-bba61161b25a  
209|Comerica Inc.|2020-10-07 19:38:27.000|1|2019-06-23|16a17a48-d09b-11ea-9579-bba61161b25a  
210|Comfort Systems USA Inc.|2020-10-07 19:38:27.000|1|2019-06-23|16a17a48-d09b-11ea-9579-bba61161b25a  
211|Commercial Metals Co.|2020-10-07 19:38:27.000|1|2019-06-23|16a17a48-d09b-11ea-9579-bba61161b25a  
212|Community Health Systems Inc.|2020-10-07 19:38:27.000|1|2019-06-23|16a17a48-d09b-11ea-9579-bba61161b25a  
213|Compass Bancshares Inc|2020-10-07 19:38:27.000|1|2019-06-23|16a17a48-d09b-11ea-9579-bba61161b25a  
214|Computer Associates International Inc.|2020-10-07 19:38:27.000|1|2019-06-23|16a17a48-d09b-11ea-9579-bba61161b25a  
215|Computer Sciences Corp.|2020-10-07 19:38:27.000|1|2019-06-23|16a17a48-d09b-11ea-9579-bba61161b25a  
216|Compuware Corp.|2020-10-07 19:38:27.000|1|2019-06-23|16a17a48-d09b-11ea-9579-bba61161b25a  
217|Comverse Technology Inc.|2020-10-07 19:38:27.000|1|2019-06-23|16a17a48-d09b-11ea-9579-bba61161b25a  
218|ConAgra Foods Inc.|2020-10-07 19:38:27.000|1|2019-06-23|16a17a48-d09b-11ea-9579-bba61161b25a  
219|Concord EFS Inc.|2020-10-07 19:38:27.000|1|2019-06-23|16a17a48-d09b-11ea-9579-bba61161b25a  
220|Conectiv, Inc|2020-10-07 19:38:27.000|1|2019-06-23|16a17a48-d09b-11ea-9579-bba61161b25a  
221|Conoco Inc|2020-10-07 19:38:27.000|1|2019-06-23|16a17a48-d09b-11ea-9579-bba61161b25a  
222|Conseco Inc.|2020-10-07 19:38:27.000|1|2019-06-23|16a17a48-d09b-11ea-9579-bba61161b25a  
223|Consolidated Freightways Corp.|2020-10-07 19:38:27.000|1|2019-06-23|16a17a48-d09b-11ea-9579-bba61161b25a  
224|Consolidated Edison Inc.|2020-10-07 19:38:27.000|1|2019-06-23|16a17a48-d09b-11ea-9579-bba61161b25a  
225|Constellation Brands Inc.|2020-10-07 19:38:27.000|1|2019-06-23|16a17a48-d09b-11ea-9579-bba61161b25a  
226|Constellation Emergy Group Inc.|2020-10-07 19:38:27.000|1|2019-06-23|16a17a48-d09b-11ea-9579-bba61161b25a  
227|Continental Airlines Inc.|2020-10-07 19:38:27.000|1|2019-06-23|16a17a48-d09b-11ea-9579-bba61161b25a  
228|Convergys Corp.|2020-10-07 19:38:27.000|1|2019-06-23|16a17a48-d09b-11ea-9579-bba61161b25a  
229|Cooper Cameron Corp.|2020-10-07 19:38:27.000|1|2019-06-23|16a17a48-d09b-11ea-9579-bba61161b25a  
230|Cooper Industries Ltd.|2020-10-07 19:38:27.000|1|2019-06-23|16a17a48-d09b-11ea-9579-bba61161b25a  
231|Cooper Tire & Rubber Co.|2020-10-07 19:38:27.000|1|2019-06-23|16a17a48-d09b-11ea-9579-bba61161b25a  
232|Corn Products International Inc.|2020-10-07 19:38:27.000|1|2019-06-23|16a17a48-d09b-11ea-9579-bba61161b25a  
233|Corning Inc.|2020-10-07 19:38:27.000|1|2019-06-23|16a17a48-d09b-11ea-9579-bba61161b25a  
234|Costco Wholesale Corp.|2020-10-07 19:38:27.000|1|2019-06-23|16a17a48-d09b-11ea-9579-bba61161b25a  
235|Countrywide Credit Industries Inc.|2020-10-07 19:38:27.000|1|2019-06-23|16a17a48-d09b-11ea-9579-bba61161b25a  
236|Coventry Health Care Inc.|2020-10-07 19:38:27.000|1|2019-06-23|16a17a48-d09b-11ea-9579-bba61161b25a  
237|Cox Communications Inc.|2020-10-07 19:38:27.000|1|2019-06-23|16a17a48-d09b-11ea-9579-bba61161b25a  
238|Crane Co.|2020-10-07 19:38:27.000|1|2019-06-23|16a17a48-d09b-11ea-9579-bba61161b25a  
239|Crompton Corp.|2020-10-07 19:38:27.000|1|2019-06-23|16a17a48-d09b-11ea-9579-bba61161b25a  
240|Crown Cork & Seal Co. Inc.|2020-10-07 19:38:27.000|1|2019-06-23|16a17a48-d09b-11ea-9579-bba61161b25a  
241|CSK Auto Corp.|2020-10-07 19:38:27.000|1|2019-06-23|16a17a48-d09b-11ea-9579-bba61161b25a  
242|CSX Corp.|2020-10-07 19:38:27.000|1|2019-06-23|16a17a48-d09b-11ea-9579-bba61161b25a  
243|Cummins Inc.|2020-10-07 19:38:27.000|1|2019-06-23|16a17a48-d09b-11ea-9579-bba61161b25a  
244|CVS Corp.|2020-10-07 19:38:27.000|1|2019-06-23|16a17a48-d09b-11ea-9579-bba61161b25a  
245|Cytec Industries Inc.|2020-10-07 19:38:27.000|1|2019-06-23|16a17a48-d09b-11ea-9579-bba61161b25a  
246|D&K Healthcare Resources, Inc.|2020-10-07 19:38:27.000|1|2019-06-23|16a17a48-d09b-11ea-9579-bba61161b25a  
247|D.R. Horton Inc.|2020-10-07 19:38:27.000|1|2019-06-23|16a17a48-d09b-11ea-9579-bba61161b25a  
248|Dana Corporation|2020-10-07 19:38:27.000|1|2019-06-23|16a17a48-d09b-11ea-9579-bba61161b25a  
249|Danaher Corporation|2020-10-07 19:38:27.000|1|2019-06-23|16a17a48-d09b-11ea-9579-bba61161b25a  
250|Darden Restaurants Inc.|2020-10-07 19:38:27.000|1|2019-06-23|16a17a48-d09b-11ea-9579-bba61161b25a  
251|DaVita Inc.|2020-10-07 19:38:27.000|1|2019-06-23|16a17a48-d09b-11ea-9579-bba61161b25a  
252|Dean Foods Company|2020-10-07 19:38:27.000|1|2019-06-23|16a17a48-d09b-11ea-9579-bba61161b25a  
253|Deere & Company|2020-10-07 19:38:27.000|1|2019-06-23|16a17a48-d09b-11ea-9579-bba61161b25a  
254|Del Monte Foods Co|2020-10-07 19:38:27.000|1|2019-06-23|16a17a48-d09b-11ea-9579-bba61161b25a  
255|Dell Computer Corporation|2020-10-07 19:38:27.000|1|2019-06-23|16a17a48-d09b-11ea-9579-bba61161b25a  
256|Delphi Corp.|2020-10-07 19:38:27.000|1|2019-06-23|16a17a48-d09b-11ea-9579-bba61161b25a  
257|Delta Air Lines Inc.|2020-10-07 19:38:27.000|1|2019-06-23|16a17a48-d09b-11ea-9579-bba61161b25a  
258|Deluxe Corporation|2020-10-07 19:38:27.000|1|2019-06-23|16a17a48-d09b-11ea-9579-bba61161b25a  
259|Devon Energy Corporation|2020-10-07 19:38:27.000|1|2019-06-23|16a17a48-d09b-11ea-9579-bba61161b25a  
260|Di Giorgio Corporation|2020-10-07 19:38:27.000|1|2019-06-23|16a17a48-d09b-11ea-9579-bba61161b25a  
261|Dial Corporation|2020-10-07 19:38:27.000|1|2019-06-23|16a17a48-d09b-11ea-9579-bba61161b25a  
262|Diebold Incorporated|2020-10-07 19:38:27.000|1|2019-06-23|16a17a48-d09b-11ea-9579-bba61161b25a  
263|Dillard's Inc.|2020-10-07 19:38:27.000|1|2019-06-23|16a17a48-d09b-11ea-9579-bba61161b25a  
264|DIMON Incorporated|2020-10-07 19:38:27.000|1|2019-06-23|16a17a48-d09b-11ea-9579-bba61161b25a  
265|Dole Food Company, Inc.|2020-10-07 19:38:27.000|1|2019-06-23|16a17a48-d09b-11ea-9579-bba61161b25a  
266|Dollar General Corporation|2020-10-07 19:38:27.000|1|2019-06-23|16a17a48-d09b-11ea-9579-bba61161b25a  
267|Dollar Tree Stores, Inc.|2020-10-07 19:38:27.000|1|2019-06-23|16a17a48-d09b-11ea-9579-bba61161b25a  
268|Dominion Resources, Inc.|2020-10-07 19:38:27.000|1|2019-06-23|16a17a48-d09b-11ea-9579-bba61161b25a  
269|Domino's Pizza LLC|2020-10-07 19:38:27.000|1|2019-06-23|16a17a48-d09b-11ea-9579-bba61161b25a  
270|Dover Corporation, Inc.|2020-10-07 19:38:27.000|1|2019-06-23|16a17a48-d09b-11ea-9579-bba61161b25a  
271|Dow Chemical Company|2020-10-07 19:38:27.000|1|2019-06-23|16a17a48-d09b-11ea-9579-bba61161b25a  
272|Dow Jones & Company, Inc.|2020-10-07 19:38:27.000|1|2019-06-23|16a17a48-d09b-11ea-9579-bba61161b25a  
273|DPL Inc.|2020-10-07 19:38:27.000|1|2019-06-23|16a17a48-d09b-11ea-9579-bba61161b25a  
274|DQE Inc.|2020-10-07 19:38:27.000|1|2019-06-23|16a17a48-d09b-11ea-9579-bba61161b25a  
275|Dreyer's Grand Ice Cream, Inc.|2020-10-07 19:38:27.000|1|2019-06-23|16a17a48-d09b-11ea-9579-bba61161b25a  
276|DST Systems, Inc.|2020-10-07 19:38:27.000|1|2019-06-23|16a17a48-d09b-11ea-9579-bba61161b25a  
277|DTE Energy Co.|2020-10-07 19:38:27.000|1|2019-06-23|16a17a48-d09b-11ea-9579-bba61161b25a  
278|E.I. Du Pont de Nemours and Company|2020-10-07 19:38:27.000|1|2019-06-23|16a17a48-d09b-11ea-9579-bba61161b25a  
279|Duke Energy Corp|2020-10-07 19:38:27.000|1|2019-06-23|16a17a48-d09b-11ea-9579-bba61161b25a  
280|Dun & Bradstreet Inc.|2020-10-07 19:38:27.000|1|2019-06-23|16a17a48-d09b-11ea-9579-bba61161b25a  
281|DURA Automotive Systems Inc.|2020-10-07 19:38:27.000|1|2019-06-23|16a17a48-d09b-11ea-9579-bba61161b25a  
282|DynCorp|2020-10-07 19:38:27.000|1|2019-06-23|16a17a48-d09b-11ea-9579-bba61161b25a  
283|Dynegy Inc.|2020-10-07 19:38:27.000|1|2019-06-23|16a17a48-d09b-11ea-9579-bba61161b25a  
284|E*Trade Group, Inc.|2020-10-07 19:38:27.000|1|2019-06-23|16a17a48-d09b-11ea-9579-bba61161b25a  
285|E.W. Scripps Company|2020-10-07 19:38:27.000|1|2019-06-23|16a17a48-d09b-11ea-9579-bba61161b25a  
286|Earthlink, Inc.|2020-10-07 19:38:27.000|1|2019-06-23|16a17a48-d09b-11ea-9579-bba61161b25a  
287|Eastman Chemical Company|2020-10-07 19:38:27.000|1|2019-06-23|16a17a48-d09b-11ea-9579-bba61161b25a  
288|Eastman Kodak Company|2020-10-07 19:38:27.000|1|2019-06-23|16a17a48-d09b-11ea-9579-bba61161b25a  
289|Eaton Corporation|2020-10-07 19:38:27.000|1|2019-06-23|16a17a48-d09b-11ea-9579-bba61161b25a  
290|Echostar Communications Corporation|2020-10-07 19:38:27.000|1|2019-06-23|16a17a48-d09b-11ea-9579-bba61161b25a  
291|Ecolab Inc.|2020-10-07 19:38:27.000|1|2019-06-23|16a17a48-d09b-11ea-9579-bba61161b25a  
292|Edison International|2020-10-07 19:38:27.000|1|2019-06-23|16a17a48-d09b-11ea-9579-bba61161b25a  
293|EGL Inc.|2020-10-07 19:38:27.000|1|2019-06-23|16a17a48-d09b-11ea-9579-bba61161b25a  
294|El Paso Corporation|2020-10-07 19:38:27.000|1|2019-06-23|16a17a48-d09b-11ea-9579-bba61161b25a  
295|Electronic Arts Inc.|2020-10-07 19:38:27.000|1|2019-06-23|16a17a48-d09b-11ea-9579-bba61161b25a  
296|Electronic Data Systems Corp.|2020-10-07 19:38:27.000|1|2019-06-23|16a17a48-d09b-11ea-9579-bba61161b25a  
297|Eli Lilly and Company|2020-10-07 19:38:27.000|1|2019-06-23|16a17a48-d09b-11ea-9579-bba61161b25a  
298|EMC Corporation|2020-10-07 19:38:27.000|1|2019-06-23|16a17a48-d09b-11ea-9579-bba61161b25a  
299|Emcor Group Inc.|2020-10-07 19:38:27.000|1|2019-06-23|16a17a48-d09b-11ea-9579-bba61161b25a  
300|Emerson Electric Co.|2020-10-07 19:38:27.000|1|2019-06-23|16a17a48-d09b-11ea-9579-bba61161b25a  
301|Encompass Services Corporation|2020-10-07 19:38:27.000|1|2019-06-23|16a17a48-d09b-11ea-9579-bba61161b25a  
302|Energizer Holdings Inc.|2020-10-07 19:38:27.000|1|2019-06-23|16a17a48-d09b-11ea-9579-bba61161b25a  
303|Energy East Corporation|2020-10-07 19:38:27.000|1|2019-06-23|16a17a48-d09b-11ea-9579-bba61161b25a  
304|Engelhard Corporation|2020-10-07 19:38:27.000|1|2019-06-23|16a17a48-d09b-11ea-9579-bba61161b25a  
305|Enron Corp.|2020-10-07 19:38:27.000|1|2019-06-23|16a17a48-d09b-11ea-9579-bba61161b25a  
306|Entergy Corporation|2020-10-07 19:38:27.000|1|2019-06-23|16a17a48-d09b-11ea-9579-bba61161b25a  
307|Enterprise Products Partners L.P.|2020-10-07 19:38:27.000|1|2019-06-23|16a17a48-d09b-11ea-9579-bba61161b25a  
308|EOG Resources, Inc.|2020-10-07 19:38:27.000|1|2019-06-23|16a17a48-d09b-11ea-9579-bba61161b25a  
309|Equifax Inc.|2020-10-07 19:38:27.000|1|2019-06-23|16a17a48-d09b-11ea-9579-bba61161b25a  
310|Equitable Resources Inc.|2020-10-07 19:38:27.000|1|2019-06-23|16a17a48-d09b-11ea-9579-bba61161b25a  
311|Equity Office Properties Trust|2020-10-07 19:38:27.000|1|2019-06-23|16a17a48-d09b-11ea-9579-bba61161b25a  
312|Equity Residential Properties Trust|2020-10-07 19:38:27.000|1|2019-06-23|16a17a48-d09b-11ea-9579-bba61161b25a  
313|Estee Lauder Companies Inc.|2020-10-07 19:38:27.000|1|2019-06-23|16a17a48-d09b-11ea-9579-bba61161b25a  
314|Exelon Corporation|2020-10-07 19:38:27.000|1|2019-06-23|16a17a48-d09b-11ea-9579-bba61161b25a  
315|Exide Technologies|2020-10-07 19:38:27.000|1|2019-06-23|16a17a48-d09b-11ea-9579-bba61161b25a  
316|Expeditors International of Washington Inc.|2020-10-07 19:38:27.000|1|2019-06-23|16a17a48-d09b-11ea-9579-bba61161b25a  
317|Express Scripts Inc.|2020-10-07 19:38:27.000|1|2019-06-23|16a17a48-d09b-11ea-9579-bba61161b25a  
318|ExxonMobil Corporation|2020-10-07 19:38:27.000|1|2019-06-23|16a17a48-d09b-11ea-9579-bba61161b25a  
319|Fairchild Semiconductor International Inc.|2020-10-07 19:38:27.000|1|2019-06-23|16a17a48-d09b-11ea-9579-bba61161b25a  
320|Family Dollar Stores Inc.|2020-10-07 19:38:27.000|1|2019-06-23|16a17a48-d09b-11ea-9579-bba61161b25a  
321|Farmland Industries Inc.|2020-10-07 19:38:27.000|1|2019-06-23|16a17a48-d09b-11ea-9579-bba61161b25a  
322|Federal Mogul Corp.|2020-10-07 19:38:27.000|1|2019-06-23|16a17a48-d09b-11ea-9579-bba61161b25a  
323|Federated Department Stores Inc.|2020-10-07 19:38:27.000|1|2019-06-23|16a17a48-d09b-11ea-9579-bba61161b25a  
324|Federal Express Corp.|2020-10-07 19:38:27.000|1|2019-06-23|16a17a48-d09b-11ea-9579-bba61161b25a  
325|Felcor Lodging Trust Inc.|2020-10-07 19:38:27.000|1|2019-06-23|16a17a48-d09b-11ea-9579-bba61161b25a  
326|Ferro Corp.|2020-10-07 19:38:27.000|1|2019-06-23|16a17a48-d09b-11ea-9579-bba61161b25a  
327|Fidelity National Financial Inc.|2020-10-07 19:38:27.000|1|2019-06-23|16a17a48-d09b-11ea-9579-bba61161b25a  
328|Fifth Third Bancorp|2020-10-07 19:38:27.000|1|2019-06-23|16a17a48-d09b-11ea-9579-bba61161b25a  
329|First American Financial Corp.|2020-10-07 19:38:27.000|1|2019-06-23|16a17a48-d09b-11ea-9579-bba61161b25a  
330|First Data Corp.|2020-10-07 19:38:27.000|1|2019-06-23|16a17a48-d09b-11ea-9579-bba61161b25a  
331|First National of Nebraska Inc.|2020-10-07 19:38:27.000|1|2019-06-23|16a17a48-d09b-11ea-9579-bba61161b25a  
332|First Tennessee National Corp.|2020-10-07 19:38:27.000|1|2019-06-23|16a17a48-d09b-11ea-9579-bba61161b25a  
333|FirstEnergy Corp.|2020-10-07 19:38:27.000|1|2019-06-23|16a17a48-d09b-11ea-9579-bba61161b25a  
334|Fiserv Inc.|2020-10-07 19:38:27.000|1|2019-06-23|16a17a48-d09b-11ea-9579-bba61161b25a  
335|Fisher Scientific International Inc.|2020-10-07 19:38:27.000|1|2019-06-23|16a17a48-d09b-11ea-9579-bba61161b25a  
336|FleetBoston Financial Co.|2020-10-07 19:38:27.000|1|2019-06-23|16a17a48-d09b-11ea-9579-bba61161b25a  
337|Fleetwood Enterprises Inc.|2020-10-07 19:38:27.000|1|2019-06-23|16a17a48-d09b-11ea-9579-bba61161b25a  
338|Fleming Companies Inc.|2020-10-07 19:38:27.000|1|2019-06-23|16a17a48-d09b-11ea-9579-bba61161b25a  
339|Flowers Foods Inc.|2020-10-07 19:38:27.000|1|2019-06-23|16a17a48-d09b-11ea-9579-bba61161b25a  
340|Flowserv Corp|2020-10-07 19:38:27.000|1|2019-06-23|16a17a48-d09b-11ea-9579-bba61161b25a  
341|Fluor Corp|2020-10-07 19:38:27.000|1|2019-06-23|16a17a48-d09b-11ea-9579-bba61161b25a  
342|FMC Corp|2020-10-07 19:38:27.000|1|2019-06-23|16a17a48-d09b-11ea-9579-bba61161b25a  
343|Foamex International Inc|2020-10-07 19:38:27.000|1|2019-06-23|16a17a48-d09b-11ea-9579-bba61161b25a  
344|Foot Locker Inc|2020-10-07 19:38:27.000|1|2019-06-23|16a17a48-d09b-11ea-9579-bba61161b25a  
345|Footstar Inc.|2020-10-07 19:38:27.000|1|2019-06-23|16a17a48-d09b-11ea-9579-bba61161b25a  
346|Ford Motor Co|2020-10-07 19:38:27.000|1|2019-06-23|16a17a48-d09b-11ea-9579-bba61161b25a  
347|Forest Laboratories Inc.|2020-10-07 19:38:27.000|1|2019-06-23|16a17a48-d09b-11ea-9579-bba61161b25a  
348|Fortune Brands Inc.|2020-10-07 19:38:27.000|1|2019-06-23|16a17a48-d09b-11ea-9579-bba61161b25a  
349|Foster Wheeler Ltd.|2020-10-07 19:38:27.000|1|2019-06-23|16a17a48-d09b-11ea-9579-bba61161b25a  
350|FPL Group Inc.|2020-10-07 19:38:27.000|1|2019-06-23|16a17a48-d09b-11ea-9579-bba61161b25a  
351|Franklin Resources Inc.|2020-10-07 19:38:27.000|1|2019-06-23|16a17a48-d09b-11ea-9579-bba61161b25a  
352|Freeport McMoran Copper & Gold Inc.|2020-10-07 19:38:27.000|1|2019-06-23|16a17a48-d09b-11ea-9579-bba61161b25a  
353|Frontier Oil Corp|2020-10-07 19:38:27.000|1|2019-06-23|16a17a48-d09b-11ea-9579-bba61161b25a  
354|Furniture Brands International Inc.|2020-10-07 19:38:27.000|1|2019-06-23|16a17a48-d09b-11ea-9579-bba61161b25a  
355|Gannett Co., Inc.|2020-10-07 19:38:27.000|1|2019-06-23|16a17a48-d09b-11ea-9579-bba61161b25a  
356|Gap Inc.|2020-10-07 19:38:27.000|1|2019-06-23|16a17a48-d09b-11ea-9579-bba61161b25a  
357|Gateway Inc.|2020-10-07 19:38:27.000|1|2019-06-23|16a17a48-d09b-11ea-9579-bba61161b25a  
358|GATX Corporation|2020-10-07 19:38:27.000|1|2019-06-23|16a17a48-d09b-11ea-9579-bba61161b25a  
359|Gemstar-TV Guide International Inc.|2020-10-07 19:38:27.000|1|2019-06-23|16a17a48-d09b-11ea-9579-bba61161b25a  
360|GenCorp Inc.|2020-10-07 19:38:27.000|1|2019-06-23|16a17a48-d09b-11ea-9579-bba61161b25a  
361|General Cable Corporation|2020-10-07 19:38:27.000|1|2019-06-23|16a17a48-d09b-11ea-9579-bba61161b25a  
362|General Dynamics Corporation|2020-10-07 19:38:27.000|1|2019-06-23|16a17a48-d09b-11ea-9579-bba61161b25a  
363|General Electric Company|2020-10-07 19:38:27.000|1|2019-06-23|16a17a48-d09b-11ea-9579-bba61161b25a  
364|General Mills Inc|2020-10-07 19:38:27.000|1|2019-06-23|16a17a48-d09b-11ea-9579-bba61161b25a  
365|General Motors Corporation|2020-10-07 19:38:27.000|1|2019-06-23|16a17a48-d09b-11ea-9579-bba61161b25a  
366|Genesis Health Ventures Inc.|2020-10-07 19:38:27.000|1|2019-06-23|16a17a48-d09b-11ea-9579-bba61161b25a  
367|Gentek Inc.|2020-10-07 19:38:27.000|1|2019-06-23|16a17a48-d09b-11ea-9579-bba61161b25a  
368|Gentiva Health Services Inc.|2020-10-07 19:38:27.000|1|2019-06-23|16a17a48-d09b-11ea-9579-bba61161b25a  
369|Genuine Parts Company|2020-10-07 19:38:27.000|1|2019-06-23|16a17a48-d09b-11ea-9579-bba61161b25a  
370|Genuity Inc.|2020-10-07 19:38:27.000|1|2019-06-23|16a17a48-d09b-11ea-9579-bba61161b25a  
371|Genzyme Corporation|2020-10-07 19:38:27.000|1|2019-06-23|16a17a48-d09b-11ea-9579-bba61161b25a  
372|Georgia Gulf Corporation|2020-10-07 19:38:27.000|1|2019-06-23|16a17a48-d09b-11ea-9579-bba61161b25a  
373|Georgia-Pacific Corporation|2020-10-07 19:38:27.000|1|2019-06-23|16a17a48-d09b-11ea-9579-bba61161b25a  
374|Gillette Company|2020-10-07 19:38:27.000|1|2019-06-23|16a17a48-d09b-11ea-9579-bba61161b25a  
375|Gold Kist Inc.|2020-10-07 19:38:27.000|1|2019-06-23|16a17a48-d09b-11ea-9579-bba61161b25a  
376|Golden State Bancorp Inc.|2020-10-07 19:38:27.000|1|2019-06-23|16a17a48-d09b-11ea-9579-bba61161b25a  
377|Golden West Financial Corporation|2020-10-07 19:38:27.000|1|2019-06-23|16a17a48-d09b-11ea-9579-bba61161b25a  
378|Goldman Sachs Group Inc.|2020-10-07 19:38:27.000|1|2019-06-23|16a17a48-d09b-11ea-9579-bba61161b25a  
379|Goodrich Corporation|2020-10-07 19:38:27.000|1|2019-06-23|16a17a48-d09b-11ea-9579-bba61161b25a  
380|The Goodyear Tire & Rubber Company|2020-10-07 19:38:27.000|1|2019-06-23|16a17a48-d09b-11ea-9579-bba61161b25a  
381|Granite Construction Incorporated|2020-10-07 19:38:27.000|1|2019-06-23|16a17a48-d09b-11ea-9579-bba61161b25a  
382|Graybar Electric Company Inc.|2020-10-07 19:38:27.000|1|2019-06-23|16a17a48-d09b-11ea-9579-bba61161b25a  
383|Great Lakes Chemical Corporation|2020-10-07 19:38:27.000|1|2019-06-23|16a17a48-d09b-11ea-9579-bba61161b25a  
384|Great Plains Energy Inc.|2020-10-07 19:38:27.000|1|2019-06-23|16a17a48-d09b-11ea-9579-bba61161b25a  
385|GreenPoint Financial Corp.|2020-10-07 19:38:27.000|1|2019-06-23|16a17a48-d09b-11ea-9579-bba61161b25a  
386|Greif Bros. Corporation|2020-10-07 19:38:27.000|1|2019-06-23|16a17a48-d09b-11ea-9579-bba61161b25a  
387|Grey Global Group Inc.|2020-10-07 19:38:27.000|1|2019-06-23|16a17a48-d09b-11ea-9579-bba61161b25a  
388|Group 1 Automotive Inc.|2020-10-07 19:38:27.000|1|2019-06-23|16a17a48-d09b-11ea-9579-bba61161b25a  
389|Guidant Corporation|2020-10-07 19:38:27.000|1|2019-06-23|16a17a48-d09b-11ea-9579-bba61161b25a  
390|H&R Block Inc.|2020-10-07 19:38:27.000|1|2019-06-23|16a17a48-d09b-11ea-9579-bba61161b25a  
391|H.B. Fuller Company|2020-10-07 19:38:27.000|1|2019-06-23|16a17a48-d09b-11ea-9579-bba61161b25a  
392|H.J. Heinz Company|2020-10-07 19:38:27.000|1|2019-06-23|16a17a48-d09b-11ea-9579-bba61161b25a  
393|Halliburton Co.|2020-10-07 19:38:27.000|1|2019-06-23|16a17a48-d09b-11ea-9579-bba61161b25a  
394|Harley-Davidson Inc.|2020-10-07 19:38:27.000|1|2019-06-23|16a17a48-d09b-11ea-9579-bba61161b25a  
395|Harman International Industries Inc.|2020-10-07 19:38:27.000|1|2019-06-23|16a17a48-d09b-11ea-9579-bba61161b25a  
396|Harrah's Entertainment Inc.|2020-10-07 19:38:27.000|1|2019-06-23|16a17a48-d09b-11ea-9579-bba61161b25a  
397|Harris Corp.|2020-10-07 19:38:27.000|1|2019-06-23|16a17a48-d09b-11ea-9579-bba61161b25a  
398|Harsco Corp.|2020-10-07 19:38:27.000|1|2019-06-23|16a17a48-d09b-11ea-9579-bba61161b25a  
399|Hartford Financial Services Group Inc.|2020-10-07 19:38:27.000|1|2019-06-23|16a17a48-d09b-11ea-9579-bba61161b25a  
400|Hasbro Inc.|2020-10-07 19:38:27.000|1|2019-06-23|16a17a48-d09b-11ea-9579-bba61161b25a  
401|Hawaiian Electric Industries Inc.|2020-10-07 19:38:27.000|1|2019-06-23|16a17a48-d09b-11ea-9579-bba61161b25a  
402|HCA Inc.|2020-10-07 19:38:27.000|1|2019-06-23|16a17a48-d09b-11ea-9579-bba61161b25a  
403|Health Management Associates Inc.|2020-10-07 19:38:27.000|1|2019-06-23|16a17a48-d09b-11ea-9579-bba61161b25a  
404|Health Net Inc.|2020-10-07 19:38:27.000|1|2019-06-23|16a17a48-d09b-11ea-9579-bba61161b25a  
405|Healthsouth Corp|2020-10-07 19:38:27.000|1|2019-06-23|16a17a48-d09b-11ea-9579-bba61161b25a  
406|Henry Schein Inc.|2020-10-07 19:38:27.000|1|2019-06-23|16a17a48-d09b-11ea-9579-bba61161b25a  
407|Hercules Inc.|2020-10-07 19:38:27.000|1|2019-06-23|16a17a48-d09b-11ea-9579-bba61161b25a  
408|Herman Miller Inc.|2020-10-07 19:38:27.000|1|2019-06-23|16a17a48-d09b-11ea-9579-bba61161b25a  
409|Hershey Foods Corp.|2020-10-07 19:38:27.000|1|2019-06-23|16a17a48-d09b-11ea-9579-bba61161b25a  
410|Hewlett-Packard Company|2020-10-07 19:38:27.000|1|2019-06-23|16a17a48-d09b-11ea-9579-bba61161b25a  
411|Hibernia Corp.|2020-10-07 19:38:27.000|1|2019-06-23|16a17a48-d09b-11ea-9579-bba61161b25a  
412|Hillenbrand Industries Inc.|2020-10-07 19:38:27.000|1|2019-06-23|16a17a48-d09b-11ea-9579-bba61161b25a  
413|Hilton Hotels Corp.|2020-10-07 19:38:27.000|1|2019-06-23|16a17a48-d09b-11ea-9579-bba61161b25a  
414|Hollywood Entertainment Corp.|2020-10-07 19:38:27.000|1|2019-06-23|16a17a48-d09b-11ea-9579-bba61161b25a  
415|Home Depot Inc.|2020-10-07 19:38:27.000|1|2019-06-23|16a17a48-d09b-11ea-9579-bba61161b25a  
416|Hon Industries Inc.|2020-10-07 19:38:27.000|1|2019-06-23|16a17a48-d09b-11ea-9579-bba61161b25a  
417|Honeywell International Inc.|2020-10-07 19:38:27.000|1|2019-06-23|16a17a48-d09b-11ea-9579-bba61161b25a  
418|Hormel Foods Corp.|2020-10-07 19:38:27.000|1|2019-06-23|16a17a48-d09b-11ea-9579-bba61161b25a  
419|Host Marriott Corp.|2020-10-07 19:38:27.000|1|2019-06-23|16a17a48-d09b-11ea-9579-bba61161b25a  
420|Household International Corp.|2020-10-07 19:38:27.000|1|2019-06-23|16a17a48-d09b-11ea-9579-bba61161b25a  
421|Hovnanian Enterprises Inc.|2020-10-07 19:38:27.000|1|2019-06-23|16a17a48-d09b-11ea-9579-bba61161b25a  
422|Hub Group Inc.|2020-10-07 19:38:27.000|1|2019-06-23|16a17a48-d09b-11ea-9579-bba61161b25a  
423|Hubbell Inc.|2020-10-07 19:38:27.000|1|2019-06-23|16a17a48-d09b-11ea-9579-bba61161b25a  
424|Hughes Supply Inc.|2020-10-07 19:38:27.000|1|2019-06-23|16a17a48-d09b-11ea-9579-bba61161b25a  
425|Humana Inc.|2020-10-07 19:38:27.000|1|2019-06-23|16a17a48-d09b-11ea-9579-bba61161b25a  
426|Huntington Bancshares Inc.|2020-10-07 19:38:27.000|1|2019-06-23|16a17a48-d09b-11ea-9579-bba61161b25a  
427|Idacorp Inc.|2020-10-07 19:38:27.000|1|2019-06-23|16a17a48-d09b-11ea-9579-bba61161b25a  
428|IDT Corporation|2020-10-07 19:38:27.000|1|2019-06-23|16a17a48-d09b-11ea-9579-bba61161b25a  
429|IKON Office Solutions Inc.|2020-10-07 19:38:27.000|1|2019-06-23|16a17a48-d09b-11ea-9579-bba61161b25a  
430|Illinois Tool Works Inc.|2020-10-07 19:38:27.000|1|2019-06-23|16a17a48-d09b-11ea-9579-bba61161b25a  
431|IMC Global Inc.|2020-10-07 19:38:27.000|1|2019-06-23|16a17a48-d09b-11ea-9579-bba61161b25a  
432|Imperial Sugar Company|2020-10-07 19:38:27.000|1|2019-06-23|16a17a48-d09b-11ea-9579-bba61161b25a  
433|IMS Health Inc.|2020-10-07 19:38:27.000|1|2019-06-23|16a17a48-d09b-11ea-9579-bba61161b25a  
434|Ingles Market Inc|2020-10-07 19:38:27.000|1|2019-06-23|16a17a48-d09b-11ea-9579-bba61161b25a  
435|Ingram Micro Inc.|2020-10-07 19:38:27.000|1|2019-06-23|16a17a48-d09b-11ea-9579-bba61161b25a  
436|Insight Enterprises Inc.|2020-10-07 19:38:27.000|1|2019-06-23|16a17a48-d09b-11ea-9579-bba61161b25a  
437|Integrated Electrical Services Inc.|2020-10-07 19:38:27.000|1|2019-06-23|16a17a48-d09b-11ea-9579-bba61161b25a  
438|Intel Corporation|2020-10-07 19:38:27.000|1|2019-06-23|16a17a48-d09b-11ea-9579-bba61161b25a  
439|International Paper Co.|2020-10-07 19:38:27.000|1|2019-06-23|16a17a48-d09b-11ea-9579-bba61161b25a  
440|Interpublic Group of Companies Inc.|2020-10-07 19:38:27.000|1|2019-06-23|16a17a48-d09b-11ea-9579-bba61161b25a  
441|Interstate Bakeries Corporation|2020-10-07 19:38:27.000|1|2019-06-23|16a17a48-d09b-11ea-9579-bba61161b25a  
442|International Business Machines Corp.|2020-10-07 19:38:27.000|1|2019-06-23|16a17a48-d09b-11ea-9579-bba61161b25a  
443|International Flavors & Fragrances Inc.|2020-10-07 19:38:27.000|1|2019-06-23|16a17a48-d09b-11ea-9579-bba61161b25a  
444|International Multifoods Corporation|2020-10-07 19:38:27.000|1|2019-06-23|16a17a48-d09b-11ea-9579-bba61161b25a  
445|Intuit Inc.|2020-10-07 19:38:27.000|1|2019-06-23|16a17a48-d09b-11ea-9579-bba61161b25a  
446|IT Group Inc.|2020-10-07 19:38:27.000|1|2019-06-23|16a17a48-d09b-11ea-9579-bba61161b25a  
447|ITT Industries Inc.|2020-10-07 19:38:27.000|1|2019-06-23|16a17a48-d09b-11ea-9579-bba61161b25a  
448|Ivax Corp.|2020-10-07 19:38:27.000|1|2019-06-23|16a17a48-d09b-11ea-9579-bba61161b25a  
449|J.B. Hunt Transport Services Inc.|2020-10-07 19:38:27.000|1|2019-06-23|16a17a48-d09b-11ea-9579-bba61161b25a  
450|J.C. Penny Co.|2020-10-07 19:38:27.000|1|2019-06-23|16a17a48-d09b-11ea-9579-bba61161b25a  
451|J.P. Morgan Chase & Co.|2020-10-07 19:38:27.000|1|2019-06-23|16a17a48-d09b-11ea-9579-bba61161b25a  
452|Jabil Circuit Inc.|2020-10-07 19:38:27.000|1|2019-06-23|16a17a48-d09b-11ea-9579-bba61161b25a  
453|Jack In The Box Inc.|2020-10-07 19:38:27.000|1|2019-06-23|16a17a48-d09b-11ea-9579-bba61161b25a  
454|Jacobs Engineering Group Inc.|2020-10-07 19:38:27.000|1|2019-06-23|16a17a48-d09b-11ea-9579-bba61161b25a  
455|JDS Uniphase Corp.|2020-10-07 19:38:27.000|1|2019-06-23|16a17a48-d09b-11ea-9579-bba61161b25a  
456|Jefferson-Pilot Co.|2020-10-07 19:38:27.000|1|2019-06-23|16a17a48-d09b-11ea-9579-bba61161b25a  
457|John Hancock Financial Services Inc.|2020-10-07 19:38:27.000|1|2019-06-23|16a17a48-d09b-11ea-9579-bba61161b25a  
458|Johnson & Johnson|2020-10-07 19:38:27.000|1|2019-06-23|16a17a48-d09b-11ea-9579-bba61161b25a  
459|Johnson Controls Inc.|2020-10-07 19:38:27.000|1|2019-06-23|16a17a48-d09b-11ea-9579-bba61161b25a  
460|Jones Apparel Group Inc.|2020-10-07 19:38:27.000|1|2019-06-23|16a17a48-d09b-11ea-9579-bba61161b25a  
461|KB Home|2020-10-07 19:38:27.000|1|2019-06-23|16a17a48-d09b-11ea-9579-bba61161b25a  
462|Kellogg Company|2020-10-07 19:38:27.000|1|2019-06-23|16a17a48-d09b-11ea-9579-bba61161b25a  
463|Kellwood Company|2020-10-07 19:38:27.000|1|2019-06-23|16a17a48-d09b-11ea-9579-bba61161b25a  
464|Kelly Services Inc.|2020-10-07 19:38:27.000|1|2019-06-23|16a17a48-d09b-11ea-9579-bba61161b25a  
465|Kemet Corp.|2020-10-07 19:38:27.000|1|2019-06-23|16a17a48-d09b-11ea-9579-bba61161b25a  
466|Kennametal Inc.|2020-10-07 19:38:27.000|1|2019-06-23|16a17a48-d09b-11ea-9579-bba61161b25a  
467|Kerr-McGee Corporation|2020-10-07 19:38:27.000|1|2019-06-23|16a17a48-d09b-11ea-9579-bba61161b25a  
468|KeyCorp|2020-10-07 19:38:27.000|1|2019-06-23|16a17a48-d09b-11ea-9579-bba61161b25a  
469|KeySpan Corp.|2020-10-07 19:38:27.000|1|2019-06-23|16a17a48-d09b-11ea-9579-bba61161b25a  
470|Kimball International Inc.|2020-10-07 19:38:27.000|1|2019-06-23|16a17a48-d09b-11ea-9579-bba61161b25a  
471|Kimberly-Clark Corporation|2020-10-07 19:38:27.000|1|2019-06-23|16a17a48-d09b-11ea-9579-bba61161b25a  
472|Kindred Healthcare Inc.|2020-10-07 19:38:27.000|1|2019-06-23|16a17a48-d09b-11ea-9579-bba61161b25a  
473|KLA-Tencor Corporation|2020-10-07 19:38:27.000|1|2019-06-23|16a17a48-d09b-11ea-9579-bba61161b25a  
474|K-Mart Corp.|2020-10-07 19:38:27.000|1|2019-06-23|16a17a48-d09b-11ea-9579-bba61161b25a  
475|Knight-Ridder Inc.|2020-10-07 19:38:27.000|1|2019-06-23|16a17a48-d09b-11ea-9579-bba61161b25a  
476|Kohl's Corp.|2020-10-07 19:38:27.000|1|2019-06-23|16a17a48-d09b-11ea-9579-bba61161b25a  
477|KPMG Consulting Inc.|2020-10-07 19:38:27.000|1|2019-06-23|16a17a48-d09b-11ea-9579-bba61161b25a  
478|Kroger Co.|2020-10-07 19:38:27.000|1|2019-06-23|16a17a48-d09b-11ea-9579-bba61161b25a  
479|L-3 Communications Holdings Inc.|2020-10-07 19:38:27.000|1|2019-06-23|16a17a48-d09b-11ea-9579-bba61161b25a  
480|Laboratory Corporation of America Holdings|2020-10-07 19:38:27.000|1|2019-06-23|16a17a48-d09b-11ea-9579-bba61161b25a  
481|Lam Research Corporation|2020-10-07 19:38:27.000|1|2019-06-23|16a17a48-d09b-11ea-9579-bba61161b25a  
482|LandAmerica Financial Group Inc.|2020-10-07 19:38:27.000|1|2019-06-23|16a17a48-d09b-11ea-9579-bba61161b25a  
483|Lands' End Inc.|2020-10-07 19:38:27.000|1|2019-06-23|16a17a48-d09b-11ea-9579-bba61161b25a  
484|Landstar System Inc.|2020-10-07 19:38:27.000|1|2019-06-23|16a17a48-d09b-11ea-9579-bba61161b25a  
485|La-Z-Boy Inc.|2020-10-07 19:38:27.000|1|2019-06-23|16a17a48-d09b-11ea-9579-bba61161b25a  
486|Lear Corporation|2020-10-07 19:38:27.000|1|2019-06-23|16a17a48-d09b-11ea-9579-bba61161b25a  
487|Legg Mason Inc.|2020-10-07 19:38:27.000|1|2019-06-23|16a17a48-d09b-11ea-9579-bba61161b25a  
488|Leggett & Platt Inc.|2020-10-07 19:38:27.000|1|2019-06-23|16a17a48-d09b-11ea-9579-bba61161b25a  
489|Lehman Brothers Holdings Inc.|2020-10-07 19:38:27.000|1|2019-06-23|16a17a48-d09b-11ea-9579-bba61161b25a  
490|Lennar Corporation|2020-10-07 19:38:27.000|1|2019-06-23|16a17a48-d09b-11ea-9579-bba61161b25a  
491|Lennox International Inc.|2020-10-07 19:38:27.000|1|2019-06-23|16a17a48-d09b-11ea-9579-bba61161b25a  
492|Level 3 Communications Inc.|2020-10-07 19:38:27.000|1|2019-06-23|16a17a48-d09b-11ea-9579-bba61161b25a  
493|Levi Strauss & Co.|2020-10-07 19:38:27.000|1|2019-06-23|16a17a48-d09b-11ea-9579-bba61161b25a  
494|Lexmark International Inc.|2020-10-07 19:38:27.000|1|2019-06-23|16a17a48-d09b-11ea-9579-bba61161b25a  
495|Limited Inc.|2020-10-07 19:38:27.000|1|2019-06-23|16a17a48-d09b-11ea-9579-bba61161b25a  
496|Lincoln National Corporation|2020-10-07 19:38:27.000|1|2019-06-23|16a17a48-d09b-11ea-9579-bba61161b25a  
497|Linens 'n Things Inc.|2020-10-07 19:38:27.000|1|2019-06-23|16a17a48-d09b-11ea-9579-bba61161b25a  
498|Lithia Motors Inc.|2020-10-07 19:38:27.000|1|2019-06-23|16a17a48-d09b-11ea-9579-bba61161b25a  
499|Liz Claiborne Inc.|2020-10-07 19:38:27.000|1|2019-06-23|16a17a48-d09b-11ea-9579-bba61161b25a  
500|Lockheed Martin Corporation|2020-10-07 19:38:27.000|1|2019-06-23|16a17a48-d09b-11ea-9579-bba61161b25a  
501|Loews Corporation|2020-10-07 19:38:27.000|1|2019-06-23|16a17a48-d09b-11ea-9579-bba61161b25a  
502|Longs Drug Stores Corporation|2020-10-07 19:38:27.000|1|2019-06-23|16a17a48-d09b-11ea-9579-bba61161b25a  
503|Louisiana-Pacific Corporation|2020-10-07 19:38:27.000|1|2019-06-23|16a17a48-d09b-11ea-9579-bba61161b25a  
504|Lowe's Companies Inc.|2020-10-07 19:38:27.000|1|2019-06-23|16a17a48-d09b-11ea-9579-bba61161b25a  
505|LSI Logic Corporation|2020-10-07 19:38:27.000|1|2019-06-23|16a17a48-d09b-11ea-9579-bba61161b25a  
506|The LTV Corporation|2020-10-07 19:38:27.000|1|2019-06-23|16a17a48-d09b-11ea-9579-bba61161b25a  
507|The Lubrizol Corporation|2020-10-07 19:38:27.000|1|2019-06-23|16a17a48-d09b-11ea-9579-bba61161b25a  
508|Lucent Technologies Inc.|2020-10-07 19:38:27.000|1|2019-06-23|16a17a48-d09b-11ea-9579-bba61161b25a  
509|Lyondell Chemical Company|2020-10-07 19:38:27.000|1|2019-06-23|16a17a48-d09b-11ea-9579-bba61161b25a  
510|M & T Bank Corporation|2020-10-07 19:38:27.000|1|2019-06-23|16a17a48-d09b-11ea-9579-bba61161b25a  
511|Magellan Health Services Inc.|2020-10-07 19:38:27.000|1|2019-06-23|16a17a48-d09b-11ea-9579-bba61161b25a  
512|Mail-Well Inc.|2020-10-07 19:38:27.000|1|2019-06-23|16a17a48-d09b-11ea-9579-bba61161b25a  
513|Mandalay Resort Group|2020-10-07 19:38:27.000|1|2019-06-23|16a17a48-d09b-11ea-9579-bba61161b25a  
514|Manor Care Inc.|2020-10-07 19:38:27.000|1|2019-06-23|16a17a48-d09b-11ea-9579-bba61161b25a  
515|Manpower Inc.|2020-10-07 19:38:27.000|1|2019-06-23|16a17a48-d09b-11ea-9579-bba61161b25a  
516|Marathon Oil Corporation|2020-10-07 19:38:27.000|1|2019-06-23|16a17a48-d09b-11ea-9579-bba61161b25a  
517|Mariner Health Care Inc.|2020-10-07 19:38:27.000|1|2019-06-23|16a17a48-d09b-11ea-9579-bba61161b25a  
518|Markel Corporation|2020-10-07 19:38:27.000|1|2019-06-23|16a17a48-d09b-11ea-9579-bba61161b25a  
519|Marriott International Inc.|2020-10-07 19:38:27.000|1|2019-06-23|16a17a48-d09b-11ea-9579-bba61161b25a  
520|Marsh & McLennan Companies Inc.|2020-10-07 19:38:27.000|1|2019-06-23|16a17a48-d09b-11ea-9579-bba61161b25a  
521|Marsh Supermarkets Inc.|2020-10-07 19:38:27.000|1|2019-06-23|16a17a48-d09b-11ea-9579-bba61161b25a  
522|Marshall & Ilsley Corporation|2020-10-07 19:38:27.000|1|2019-06-23|16a17a48-d09b-11ea-9579-bba61161b25a  
523|Martin Marietta Materials Inc.|2020-10-07 19:38:27.000|1|2019-06-23|16a17a48-d09b-11ea-9579-bba61161b25a  
524|Masco Corporation|2020-10-07 19:38:27.000|1|2019-06-23|16a17a48-d09b-11ea-9579-bba61161b25a  
525|Massey Energy Company|2020-10-07 19:38:27.000|1|2019-06-23|16a17a48-d09b-11ea-9579-bba61161b25a  
526|MasTec Inc.|2020-10-07 19:38:27.000|1|2019-06-23|16a17a48-d09b-11ea-9579-bba61161b25a  
527|Mattel Inc.|2020-10-07 19:38:27.000|1|2019-06-23|16a17a48-d09b-11ea-9579-bba61161b25a  
528|Maxim Integrated Products Inc.|2020-10-07 19:38:27.000|1|2019-06-23|16a17a48-d09b-11ea-9579-bba61161b25a  
529|Maxtor Corporation|2020-10-07 19:38:27.000|1|2019-06-23|16a17a48-d09b-11ea-9579-bba61161b25a  
530|Maxxam Inc.|2020-10-07 19:38:27.000|1|2019-06-23|16a17a48-d09b-11ea-9579-bba61161b25a  
531|The May Department Stores Company|2020-10-07 19:38:27.000|1|2019-06-23|16a17a48-d09b-11ea-9579-bba61161b25a  
532|Maytag Corporation|2020-10-07 19:38:27.000|1|2019-06-23|16a17a48-d09b-11ea-9579-bba61161b25a  
533|MBNA Corporation|2020-10-07 19:38:27.000|1|2019-06-23|16a17a48-d09b-11ea-9579-bba61161b25a  
534|McCormick & Company Incorporated|2020-10-07 19:38:27.000|1|2019-06-23|16a17a48-d09b-11ea-9579-bba61161b25a  
535|McDonald's Corporation|2020-10-07 19:38:27.000|1|2019-06-23|16a17a48-d09b-11ea-9579-bba61161b25a  
536|The McGraw-Hill Companies Inc.|2020-10-07 19:38:27.000|1|2019-06-23|16a17a48-d09b-11ea-9579-bba61161b25a  
537|McKesson Corporation|2020-10-07 19:38:27.000|1|2019-06-23|16a17a48-d09b-11ea-9579-bba61161b25a  
538|McLeodUSA Incorporated|2020-10-07 19:38:27.000|1|2019-06-23|16a17a48-d09b-11ea-9579-bba61161b25a  
539|M.D.C. Holdings Inc.|2020-10-07 19:38:27.000|1|2019-06-23|16a17a48-d09b-11ea-9579-bba61161b25a  
540|MDU Resources Group Inc.|2020-10-07 19:38:27.000|1|2019-06-23|16a17a48-d09b-11ea-9579-bba61161b25a  
541|MeadWestvaco Corporation|2020-10-07 19:38:27.000|1|2019-06-23|16a17a48-d09b-11ea-9579-bba61161b25a  
542|Medtronic Inc.|2020-10-07 19:38:27.000|1|2019-06-23|16a17a48-d09b-11ea-9579-bba61161b25a  
543|Mellon Financial Corporation|2020-10-07 19:38:27.000|1|2019-06-23|16a17a48-d09b-11ea-9579-bba61161b25a  
544|The Men's Wearhouse Inc.|2020-10-07 19:38:27.000|1|2019-06-23|16a17a48-d09b-11ea-9579-bba61161b25a  
545|Merck & Co., Inc.|2020-10-07 19:38:27.000|1|2019-06-23|16a17a48-d09b-11ea-9579-bba61161b25a  
546|Mercury General Corporation|2020-10-07 19:38:27.000|1|2019-06-23|16a17a48-d09b-11ea-9579-bba61161b25a  
547|Merrill Lynch & Co. Inc.|2020-10-07 19:38:27.000|1|2019-06-23|16a17a48-d09b-11ea-9579-bba61161b25a  
548|Metaldyne Corporation|2020-10-07 19:38:27.000|1|2019-06-23|16a17a48-d09b-11ea-9579-bba61161b25a  
549|Metals USA Inc.|2020-10-07 19:38:27.000|1|2019-06-23|16a17a48-d09b-11ea-9579-bba61161b25a  
550|MetLife Inc.|2020-10-07 19:38:27.000|1|2019-06-23|16a17a48-d09b-11ea-9579-bba61161b25a  
551|Metris Companies Inc|2020-10-07 19:38:27.000|1|2019-06-23|16a17a48-d09b-11ea-9579-bba61161b25a  
552|MGIC Investment Corporation|2020-10-07 19:38:27.000|1|2019-06-23|16a17a48-d09b-11ea-9579-bba61161b25a  
553|MGM Mirage|2020-10-07 19:38:27.000|1|2019-06-23|16a17a48-d09b-11ea-9579-bba61161b25a  
554|Michaels Stores Inc.|2020-10-07 19:38:27.000|1|2019-06-23|16a17a48-d09b-11ea-9579-bba61161b25a  
555|Micron Technology Inc.|2020-10-07 19:38:27.000|1|2019-06-23|16a17a48-d09b-11ea-9579-bba61161b25a  
556|Microsoft Corporation|2020-10-07 19:38:27.000|1|2019-06-23|16a17a48-d09b-11ea-9579-bba61161b25a  
557|Milacron Inc.|2020-10-07 19:38:27.000|1|2019-06-23|16a17a48-d09b-11ea-9579-bba61161b25a  
558|Millennium Chemicals Inc.|2020-10-07 19:38:27.000|1|2019-06-23|16a17a48-d09b-11ea-9579-bba61161b25a  
559|Mirant Corporation|2020-10-07 19:38:27.000|1|2019-06-23|16a17a48-d09b-11ea-9579-bba61161b25a  
560|Mohawk Industries Inc.|2020-10-07 19:38:27.000|1|2019-06-23|16a17a48-d09b-11ea-9579-bba61161b25a  
561|Molex Incorporated|2020-10-07 19:38:27.000|1|2019-06-23|16a17a48-d09b-11ea-9579-bba61161b25a  
562|The MONY Group Inc.|2020-10-07 19:38:27.000|1|2019-06-23|16a17a48-d09b-11ea-9579-bba61161b25a  
563|Morgan Stanley Dean Witter & Co.|2020-10-07 19:38:27.000|1|2019-06-23|16a17a48-d09b-11ea-9579-bba61161b25a  
564|Motorola Inc.|2020-10-07 19:38:27.000|1|2019-06-23|16a17a48-d09b-11ea-9579-bba61161b25a  
565|MPS Group Inc.|2020-10-07 19:38:27.000|1|2019-06-23|16a17a48-d09b-11ea-9579-bba61161b25a  
566|Murphy Oil Corporation|2020-10-07 19:38:27.000|1|2019-06-23|16a17a48-d09b-11ea-9579-bba61161b25a  
567|Nabors Industries Inc|2020-10-07 19:38:27.000|1|2019-06-23|16a17a48-d09b-11ea-9579-bba61161b25a  
568|Nacco Industries Inc|2020-10-07 19:38:27.000|1|2019-06-23|16a17a48-d09b-11ea-9579-bba61161b25a  
569|Nash Finch Company|2020-10-07 19:38:27.000|1|2019-06-23|16a17a48-d09b-11ea-9579-bba61161b25a  
570|National City Corp.|2020-10-07 19:38:27.000|1|2019-06-23|16a17a48-d09b-11ea-9579-bba61161b25a  
571|National Commerce Financial Corporation|2020-10-07 19:38:27.000|1|2019-06-23|16a17a48-d09b-11ea-9579-bba61161b25a  
572|National Fuel Gas Company|2020-10-07 19:38:27.000|1|2019-06-23|16a17a48-d09b-11ea-9579-bba61161b25a  
573|National Oilwell Inc|2020-10-07 19:38:27.000|1|2019-06-23|16a17a48-d09b-11ea-9579-bba61161b25a  
574|National Rural Utilities Cooperative Finance Corp|2020-10-07 19:38:27.000|1|2019-06-23|16a17a48-d09b-11ea-9579-bba61161b25a  
575|National Semiconductor Corporation|2020-10-07 19:38:27.000|1|2019-06-23|16a17a48-d09b-11ea-9579-bba61161b25a  
576|National Service Industries Inc|2020-10-07 19:38:27.000|1|2019-06-23|16a17a48-d09b-11ea-9579-bba61161b25a  
577|Navistar International Corporation|2020-10-07 19:38:27.000|1|2019-06-23|16a17a48-d09b-11ea-9579-bba61161b25a  
578|NCR Corporation|2020-10-07 19:38:27.000|1|2019-06-23|16a17a48-d09b-11ea-9579-bba61161b25a  
579|The Neiman Marcus Group Inc.|2020-10-07 19:38:27.000|1|2019-06-23|16a17a48-d09b-11ea-9579-bba61161b25a  
580|New Jersey Resources Corporation|2020-10-07 19:38:27.000|1|2019-06-23|16a17a48-d09b-11ea-9579-bba61161b25a  
581|New York Times Company|2020-10-07 19:38:27.000|1|2019-06-23|16a17a48-d09b-11ea-9579-bba61161b25a  
582|Newell Rubbermaid Inc|2020-10-07 19:38:27.000|1|2019-06-23|16a17a48-d09b-11ea-9579-bba61161b25a  
583|Newmont Mining Corporation|2020-10-07 19:38:27.000|1|2019-06-23|16a17a48-d09b-11ea-9579-bba61161b25a  
584|Nextel Communications Inc|2020-10-07 19:38:27.000|1|2019-06-23|16a17a48-d09b-11ea-9579-bba61161b25a  
585|Nicor Inc|2020-10-07 19:38:27.000|1|2019-06-23|16a17a48-d09b-11ea-9579-bba61161b25a  
586|Nike Inc|2020-10-07 19:38:27.000|1|2019-06-23|16a17a48-d09b-11ea-9579-bba61161b25a  
587|NiSource Inc|2020-10-07 19:38:27.000|1|2019-06-23|16a17a48-d09b-11ea-9579-bba61161b25a  
588|Noble Energy Inc|2020-10-07 19:38:27.000|1|2019-06-23|16a17a48-d09b-11ea-9579-bba61161b25a  
589|Nordstrom Inc|2020-10-07 19:38:27.000|1|2019-06-23|16a17a48-d09b-11ea-9579-bba61161b25a  
590|Norfolk Southern Corporation|2020-10-07 19:38:27.000|1|2019-06-23|16a17a48-d09b-11ea-9579-bba61161b25a  
591|Nortek Inc|2020-10-07 19:38:27.000|1|2019-06-23|16a17a48-d09b-11ea-9579-bba61161b25a  
592|North Fork Bancorporation Inc|2020-10-07 19:38:27.000|1|2019-06-23|16a17a48-d09b-11ea-9579-bba61161b25a  
593|Northeast Utilities System|2020-10-07 19:38:27.000|1|2019-06-23|16a17a48-d09b-11ea-9579-bba61161b25a  
594|Northern Trust Corporation|2020-10-07 19:38:27.000|1|2019-06-23|16a17a48-d09b-11ea-9579-bba61161b25a  
595|Northrop Grumman Corporation|2020-10-07 19:38:27.000|1|2019-06-23|16a17a48-d09b-11ea-9579-bba61161b25a  
596|NorthWestern Corporation|2020-10-07 19:38:27.000|1|2019-06-23|16a17a48-d09b-11ea-9579-bba61161b25a  
597|Novellus Systems Inc|2020-10-07 19:38:27.000|1|2019-06-23|16a17a48-d09b-11ea-9579-bba61161b25a  
598|NSTAR|2020-10-07 19:38:27.000|1|2019-06-23|16a17a48-d09b-11ea-9579-bba61161b25a  
599|NTL Incorporated|2020-10-07 19:38:27.000|1|2019-06-23|16a17a48-d09b-11ea-9579-bba61161b25a  
600|Nucor Corp|2020-10-07 19:38:27.000|1|2019-06-23|16a17a48-d09b-11ea-9579-bba61161b25a  
601|Nvidia Corp|2020-10-07 19:38:27.000|1|2019-06-23|16a17a48-d09b-11ea-9579-bba61161b25a  
602|NVR Inc|2020-10-07 19:38:27.000|1|2019-06-23|16a17a48-d09b-11ea-9579-bba61161b25a  
603|Northwest Airlines Corp|2020-10-07 19:38:27.000|1|2019-06-23|16a17a48-d09b-11ea-9579-bba61161b25a  
604|Occidental Petroleum Corp|2020-10-07 19:38:27.000|1|2019-06-23|16a17a48-d09b-11ea-9579-bba61161b25a  
605|Ocean Energy Inc|2020-10-07 19:38:27.000|1|2019-06-23|16a17a48-d09b-11ea-9579-bba61161b25a  
606|Office Depot Inc.|2020-10-07 19:38:27.000|1|2019-06-23|16a17a48-d09b-11ea-9579-bba61161b25a  
607|OfficeMax Inc|2020-10-07 19:38:27.000|1|2019-06-23|16a17a48-d09b-11ea-9579-bba61161b25a  
608|OGE Energy Corp|2020-10-07 19:38:27.000|1|2019-06-23|16a17a48-d09b-11ea-9579-bba61161b25a  
609|Oglethorpe Power Corp.|2020-10-07 19:38:27.000|1|2019-06-23|16a17a48-d09b-11ea-9579-bba61161b25a  
610|Ohio Casualty Corp.|2020-10-07 19:38:27.000|1|2019-06-23|16a17a48-d09b-11ea-9579-bba61161b25a  
611|Old Republic International Corp.|2020-10-07 19:38:27.000|1|2019-06-23|16a17a48-d09b-11ea-9579-bba61161b25a  
612|Olin Corp.|2020-10-07 19:38:27.000|1|2019-06-23|16a17a48-d09b-11ea-9579-bba61161b25a  
613|OM Group Inc|2020-10-07 19:38:27.000|1|2019-06-23|16a17a48-d09b-11ea-9579-bba61161b25a  
614|Omnicare Inc|2020-10-07 19:38:27.000|1|2019-06-23|16a17a48-d09b-11ea-9579-bba61161b25a  
615|Omnicom Group|2020-10-07 19:38:27.000|1|2019-06-23|16a17a48-d09b-11ea-9579-bba61161b25a  
616|On Semiconductor Corp|2020-10-07 19:38:27.000|1|2019-06-23|16a17a48-d09b-11ea-9579-bba61161b25a  
617|ONEOK Inc|2020-10-07 19:38:27.000|1|2019-06-23|16a17a48-d09b-11ea-9579-bba61161b25a  
618|Oracle Corp|2020-10-07 19:38:27.000|1|2019-06-23|16a17a48-d09b-11ea-9579-bba61161b25a  
619|Oshkosh Truck Corp|2020-10-07 19:38:27.000|1|2019-06-23|16a17a48-d09b-11ea-9579-bba61161b25a  
620|Outback Steakhouse Inc.|2020-10-07 19:38:27.000|1|2019-06-23|16a17a48-d09b-11ea-9579-bba61161b25a  
621|Owens & Minor Inc.|2020-10-07 19:38:27.000|1|2019-06-23|16a17a48-d09b-11ea-9579-bba61161b25a  
622|Owens Corning|2020-10-07 19:38:27.000|1|2019-06-23|16a17a48-d09b-11ea-9579-bba61161b25a  
623|Owens-Illinois Inc|2020-10-07 19:38:27.000|1|2019-06-23|16a17a48-d09b-11ea-9579-bba61161b25a  
624|Oxford Health Plans Inc|2020-10-07 19:38:27.000|1|2019-06-23|16a17a48-d09b-11ea-9579-bba61161b25a  
625|Paccar Inc|2020-10-07 19:38:27.000|1|2019-06-23|16a17a48-d09b-11ea-9579-bba61161b25a  
626|PacifiCare Health Systems Inc|2020-10-07 19:38:27.000|1|2019-06-23|16a17a48-d09b-11ea-9579-bba61161b25a  
627|Packaging Corp. of America|2020-10-07 19:38:27.000|1|2019-06-23|16a17a48-d09b-11ea-9579-bba61161b25a  
628|Pactiv Corp|2020-10-07 19:38:27.000|1|2019-06-23|16a17a48-d09b-11ea-9579-bba61161b25a  
629|Pall Corp|2020-10-07 19:38:27.000|1|2019-06-23|16a17a48-d09b-11ea-9579-bba61161b25a  
630|Pantry Inc|2020-10-07 19:38:27.000|1|2019-06-23|16a17a48-d09b-11ea-9579-bba61161b25a  
631|Park Place Entertainment Corp|2020-10-07 19:38:27.000|1|2019-06-23|16a17a48-d09b-11ea-9579-bba61161b25a  
632|Parker Hannifin Corp.|2020-10-07 19:38:27.000|1|2019-06-23|16a17a48-d09b-11ea-9579-bba61161b25a  
633|Pathmark Stores Inc.|2020-10-07 19:38:27.000|1|2019-06-23|16a17a48-d09b-11ea-9579-bba61161b25a  
634|Paychex Inc|2020-10-07 19:38:27.000|1|2019-06-23|16a17a48-d09b-11ea-9579-bba61161b25a  
635|Payless Shoesource Inc|2020-10-07 19:38:27.000|1|2019-06-23|16a17a48-d09b-11ea-9579-bba61161b25a  
636|Penn Traffic Co.|2020-10-07 19:38:27.000|1|2019-06-23|16a17a48-d09b-11ea-9579-bba61161b25a  
637|Pennzoil-Quaker State Company|2020-10-07 19:38:27.000|1|2019-06-23|16a17a48-d09b-11ea-9579-bba61161b25a  
638|Pentair Inc|2020-10-07 19:38:27.000|1|2019-06-23|16a17a48-d09b-11ea-9579-bba61161b25a  
639|Peoples Energy Corp.|2020-10-07 19:38:27.000|1|2019-06-23|16a17a48-d09b-11ea-9579-bba61161b25a  
640|PeopleSoft Inc|2020-10-07 19:38:27.000|1|2019-06-23|16a17a48-d09b-11ea-9579-bba61161b25a  
641|Pep Boys Manny, Moe & Jack|2020-10-07 19:38:27.000|1|2019-06-23|16a17a48-d09b-11ea-9579-bba61161b25a  
642|Potomac Electric Power Co.|2020-10-07 19:38:27.000|1|2019-06-23|16a17a48-d09b-11ea-9579-bba61161b25a  
643|Pepsi Bottling Group Inc.|2020-10-07 19:38:27.000|1|2019-06-23|16a17a48-d09b-11ea-9579-bba61161b25a  
644|PepsiAmericas Inc.|2020-10-07 19:38:27.000|1|2019-06-23|16a17a48-d09b-11ea-9579-bba61161b25a  
645|PepsiCo Inc.|2020-10-07 19:38:27.000|1|2019-06-23|16a17a48-d09b-11ea-9579-bba61161b25a  
646|Performance Food Group Co.|2020-10-07 19:38:27.000|1|2019-06-23|16a17a48-d09b-11ea-9579-bba61161b25a  
647|Perini Corp|2020-10-07 19:38:27.000|1|2019-06-23|16a17a48-d09b-11ea-9579-bba61161b25a  
648|PerkinElmer Inc|2020-10-07 19:38:27.000|1|2019-06-23|16a17a48-d09b-11ea-9579-bba61161b25a  
649|Perot Systems Corp|2020-10-07 19:38:27.000|1|2019-06-23|16a17a48-d09b-11ea-9579-bba61161b25a  
650|Petco Animal Supplies Inc.|2020-10-07 19:38:27.000|1|2019-06-23|16a17a48-d09b-11ea-9579-bba61161b25a  
651|Peter Kiewit Sons', Inc.|2020-10-07 19:38:27.000|1|2019-06-23|16a17a48-d09b-11ea-9579-bba61161b25a  
652|PETsMART Inc|2020-10-07 19:38:27.000|1|2019-06-23|16a17a48-d09b-11ea-9579-bba61161b25a  
653|Pfizer Inc|2020-10-07 19:38:27.000|1|2019-06-23|16a17a48-d09b-11ea-9579-bba61161b25a  
654|Pacific Gas & Electric Corp.|2020-10-07 19:38:27.000|1|2019-06-23|16a17a48-d09b-11ea-9579-bba61161b25a  
655|Pharmacia Corp|2020-10-07 19:38:27.000|1|2019-06-23|16a17a48-d09b-11ea-9579-bba61161b25a  
656|Phar Mor Inc.|2020-10-07 19:38:27.000|1|2019-06-23|16a17a48-d09b-11ea-9579-bba61161b25a  
657|Phelps Dodge Corp.|2020-10-07 19:38:27.000|1|2019-06-23|16a17a48-d09b-11ea-9579-bba61161b25a  
658|Philip Morris Companies Inc.|2020-10-07 19:38:27.000|1|2019-06-23|16a17a48-d09b-11ea-9579-bba61161b25a  
659|Phillips Petroleum Co|2020-10-07 19:38:27.000|1|2019-06-23|16a17a48-d09b-11ea-9579-bba61161b25a  
660|Phillips Van Heusen Corp.|2020-10-07 19:38:27.000|1|2019-06-23|16a17a48-d09b-11ea-9579-bba61161b25a  
661|Phoenix Companies Inc|2020-10-07 19:38:27.000|1|2019-06-23|16a17a48-d09b-11ea-9579-bba61161b25a  
662|Pier 1 Imports Inc.|2020-10-07 19:38:27.000|1|2019-06-23|16a17a48-d09b-11ea-9579-bba61161b25a  
663|Pilgrim's Pride Corporation|2020-10-07 19:38:27.000|1|2019-06-23|16a17a48-d09b-11ea-9579-bba61161b25a  
664|Pinnacle West Capital Corp|2020-10-07 19:38:27.000|1|2019-06-23|16a17a48-d09b-11ea-9579-bba61161b25a  
665|Pioneer-Standard Electronics Inc.|2020-10-07 19:38:27.000|1|2019-06-23|16a17a48-d09b-11ea-9579-bba61161b25a  
666|Pitney Bowes Inc.|2020-10-07 19:38:27.000|1|2019-06-23|16a17a48-d09b-11ea-9579-bba61161b25a  
667|Pittston Brinks Group|2020-10-07 19:38:27.000|1|2019-06-23|16a17a48-d09b-11ea-9579-bba61161b25a  
668|Plains All American Pipeline LP|2020-10-07 19:38:27.000|1|2019-06-23|16a17a48-d09b-11ea-9579-bba61161b25a  
669|PNC Financial Services Group Inc.|2020-10-07 19:38:27.000|1|2019-06-23|16a17a48-d09b-11ea-9579-bba61161b25a  
670|PNM Resources Inc|2020-10-07 19:38:27.000|1|2019-06-23|16a17a48-d09b-11ea-9579-bba61161b25a  
671|Polaris Industries Inc.|2020-10-07 19:38:27.000|1|2019-06-23|16a17a48-d09b-11ea-9579-bba61161b25a  
672|Polo Ralph Lauren Corp|2020-10-07 19:38:27.000|1|2019-06-23|16a17a48-d09b-11ea-9579-bba61161b25a  
673|PolyOne Corp|2020-10-07 19:38:27.000|1|2019-06-23|16a17a48-d09b-11ea-9579-bba61161b25a  
674|Popular Inc|2020-10-07 19:38:27.000|1|2019-06-23|16a17a48-d09b-11ea-9579-bba61161b25a  
675|Potlatch Corp|2020-10-07 19:38:27.000|1|2019-06-23|16a17a48-d09b-11ea-9579-bba61161b25a  
676|PPG Industries Inc|2020-10-07 19:38:27.000|1|2019-06-23|16a17a48-d09b-11ea-9579-bba61161b25a  
677|PPL Corp|2020-10-07 19:38:27.000|1|2019-06-23|16a17a48-d09b-11ea-9579-bba61161b25a  
678|Praxair Inc|2020-10-07 19:38:27.000|1|2019-06-23|16a17a48-d09b-11ea-9579-bba61161b25a  
679|Precision Castparts Corp|2020-10-07 19:38:27.000|1|2019-06-23|16a17a48-d09b-11ea-9579-bba61161b25a  
680|Premcor Inc.|2020-10-07 19:38:27.000|1|2019-06-23|16a17a48-d09b-11ea-9579-bba61161b25a  
681|Pride International Inc|2020-10-07 19:38:27.000|1|2019-06-23|16a17a48-d09b-11ea-9579-bba61161b25a  
682|Primedia Inc|2020-10-07 19:38:27.000|1|2019-06-23|16a17a48-d09b-11ea-9579-bba61161b25a  
683|Principal Financial Group Inc.|2020-10-07 19:38:27.000|1|2019-06-23|16a17a48-d09b-11ea-9579-bba61161b25a  
684|Procter & Gamble Co.|2020-10-07 19:38:27.000|1|2019-06-23|16a17a48-d09b-11ea-9579-bba61161b25a  
685|Pro-Fac Cooperative Inc.|2020-10-07 19:38:27.000|1|2019-06-23|16a17a48-d09b-11ea-9579-bba61161b25a  
686|Progress Energy Inc|2020-10-07 19:38:27.000|1|2019-06-23|16a17a48-d09b-11ea-9579-bba61161b25a  
687|Progressive Corporation|2020-10-07 19:38:27.000|1|2019-06-23|16a17a48-d09b-11ea-9579-bba61161b25a  
688|Protective Life Corp|2020-10-07 19:38:27.000|1|2019-06-23|16a17a48-d09b-11ea-9579-bba61161b25a  
689|Provident Financial Group|2020-10-07 19:38:27.000|1|2019-06-23|16a17a48-d09b-11ea-9579-bba61161b25a  
690|Providian Financial Corp.|2020-10-07 19:38:27.000|1|2019-06-23|16a17a48-d09b-11ea-9579-bba61161b25a  
691|Prudential Financial Inc.|2020-10-07 19:38:27.000|1|2019-06-23|16a17a48-d09b-11ea-9579-bba61161b25a  
692|PSS World Medical Inc|2020-10-07 19:38:27.000|1|2019-06-23|16a17a48-d09b-11ea-9579-bba61161b25a  
693|Public Service Enterprise Group Inc.|2020-10-07 19:38:27.000|1|2019-06-23|16a17a48-d09b-11ea-9579-bba61161b25a  
694|Publix Super Markets Inc.|2020-10-07 19:38:27.000|1|2019-06-23|16a17a48-d09b-11ea-9579-bba61161b25a  
695|Puget Energy Inc.|2020-10-07 19:38:27.000|1|2019-06-23|16a17a48-d09b-11ea-9579-bba61161b25a  
696|Pulte Homes Inc|2020-10-07 19:38:27.000|1|2019-06-23|16a17a48-d09b-11ea-9579-bba61161b25a  
697|Qualcomm Inc|2020-10-07 19:38:27.000|1|2019-06-23|16a17a48-d09b-11ea-9579-bba61161b25a  
698|Quanta Services Inc.|2020-10-07 19:38:27.000|1|2019-06-23|16a17a48-d09b-11ea-9579-bba61161b25a  
699|Quantum Corp|2020-10-07 19:38:27.000|1|2019-06-23|16a17a48-d09b-11ea-9579-bba61161b25a  
700|Quest Diagnostics Inc.|2020-10-07 19:38:27.000|1|2019-06-23|16a17a48-d09b-11ea-9579-bba61161b25a  
701|Questar Corp|2020-10-07 19:38:27.000|1|2019-06-23|16a17a48-d09b-11ea-9579-bba61161b25a  
702|Quintiles Transnational|2020-10-07 19:38:27.000|1|2019-06-23|16a17a48-d09b-11ea-9579-bba61161b25a  
703|Qwest Communications Intl Inc|2020-10-07 19:38:27.000|1|2019-06-23|16a17a48-d09b-11ea-9579-bba61161b25a  
704|R.J. Reynolds Tobacco Company|2020-10-07 19:38:27.000|1|2019-06-23|16a17a48-d09b-11ea-9579-bba61161b25a  
705|R.R. Donnelley & Sons Company|2020-10-07 19:38:27.000|1|2019-06-23|16a17a48-d09b-11ea-9579-bba61161b25a  
706|Radio Shack Corporation|2020-10-07 19:38:27.000|1|2019-06-23|16a17a48-d09b-11ea-9579-bba61161b25a  
707|Raymond James Financial Inc.|2020-10-07 19:38:27.000|1|2019-06-23|16a17a48-d09b-11ea-9579-bba61161b25a  
708|Raytheon Company|2020-10-07 19:38:27.000|1|2019-06-23|16a17a48-d09b-11ea-9579-bba61161b25a  
709|Reader's Digest Association Inc.|2020-10-07 19:38:27.000|1|2019-06-23|16a17a48-d09b-11ea-9579-bba61161b25a  
710|Reebok International Ltd.|2020-10-07 19:38:27.000|1|2019-06-23|16a17a48-d09b-11ea-9579-bba61161b25a  
711|Regions Financial Corp.|2020-10-07 19:38:27.000|1|2019-06-23|16a17a48-d09b-11ea-9579-bba61161b25a  
712|Regis Corporation|2020-10-07 19:38:27.000|1|2019-06-23|16a17a48-d09b-11ea-9579-bba61161b25a  
713|Reliance Steel & Aluminum Co.|2020-10-07 19:38:27.000|1|2019-06-23|16a17a48-d09b-11ea-9579-bba61161b25a  
714|Reliant Energy Inc.|2020-10-07 19:38:27.000|1|2019-06-23|16a17a48-d09b-11ea-9579-bba61161b25a  
715|Rent A Center Inc|2020-10-07 19:38:27.000|1|2019-06-23|16a17a48-d09b-11ea-9579-bba61161b25a  
716|Republic Services Inc|2020-10-07 19:38:27.000|1|2019-06-23|16a17a48-d09b-11ea-9579-bba61161b25a  
717|Revlon Inc|2020-10-07 19:38:27.000|1|2019-06-23|16a17a48-d09b-11ea-9579-bba61161b25a  
718|RGS Energy Group Inc|2020-10-07 19:38:27.000|1|2019-06-23|16a17a48-d09b-11ea-9579-bba61161b25a  
719|Rite Aid Corp|2020-10-07 19:38:27.000|1|2019-06-23|16a17a48-d09b-11ea-9579-bba61161b25a  
720|Riverwood Holding Inc.|2020-10-07 19:38:27.000|1|2019-06-23|16a17a48-d09b-11ea-9579-bba61161b25a  
721|RoadwayCorp|2020-10-07 19:38:27.000|1|2019-06-23|16a17a48-d09b-11ea-9579-bba61161b25a  
722|Robert Half International Inc.|2020-10-07 19:38:27.000|1|2019-06-23|16a17a48-d09b-11ea-9579-bba61161b25a  
723|Rock-Tenn Co|2020-10-07 19:38:27.000|1|2019-06-23|16a17a48-d09b-11ea-9579-bba61161b25a  
724|Rockwell Automation Inc|2020-10-07 19:38:27.000|1|2019-06-23|16a17a48-d09b-11ea-9579-bba61161b25a  
725|Rockwell Collins Inc|2020-10-07 19:38:27.000|1|2019-06-23|16a17a48-d09b-11ea-9579-bba61161b25a  
726|Rohm & Haas Co.|2020-10-07 19:38:27.000|1|2019-06-23|16a17a48-d09b-11ea-9579-bba61161b25a  
727|Ross Stores Inc|2020-10-07 19:38:27.000|1|2019-06-23|16a17a48-d09b-11ea-9579-bba61161b25a  
728|RPM Inc.|2020-10-07 19:38:27.000|1|2019-06-23|16a17a48-d09b-11ea-9579-bba61161b25a  
729|Ruddick Corp|2020-10-07 19:38:27.000|1|2019-06-23|16a17a48-d09b-11ea-9579-bba61161b25a  
730|Ryder System Inc|2020-10-07 19:38:27.000|1|2019-06-23|16a17a48-d09b-11ea-9579-bba61161b25a  
731|Ryerson Tull Inc|2020-10-07 19:38:27.000|1|2019-06-23|16a17a48-d09b-11ea-9579-bba61161b25a  
732|Ryland Group Inc.|2020-10-07 19:38:27.000|1|2019-06-23|16a17a48-d09b-11ea-9579-bba61161b25a  
733|Sabre Holdings Corp|2020-10-07 19:38:27.000|1|2019-06-23|16a17a48-d09b-11ea-9579-bba61161b25a  
734|Safeco Corp|2020-10-07 19:38:27.000|1|2019-06-23|16a17a48-d09b-11ea-9579-bba61161b25a  
735|Safeguard Scientifics Inc.|2020-10-07 19:38:27.000|1|2019-06-23|16a17a48-d09b-11ea-9579-bba61161b25a  
736|Safeway Inc|2020-10-07 19:38:27.000|1|2019-06-23|16a17a48-d09b-11ea-9579-bba61161b25a  
737|Saks Inc|2020-10-07 19:38:27.000|1|2019-06-23|16a17a48-d09b-11ea-9579-bba61161b25a  
738|Sanmina-SCI Inc|2020-10-07 19:38:27.000|1|2019-06-23|16a17a48-d09b-11ea-9579-bba61161b25a  
739|Sara Lee Corp|2020-10-07 19:38:27.000|1|2019-06-23|16a17a48-d09b-11ea-9579-bba61161b25a  
740|SBC Communications Inc|2020-10-07 19:38:27.000|1|2019-06-23|16a17a48-d09b-11ea-9579-bba61161b25a  
741|Scana Corp.|2020-10-07 19:38:27.000|1|2019-06-23|16a17a48-d09b-11ea-9579-bba61161b25a  
742|Schering-Plough Corp|2020-10-07 19:38:27.000|1|2019-06-23|16a17a48-d09b-11ea-9579-bba61161b25a  
743|Scholastic Corp|2020-10-07 19:38:27.000|1|2019-06-23|16a17a48-d09b-11ea-9579-bba61161b25a  
744|SCI Systems Onc.|2020-10-07 19:38:27.000|1|2019-06-23|16a17a48-d09b-11ea-9579-bba61161b25a  
745|Science Applications Intl. Inc.|2020-10-07 19:38:27.000|1|2019-06-23|16a17a48-d09b-11ea-9579-bba61161b25a  
746|Scientific-Atlanta Inc|2020-10-07 19:38:27.000|1|2019-06-23|16a17a48-d09b-11ea-9579-bba61161b25a  
747|Scotts Company|2020-10-07 19:38:27.000|1|2019-06-23|16a17a48-d09b-11ea-9579-bba61161b25a  
748|Seaboard Corp|2020-10-07 19:38:27.000|1|2019-06-23|16a17a48-d09b-11ea-9579-bba61161b25a  
749|Sealed Air Corp|2020-10-07 19:38:27.000|1|2019-06-23|16a17a48-d09b-11ea-9579-bba61161b25a  
750|Sears Roebuck & Co|2020-10-07 19:38:27.000|1|2019-06-23|16a17a48-d09b-11ea-9579-bba61161b25a  
751|Sempra Energy|2020-10-07 19:38:27.000|1|2019-06-23|16a17a48-d09b-11ea-9579-bba61161b25a  
752|Sequa Corp|2020-10-07 19:38:27.000|1|2019-06-23|16a17a48-d09b-11ea-9579-bba61161b25a  
753|Service Corp. International|2020-10-07 19:38:27.000|1|2019-06-23|16a17a48-d09b-11ea-9579-bba61161b25a  
754|ServiceMaster Co|2020-10-07 19:38:27.000|1|2019-06-23|16a17a48-d09b-11ea-9579-bba61161b25a  
755|Shaw Group Inc|2020-10-07 19:38:27.000|1|2019-06-23|16a17a48-d09b-11ea-9579-bba61161b25a  
756|Sherwin-Williams Company|2020-10-07 19:38:27.000|1|2019-06-23|16a17a48-d09b-11ea-9579-bba61161b25a  
757|Shopko Stores Inc|2020-10-07 19:38:27.000|1|2019-06-23|16a17a48-d09b-11ea-9579-bba61161b25a  
758|Siebel Systems Inc|2020-10-07 19:38:27.000|1|2019-06-23|16a17a48-d09b-11ea-9579-bba61161b25a  
759|Sierra Health Services Inc|2020-10-07 19:38:27.000|1|2019-06-23|16a17a48-d09b-11ea-9579-bba61161b25a  
760|Sierra Pacific Resources|2020-10-07 19:38:27.000|1|2019-06-23|16a17a48-d09b-11ea-9579-bba61161b25a  
761|Silgan Holdings Inc.|2020-10-07 19:38:27.000|1|2019-06-23|16a17a48-d09b-11ea-9579-bba61161b25a  
762|Silicon Graphics Inc|2020-10-07 19:38:27.000|1|2019-06-23|16a17a48-d09b-11ea-9579-bba61161b25a  
763|Simon Property Group Inc|2020-10-07 19:38:27.000|1|2019-06-23|16a17a48-d09b-11ea-9579-bba61161b25a  
764|SLM Corporation|2020-10-07 19:38:27.000|1|2019-06-23|16a17a48-d09b-11ea-9579-bba61161b25a  
765|Smith International Inc|2020-10-07 19:38:27.000|1|2019-06-23|16a17a48-d09b-11ea-9579-bba61161b25a  
766|Smithfield Foods Inc|2020-10-07 19:38:27.000|1|2019-06-23|16a17a48-d09b-11ea-9579-bba61161b25a  
767|Smurfit-Stone Container Corp|2020-10-07 19:38:27.000|1|2019-06-23|16a17a48-d09b-11ea-9579-bba61161b25a  
768|Snap-On Inc|2020-10-07 19:38:27.000|1|2019-06-23|16a17a48-d09b-11ea-9579-bba61161b25a  
769|Solectron Corp|2020-10-07 19:38:27.000|1|2019-06-23|16a17a48-d09b-11ea-9579-bba61161b25a  
770|Solutia Inc|2020-10-07 19:38:27.000|1|2019-06-23|16a17a48-d09b-11ea-9579-bba61161b25a  
771|Sonic Automotive Inc.|2020-10-07 19:38:27.000|1|2019-06-23|16a17a48-d09b-11ea-9579-bba61161b25a  
772|Sonoco Products Co.|2020-10-07 19:38:27.000|1|2019-06-23|16a17a48-d09b-11ea-9579-bba61161b25a  
773|Southern Company|2020-10-07 19:38:27.000|1|2019-06-23|16a17a48-d09b-11ea-9579-bba61161b25a  
774|Southern Union Company|2020-10-07 19:38:27.000|1|2019-06-23|16a17a48-d09b-11ea-9579-bba61161b25a  
775|SouthTrust Corp.|2020-10-07 19:38:27.000|1|2019-06-23|16a17a48-d09b-11ea-9579-bba61161b25a  
776|Southwest Airlines Co|2020-10-07 19:38:27.000|1|2019-06-23|16a17a48-d09b-11ea-9579-bba61161b25a  
777|Southwest Gas Corp|2020-10-07 19:38:27.000|1|2019-06-23|16a17a48-d09b-11ea-9579-bba61161b25a  
778|Sovereign Bancorp Inc.|2020-10-07 19:38:27.000|1|2019-06-23|16a17a48-d09b-11ea-9579-bba61161b25a  
779|Spartan Stores Inc|2020-10-07 19:38:27.000|1|2019-06-23|16a17a48-d09b-11ea-9579-bba61161b25a  
780|Spherion Corp|2020-10-07 19:38:27.000|1|2019-06-23|16a17a48-d09b-11ea-9579-bba61161b25a  
781|Sports Authority Inc|2020-10-07 19:38:27.000|1|2019-06-23|16a17a48-d09b-11ea-9579-bba61161b25a  
782|Sprint Corp.|2020-10-07 19:38:27.000|1|2019-06-23|16a17a48-d09b-11ea-9579-bba61161b25a  
783|SPX Corp|2020-10-07 19:38:27.000|1|2019-06-23|16a17a48-d09b-11ea-9579-bba61161b25a  
784|St. Jude Medical Inc|2020-10-07 19:38:27.000|1|2019-06-23|16a17a48-d09b-11ea-9579-bba61161b25a  
785|St. Paul Cos.|2020-10-07 19:38:27.000|1|2019-06-23|16a17a48-d09b-11ea-9579-bba61161b25a  
786|Staff Leasing Inc.|2020-10-07 19:38:27.000|1|2019-06-23|16a17a48-d09b-11ea-9579-bba61161b25a  
787|StanCorp Financial Group Inc|2020-10-07 19:38:27.000|1|2019-06-23|16a17a48-d09b-11ea-9579-bba61161b25a  
788|Standard Pacific Corp.|2020-10-07 19:38:27.000|1|2019-06-23|16a17a48-d09b-11ea-9579-bba61161b25a  
789|Stanley Works|2020-10-07 19:38:27.000|1|2019-06-23|16a17a48-d09b-11ea-9579-bba61161b25a  
790|Staples Inc|2020-10-07 19:38:27.000|1|2019-06-23|16a17a48-d09b-11ea-9579-bba61161b25a  
791|Starbucks Corp|2020-10-07 19:38:27.000|1|2019-06-23|16a17a48-d09b-11ea-9579-bba61161b25a  
792|Starwood Hotels & Resorts Worldwide Inc|2020-10-07 19:38:27.000|1|2019-06-23|16a17a48-d09b-11ea-9579-bba61161b25a  
793|State Street Corp.|2020-10-07 19:38:27.000|1|2019-06-23|16a17a48-d09b-11ea-9579-bba61161b25a  
794|Stater Bros. Holdings Inc.|2020-10-07 19:38:27.000|1|2019-06-23|16a17a48-d09b-11ea-9579-bba61161b25a  
795|Steelcase Inc|2020-10-07 19:38:27.000|1|2019-06-23|16a17a48-d09b-11ea-9579-bba61161b25a  
796|Stein Mart Inc|2020-10-07 19:38:27.000|1|2019-06-23|16a17a48-d09b-11ea-9579-bba61161b25a  
797|Stewart & Stevenson Services Inc|2020-10-07 19:38:27.000|1|2019-06-23|16a17a48-d09b-11ea-9579-bba61161b25a  
798|Stewart Information Services Corp|2020-10-07 19:38:27.000|1|2019-06-23|16a17a48-d09b-11ea-9579-bba61161b25a  
799|Stilwell Financial Inc|2020-10-07 19:38:27.000|1|2019-06-23|16a17a48-d09b-11ea-9579-bba61161b25a  
800|Storage Technology Corporation|2020-10-07 19:38:27.000|1|2019-06-23|16a17a48-d09b-11ea-9579-bba61161b25a  
801|Stryker Corp|2020-10-07 19:38:27.000|1|2019-06-23|16a17a48-d09b-11ea-9579-bba61161b25a  
802|Sun Healthcare Group Inc.|2020-10-07 19:38:27.000|1|2019-06-23|16a17a48-d09b-11ea-9579-bba61161b25a  
803|Sun Microsystems Inc.|2020-10-07 19:38:27.000|1|2019-06-23|16a17a48-d09b-11ea-9579-bba61161b25a  
804|SunGard Data Systems Inc.|2020-10-07 19:38:27.000|1|2019-06-23|16a17a48-d09b-11ea-9579-bba61161b25a  
805|Sunoco Inc.|2020-10-07 19:38:27.000|1|2019-06-23|16a17a48-d09b-11ea-9579-bba61161b25a  
806|SunTrust Banks Inc|2020-10-07 19:38:27.000|1|2019-06-23|16a17a48-d09b-11ea-9579-bba61161b25a  
807|Supervalu Inc|2020-10-07 19:38:27.000|1|2019-06-23|16a17a48-d09b-11ea-9579-bba61161b25a  
808|Swift Transportation, Co., Inc|2020-10-07 19:38:27.000|1|2019-06-23|16a17a48-d09b-11ea-9579-bba61161b25a  
809|Symbol Technologies Inc|2020-10-07 19:38:27.000|1|2019-06-23|16a17a48-d09b-11ea-9579-bba61161b25a  
810|Synovus Financial Corp.|2020-10-07 19:38:27.000|1|2019-06-23|16a17a48-d09b-11ea-9579-bba61161b25a  
811|Sysco Corp|2020-10-07 19:38:27.000|1|2019-06-23|16a17a48-d09b-11ea-9579-bba61161b25a  
812|Systemax Inc.|2020-10-07 19:38:27.000|1|2019-06-23|16a17a48-d09b-11ea-9579-bba61161b25a  
813|Target Corp.|2020-10-07 19:38:27.000|1|2019-06-23|16a17a48-d09b-11ea-9579-bba61161b25a  
814|Tech Data Corporation|2020-10-07 19:38:27.000|1|2019-06-23|16a17a48-d09b-11ea-9579-bba61161b25a  
815|TECO Energy Inc|2020-10-07 19:38:27.000|1|2019-06-23|16a17a48-d09b-11ea-9579-bba61161b25a  
816|Tecumseh Products Company|2020-10-07 19:38:27.000|1|2019-06-23|16a17a48-d09b-11ea-9579-bba61161b25a  
817|Tektronix Inc|2020-10-07 19:38:27.000|1|2019-06-23|16a17a48-d09b-11ea-9579-bba61161b25a  
818|Teleflex Incorporated|2020-10-07 19:38:27.000|1|2019-06-23|16a17a48-d09b-11ea-9579-bba61161b25a  
819|Telephone & Data Systems Inc|2020-10-07 19:38:27.000|1|2019-06-23|16a17a48-d09b-11ea-9579-bba61161b25a  
820|Tellabs Inc.|2020-10-07 19:38:27.000|1|2019-06-23|16a17a48-d09b-11ea-9579-bba61161b25a  
821|Temple-Inland Inc|2020-10-07 19:38:27.000|1|2019-06-23|16a17a48-d09b-11ea-9579-bba61161b25a  
822|Tenet Healthcare Corporation|2020-10-07 19:38:27.000|1|2019-06-23|16a17a48-d09b-11ea-9579-bba61161b25a  
823|Tenneco Automotive Inc.|2020-10-07 19:38:27.000|1|2019-06-23|16a17a48-d09b-11ea-9579-bba61161b25a  
824|Teradyne Inc|2020-10-07 19:38:27.000|1|2019-06-23|16a17a48-d09b-11ea-9579-bba61161b25a  
825|Terex Corp|2020-10-07 19:38:27.000|1|2019-06-23|16a17a48-d09b-11ea-9579-bba61161b25a  
826|Tesoro Petroleum Corp.|2020-10-07 19:38:27.000|1|2019-06-23|16a17a48-d09b-11ea-9579-bba61161b25a  
827|Texas Industries Inc.|2020-10-07 19:38:27.000|1|2019-06-23|16a17a48-d09b-11ea-9579-bba61161b25a  
828|Texas Instruments Incorporated|2020-10-07 19:38:27.000|1|2019-06-23|16a17a48-d09b-11ea-9579-bba61161b25a  
829|Textron Inc|2020-10-07 19:38:27.000|1|2019-06-23|16a17a48-d09b-11ea-9579-bba61161b25a  
830|Thermo Electron Corporation|2020-10-07 19:38:27.000|1|2019-06-23|16a17a48-d09b-11ea-9579-bba61161b25a  
831|Thomas & Betts Corporation|2020-10-07 19:38:27.000|1|2019-06-23|16a17a48-d09b-11ea-9579-bba61161b25a  
832|Tiffany & Co|2020-10-07 19:38:27.000|1|2019-06-23|16a17a48-d09b-11ea-9579-bba61161b25a  
833|Timken Company|2020-10-07 19:38:27.000|1|2019-06-23|16a17a48-d09b-11ea-9579-bba61161b25a  
834|TJX Companies Inc|2020-10-07 19:38:27.000|1|2019-06-23|16a17a48-d09b-11ea-9579-bba61161b25a  
835|TMP Worldwide Inc|2020-10-07 19:38:27.000|1|2019-06-23|16a17a48-d09b-11ea-9579-bba61161b25a  
836|Toll Brothers Inc|2020-10-07 19:38:27.000|1|2019-06-23|16a17a48-d09b-11ea-9579-bba61161b25a  
837|Torchmark Corporation|2020-10-07 19:38:27.000|1|2019-06-23|16a17a48-d09b-11ea-9579-bba61161b25a  
838|Toro Company|2020-10-07 19:38:27.000|1|2019-06-23|16a17a48-d09b-11ea-9579-bba61161b25a  
839|Tower Automotive Inc.|2020-10-07 19:38:27.000|1|2019-06-23|16a17a48-d09b-11ea-9579-bba61161b25a  
840|Toys 'R' Us Inc|2020-10-07 19:38:27.000|1|2019-06-23|16a17a48-d09b-11ea-9579-bba61161b25a  
841|Trans World Entertainment Corp.|2020-10-07 19:38:27.000|1|2019-06-23|16a17a48-d09b-11ea-9579-bba61161b25a  
842|TransMontaigne Inc|2020-10-07 19:38:27.000|1|2019-06-23|16a17a48-d09b-11ea-9579-bba61161b25a  
843|Transocean Inc|2020-10-07 19:38:27.000|1|2019-06-23|16a17a48-d09b-11ea-9579-bba61161b25a  
844|TravelCenters of America Inc.|2020-10-07 19:38:27.000|1|2019-06-23|16a17a48-d09b-11ea-9579-bba61161b25a  
845|Triad Hospitals Inc|2020-10-07 19:38:27.000|1|2019-06-23|16a17a48-d09b-11ea-9579-bba61161b25a  
846|Tribune Company|2020-10-07 19:38:27.000|1|2019-06-23|16a17a48-d09b-11ea-9579-bba61161b25a  
847|Trigon Healthcare Inc.|2020-10-07 19:38:27.000|1|2019-06-23|16a17a48-d09b-11ea-9579-bba61161b25a  
848|Trinity Industries Inc|2020-10-07 19:38:27.000|1|2019-06-23|16a17a48-d09b-11ea-9579-bba61161b25a  
849|Trump Hotels & Casino Resorts Inc.|2020-10-07 19:38:27.000|1|2019-06-23|16a17a48-d09b-11ea-9579-bba61161b25a  
850|TruServ Corporation|2020-10-07 19:38:27.000|1|2019-06-23|16a17a48-d09b-11ea-9579-bba61161b25a  
851|TRW Inc|2020-10-07 19:38:27.000|1|2019-06-23|16a17a48-d09b-11ea-9579-bba61161b25a  
852|TXU Corp|2020-10-07 19:38:27.000|1|2019-06-23|16a17a48-d09b-11ea-9579-bba61161b25a  
853|Tyson Foods Inc|2020-10-07 19:38:27.000|1|2019-06-23|16a17a48-d09b-11ea-9579-bba61161b25a  
854|U.S. Bancorp|2020-10-07 19:38:27.000|1|2019-06-23|16a17a48-d09b-11ea-9579-bba61161b25a  
855|U.S. Industries Inc.|2020-10-07 19:38:27.000|1|2019-06-23|16a17a48-d09b-11ea-9579-bba61161b25a  
856|UAL Corporation|2020-10-07 19:38:27.000|1|2019-06-23|16a17a48-d09b-11ea-9579-bba61161b25a  
857|UGI Corporation|2020-10-07 19:38:27.000|1|2019-06-23|16a17a48-d09b-11ea-9579-bba61161b25a  
858|Unified Western Grocers Inc|2020-10-07 19:38:27.000|1|2019-06-23|16a17a48-d09b-11ea-9579-bba61161b25a  
859|Union Pacific Corporation|2020-10-07 19:38:27.000|1|2019-06-23|16a17a48-d09b-11ea-9579-bba61161b25a  
860|Union Planters Corp|2020-10-07 19:38:27.000|1|2019-06-23|16a17a48-d09b-11ea-9579-bba61161b25a  
861|Unisource Energy Corp|2020-10-07 19:38:27.000|1|2019-06-23|16a17a48-d09b-11ea-9579-bba61161b25a  
862|Unisys Corporation|2020-10-07 19:38:27.000|1|2019-06-23|16a17a48-d09b-11ea-9579-bba61161b25a  
863|United Auto Group Inc|2020-10-07 19:38:27.000|1|2019-06-23|16a17a48-d09b-11ea-9579-bba61161b25a  
864|United Defense Industries Inc.|2020-10-07 19:38:27.000|1|2019-06-23|16a17a48-d09b-11ea-9579-bba61161b25a  
865|United Parcel Service Inc|2020-10-07 19:38:27.000|1|2019-06-23|16a17a48-d09b-11ea-9579-bba61161b25a  
866|United Rentals Inc|2020-10-07 19:38:27.000|1|2019-06-23|16a17a48-d09b-11ea-9579-bba61161b25a  
867|United Stationers Inc|2020-10-07 19:38:27.000|1|2019-06-23|16a17a48-d09b-11ea-9579-bba61161b25a  
868|United Technologies Corporation|2020-10-07 19:38:27.000|1|2019-06-23|16a17a48-d09b-11ea-9579-bba61161b25a  
869|UnitedHealth Group Incorporated|2020-10-07 19:38:27.000|1|2019-06-23|16a17a48-d09b-11ea-9579-bba61161b25a  
870|Unitrin Inc|2020-10-07 19:38:27.000|1|2019-06-23|16a17a48-d09b-11ea-9579-bba61161b25a  
871|Universal Corporation|2020-10-07 19:38:27.000|1|2019-06-23|16a17a48-d09b-11ea-9579-bba61161b25a  
872|Universal Forest Products Inc|2020-10-07 19:38:27.000|1|2019-06-23|16a17a48-d09b-11ea-9579-bba61161b25a  
873|Universal Health Services Inc|2020-10-07 19:38:27.000|1|2019-06-23|16a17a48-d09b-11ea-9579-bba61161b25a  
874|Unocal Corporation|2020-10-07 19:38:27.000|1|2019-06-23|16a17a48-d09b-11ea-9579-bba61161b25a  
875|Unova Inc|2020-10-07 19:38:27.000|1|2019-06-23|16a17a48-d09b-11ea-9579-bba61161b25a  
876|UnumProvident Corporation|2020-10-07 19:38:27.000|1|2019-06-23|16a17a48-d09b-11ea-9579-bba61161b25a  
877|URS Corporation|2020-10-07 19:38:27.000|1|2019-06-23|16a17a48-d09b-11ea-9579-bba61161b25a  
878|US Airways Group Inc|2020-10-07 19:38:27.000|1|2019-06-23|16a17a48-d09b-11ea-9579-bba61161b25a  
879|US Oncology Inc|2020-10-07 19:38:27.000|1|2019-06-23|16a17a48-d09b-11ea-9579-bba61161b25a  
880|USA Interactive|2020-10-07 19:38:27.000|1|2019-06-23|16a17a48-d09b-11ea-9579-bba61161b25a  
881|USFreighways Corporation|2020-10-07 19:38:27.000|1|2019-06-23|16a17a48-d09b-11ea-9579-bba61161b25a  
882|USG Corporation|2020-10-07 19:38:27.000|1|2019-06-23|16a17a48-d09b-11ea-9579-bba61161b25a  
883|UST Inc|2020-10-07 19:38:27.000|1|2019-06-23|16a17a48-d09b-11ea-9579-bba61161b25a  
884|Valero Energy Corporation|2020-10-07 19:38:27.000|1|2019-06-23|16a17a48-d09b-11ea-9579-bba61161b25a  
885|Valspar Corporation|2020-10-07 19:38:27.000|1|2019-06-23|16a17a48-d09b-11ea-9579-bba61161b25a  
886|Value City Department Stores Inc|2020-10-07 19:38:27.000|1|2019-06-23|16a17a48-d09b-11ea-9579-bba61161b25a  
887|Varco International Inc|2020-10-07 19:38:27.000|1|2019-06-23|16a17a48-d09b-11ea-9579-bba61161b25a  
888|Vectren Corporation|2020-10-07 19:38:27.000|1|2019-06-23|16a17a48-d09b-11ea-9579-bba61161b25a  
889|Veritas Software Corporation|2020-10-07 19:38:27.000|1|2019-06-23|16a17a48-d09b-11ea-9579-bba61161b25a  
890|Verizon Communications Inc|2020-10-07 19:38:27.000|1|2019-06-23|16a17a48-d09b-11ea-9579-bba61161b25a  
891|VF Corporation|2020-10-07 19:38:27.000|1|2019-06-23|16a17a48-d09b-11ea-9579-bba61161b25a  
892|Viacom Inc|2020-10-07 19:38:27.000|1|2019-06-23|16a17a48-d09b-11ea-9579-bba61161b25a  
893|Viad Corp|2020-10-07 19:38:27.000|1|2019-06-23|16a17a48-d09b-11ea-9579-bba61161b25a  
894|Viasystems Group Inc|2020-10-07 19:38:27.000|1|2019-06-23|16a17a48-d09b-11ea-9579-bba61161b25a  
895|Vishay Intertechnology Inc|2020-10-07 19:38:27.000|1|2019-06-23|16a17a48-d09b-11ea-9579-bba61161b25a  
896|Visteon Corporation|2020-10-07 19:38:27.000|1|2019-06-23|16a17a48-d09b-11ea-9579-bba61161b25a  
897|Volt Information Sciences Inc|2020-10-07 19:38:27.000|1|2019-06-23|16a17a48-d09b-11ea-9579-bba61161b25a  
898|Vulcan Materials Company|2020-10-07 19:38:27.000|1|2019-06-23|16a17a48-d09b-11ea-9579-bba61161b25a  
899|W.R. Berkley Corporation|2020-10-07 19:38:27.000|1|2019-06-23|16a17a48-d09b-11ea-9579-bba61161b25a  
900|W.R. Grace & Co|2020-10-07 19:38:27.000|1|2019-06-23|16a17a48-d09b-11ea-9579-bba61161b25a  
901|W.W. Grainger Inc|2020-10-07 19:38:27.000|1|2019-06-23|16a17a48-d09b-11ea-9579-bba61161b25a  
902|Wachovia Corporation|2020-10-07 19:38:27.000|1|2019-06-23|16a17a48-d09b-11ea-9579-bba61161b25a  
903|Wakenhut Corporation|2020-10-07 19:38:27.000|1|2019-06-23|16a17a48-d09b-11ea-9579-bba61161b25a  
904|Walgreen Co|2020-10-07 19:38:27.000|1|2019-06-23|16a17a48-d09b-11ea-9579-bba61161b25a  
905|Wallace Computer Services Inc|2020-10-07 19:38:27.000|1|2019-06-23|16a17a48-d09b-11ea-9579-bba61161b25a  
906|Wal-Mart Stores Inc|2020-10-07 19:38:27.000|1|2019-06-23|16a17a48-d09b-11ea-9579-bba61161b25a  
907|Walt Disney Co|2020-10-07 19:38:27.000|1|2019-06-23|16a17a48-d09b-11ea-9579-bba61161b25a  
908|Walter Industries Inc|2020-10-07 19:38:27.000|1|2019-06-23|16a17a48-d09b-11ea-9579-bba61161b25a  
909|Washington Mutual Inc|2020-10-07 19:38:27.000|1|2019-06-23|16a17a48-d09b-11ea-9579-bba61161b25a  
910|Washington Post Co.|2020-10-07 19:38:27.000|1|2019-06-23|16a17a48-d09b-11ea-9579-bba61161b25a  
911|Waste Management Inc|2020-10-07 19:38:27.000|1|2019-06-23|16a17a48-d09b-11ea-9579-bba61161b25a  
912|Watsco Inc|2020-10-07 19:38:27.000|1|2019-06-23|16a17a48-d09b-11ea-9579-bba61161b25a  
913|Weatherford International Inc|2020-10-07 19:38:27.000|1|2019-06-23|16a17a48-d09b-11ea-9579-bba61161b25a  
914|Weis Markets Inc.|2020-10-07 19:38:27.000|1|2019-06-23|16a17a48-d09b-11ea-9579-bba61161b25a  
915|Wellpoint Health Networks Inc|2020-10-07 19:38:27.000|1|2019-06-23|16a17a48-d09b-11ea-9579-bba61161b25a  
916|Wells Fargo & Company|2020-10-07 19:38:27.000|1|2019-06-23|16a17a48-d09b-11ea-9579-bba61161b25a  
917|Wendy's International Inc|2020-10-07 19:38:27.000|1|2019-06-23|16a17a48-d09b-11ea-9579-bba61161b25a  
918|Werner Enterprises Inc|2020-10-07 19:38:27.000|1|2019-06-23|16a17a48-d09b-11ea-9579-bba61161b25a  
919|WESCO International Inc|2020-10-07 19:38:27.000|1|2019-06-23|16a17a48-d09b-11ea-9579-bba61161b25a  
920|Western Digital Inc|2020-10-07 19:38:27.000|1|2019-06-23|16a17a48-d09b-11ea-9579-bba61161b25a  
921|Western Gas Resources Inc|2020-10-07 19:38:27.000|1|2019-06-23|16a17a48-d09b-11ea-9579-bba61161b25a  
922|WestPoint Stevens Inc|2020-10-07 19:38:27.000|1|2019-06-23|16a17a48-d09b-11ea-9579-bba61161b25a  
923|Weyerhauser Company|2020-10-07 19:38:27.000|1|2019-06-23|16a17a48-d09b-11ea-9579-bba61161b25a  
924|WGL Holdings Inc|2020-10-07 19:38:27.000|1|2019-06-23|16a17a48-d09b-11ea-9579-bba61161b25a  
925|Whirlpool Corporation|2020-10-07 19:38:27.000|1|2019-06-23|16a17a48-d09b-11ea-9579-bba61161b25a  
926|Whole Foods Market Inc|2020-10-07 19:38:27.000|1|2019-06-23|16a17a48-d09b-11ea-9579-bba61161b25a  
927|Willamette Industries Inc.|2020-10-07 19:38:27.000|1|2019-06-23|16a17a48-d09b-11ea-9579-bba61161b25a  
928|Williams Companies Inc|2020-10-07 19:38:27.000|1|2019-06-23|16a17a48-d09b-11ea-9579-bba61161b25a  
929|Williams Sonoma Inc|2020-10-07 19:38:27.000|1|2019-06-23|16a17a48-d09b-11ea-9579-bba61161b25a  
930|Winn Dixie Stores Inc|2020-10-07 19:38:27.000|1|2019-06-23|16a17a48-d09b-11ea-9579-bba61161b25a  
931|Wisconsin Energy Corporation|2020-10-07 19:38:27.000|1|2019-06-23|16a17a48-d09b-11ea-9579-bba61161b25a  
932|Wm Wrigley Jr Company|2020-10-07 19:38:27.000|1|2019-06-23|16a17a48-d09b-11ea-9579-bba61161b25a  
933|World Fuel Services Corporation|2020-10-07 19:38:27.000|1|2019-06-23|16a17a48-d09b-11ea-9579-bba61161b25a  
934|WorldCom Inc|2020-10-07 19:38:27.000|1|2019-06-23|16a17a48-d09b-11ea-9579-bba61161b25a  
935|Worthington Industries Inc|2020-10-07 19:38:27.000|1|2019-06-23|16a17a48-d09b-11ea-9579-bba61161b25a  
936|WPS Resources Corporation|2020-10-07 19:38:27.000|1|2019-06-23|16a17a48-d09b-11ea-9579-bba61161b25a  
937|Wyeth|2020-10-07 19:38:27.000|1|2019-06-23|16a17a48-d09b-11ea-9579-bba61161b25a  
938|Wyndham International Inc|2020-10-07 19:38:27.000|1|2019-06-23|16a17a48-d09b-11ea-9579-bba61161b25a  
939|Xcel Energy Inc|2020-10-07 19:38:27.000|1|2019-06-23|16a17a48-d09b-11ea-9579-bba61161b25a  
940|Xerox Corp|2020-10-07 19:38:27.000|1|2019-06-23|16a17a48-d09b-11ea-9579-bba61161b25a  
941|Xilinx Inc|2020-10-07 19:38:27.000|1|2019-06-23|16a17a48-d09b-11ea-9579-bba61161b25a  
942|XO Communications Inc|2020-10-07 19:38:27.000|1|2019-06-23|16a17a48-d09b-11ea-9579-bba61161b25a  
943|Yellow Corporation|2020-10-07 19:38:27.000|1|2019-06-23|16a17a48-d09b-11ea-9579-bba61161b25a  
944|York International Corp|2020-10-07 19:38:27.000|1|2019-06-23|16a17a48-d09b-11ea-9579-bba61161b25a  
945|Yum Brands Inc.|2020-10-07 19:38:27.000|1|2019-06-23|16a17a48-d09b-11ea-9579-bba61161b25a  
946|Zale Corporation|2020-10-07 19:38:27.000|1|2019-06-23|16a17a48-d09b-11ea-9579-bba61161b25a  
947|Zions Bancorporation|2020-10-07 19:38:27.000|1|2019-06-23|16a17a48-d09b-11ea-9579-bba61161b25a  
