EIN;21-7054023;4a905b02-97e2-4909-ba9a-551e97587d6d  ;6e18c5e3-2e23-4f9c-b96c-f9f055535da7
EIN;75-7405472;4a905b02-97e2-4909-ba9a-551e97587d6d  ;f4677aa2-7133-4145-bb78-13b8f1d0aab0
EIN;29-4764558;4a905b02-97e2-4909-ba9a-551e97587d6d  ;d2630fd5-3081-4fa1-8857-d4b397f43ec0
EIN;35-5264569;4a905b02-97e2-4909-ba9a-551e97587d6d  ;6bbb8eb2-c2bc-4043-b6cd-0a05eb9d7854
EIN;18-5959260;4a905b02-97e2-4909-ba9a-551e97587d6d  ;25dd04f7-a732-4470-a9f4-cd6a3e891800
EIN;84-4823656;4a905b02-97e2-4909-ba9a-551e97587d6d  ;e6b2a78d-fb7c-4aa2-a365-b13859579780
EIN;12-1357741;4a905b02-97e2-4909-ba9a-551e97587d6d  ;f8e0747e-1f42-4823-9b3a-37eebeeb656d
EIN;84-6058559;4a905b02-97e2-4909-ba9a-551e97587d6d  ;5123e54d-e629-4174-a7b7-5e60200f98fe
EIN;72-1528148;4a905b02-97e2-4909-ba9a-551e97587d6d  ;bed2e680-2eed-4f22-96c9-4c8257d78a84
EIN;25-8794999;4a905b02-97e2-4909-ba9a-551e97587d6d  ;736ebe98-95a5-4ab0-a2c8-20c959b22c93
EIN;71-5737868;4a905b02-97e2-4909-ba9a-551e97587d6d  ;893be0f3-9726-4df7-b41b-ff26406f49b3
EIN;85-9532604;4a905b02-97e2-4909-ba9a-551e97587d6d  ;e77a7b07-e0c1-4880-b69c-846831fea91a
EIN;51-5947986;4a905b02-97e2-4909-ba9a-551e97587d6d  ;8b1e688d-ff79-4750-b10a-810ff94af47f
EIN;45-9049172;4a905b02-97e2-4909-ba9a-551e97587d6d  ;d4a1aaa4-df0a-432e-81ad-c98b065c5659
EIN;79-1408360;4a905b02-97e2-4909-ba9a-551e97587d6d  ;5a7d37dc-0517-4766-97a3-d98bf71afe2a
EIN;84-2999826;4a905b02-97e2-4909-ba9a-551e97587d6d  ;f5c15185-a85b-4bbe-b6e8-61b86252b9ce
EIN;33-7833365;4a905b02-97e2-4909-ba9a-551e97587d6d  ;613e05a9-dedf-473a-b846-1c1f7f7d248c
EIN;44-7574552;4a905b02-97e2-4909-ba9a-551e97587d6d  ;8b46d118-08cf-4aac-96b7-f5f75b896c0b
EIN;77-9340057;4a905b02-97e2-4909-ba9a-551e97587d6d  ;73e67bc6-269c-4efc-a70a-3c08dd982d3a
EIN;17-1057762;4a905b02-97e2-4909-ba9a-551e97587d6d  ;21043556-39fe-42de-840d-04044642f48c
EIN;60-4995453;4a905b02-97e2-4909-ba9a-551e97587d6d  ;a3004df2-3a0e-4b8c-9142-1db3c5a5e2cc
EIN;87-1111235;4a905b02-97e2-4909-ba9a-551e97587d6d  ;ac8fa0cc-4f07-487f-820e-5b984f3ca175
EIN;97-1770826;4a905b02-97e2-4909-ba9a-551e97587d6d  ;7ebe7ad4-a199-41b6-b50d-558f2f15cb6a
EIN;11-9271615;4a905b02-97e2-4909-ba9a-551e97587d6d  ;c24fdd0b-7eb1-4404-9573-fda26bd0e90a
EIN;47-7335012;4a905b02-97e2-4909-ba9a-551e97587d6d  ;d2a69802-20c0-45c0-b68b-1001225575eb
EIN;20-2830203;4a905b02-97e2-4909-ba9a-551e97587d6d  ;a9df8224-011c-4e9c-8f13-8e2ecc7e8e1c
EIN;70-4822034;4a905b02-97e2-4909-ba9a-551e97587d6d  ;88b75a8d-9039-4c09-b16b-27204235ffb0
EIN;26-8054544;4a905b02-97e2-4909-ba9a-551e97587d6d  ;0f43a4c8-6392-4ae7-b66a-035b5da3e61f
EIN;96-4525848;4a905b02-97e2-4909-ba9a-551e97587d6d  ;b91a6c66-ec67-4102-ad4a-8a26712cbb86
EIN;91-9568200;4a905b02-97e2-4909-ba9a-551e97587d6d  ;7dd5a26d-d5f2-4be9-ba05-118b8b764c90
EIN;74-7348617;4a905b02-97e2-4909-ba9a-551e97587d6d  ;abfa0e1d-09bb-4f21-8183-f781ec3001dc
EIN;62-5666739;4a905b02-97e2-4909-ba9a-551e97587d6d  ;ae6a2032-3290-4478-9563-4d3a8b624122
EIN;30-4414515;4a905b02-97e2-4909-ba9a-551e97587d6d  ;2b30ad0a-ed09-4afa-85ad-d9385e846c66
EIN;96-6371285;4a905b02-97e2-4909-ba9a-551e97587d6d  ;0bcdba8e-03ba-4ee0-89a3-7d2217d6887d
EIN;56-5151273;4a905b02-97e2-4909-ba9a-551e97587d6d  ;aa484027-91b1-44aa-95cb-d20d5a4b3c93
EIN;84-1990998;4a905b02-97e2-4909-ba9a-551e97587d6d  ;51fcb533-0e37-4972-8467-5e02d1769e32
EIN;62-7540629;4a905b02-97e2-4909-ba9a-551e97587d6d  ;97b0cd70-e2fd-4cf4-ad93-3bc1f313d77b
EIN;13-8969404;4a905b02-97e2-4909-ba9a-551e97587d6d  ;07aea27d-1529-4fd6-971a-99f4ab9ee18f
EIN;19-4458053;4a905b02-97e2-4909-ba9a-551e97587d6d  ;611ef7de-c3a8-4055-a05d-17ddbb84ee8d
EIN;73-6957782;4a905b02-97e2-4909-ba9a-551e97587d6d  ;57e99550-e562-4650-ba30-36b317028c7e
EIN;17-3815678;4a905b02-97e2-4909-ba9a-551e97587d6d  ;65184d92-f326-4c6d-aa7e-cf5f8004ac24
EIN;86-6647841;4a905b02-97e2-4909-ba9a-551e97587d6d  ;ef6d8b4f-3c96-417e-87a7-7ab9b577b37f
EIN;93-7202597;4a905b02-97e2-4909-ba9a-551e97587d6d  ;e0eaadda-814f-4f49-9e43-7a84f9133fee
EIN;42-4257218;4a905b02-97e2-4909-ba9a-551e97587d6d  ;d662770b-f880-46f2-a142-1828ab03d3d1
EIN;52-5722622;4a905b02-97e2-4909-ba9a-551e97587d6d  ;9099ecc3-d09b-4d02-81e5-26e881c41247
EIN;58-9020342;4a905b02-97e2-4909-ba9a-551e97587d6d  ;04c80403-ccbb-4161-bb3c-85478ed27553
EIN;41-8158127;4a905b02-97e2-4909-ba9a-551e97587d6d  ;fd702963-a6aa-4435-865a-332187c8b730
EIN;24-3590997;4a905b02-97e2-4909-ba9a-551e97587d6d  ;5408aa43-5bb4-4ab6-a509-5b94e0dc1a77
EIN;15-4510898;4a905b02-97e2-4909-ba9a-551e97587d6d  ;1537c266-500e-4f7f-b1bd-f60fa0707006
EIN;15-1524757;4a905b02-97e2-4909-ba9a-551e97587d6d  ;87a41dc0-09d9-4204-832a-3b109bb00c20
EIN;62-8143184;4a905b02-97e2-4909-ba9a-551e97587d6d  ;d5dd34c3-7174-4e7e-a9ab-edfa4228ff1d
EIN;49-4434985;4a905b02-97e2-4909-ba9a-551e97587d6d  ;cf7111d4-d399-493e-b37d-113ce6f77344
EIN;47-2719482;4a905b02-97e2-4909-ba9a-551e97587d6d  ;62b0a3bf-02cd-498e-9114-4525b11e6be3
EIN;99-2730657;4a905b02-97e2-4909-ba9a-551e97587d6d  ;406dd031-a14b-4de3-a0a4-e4d2422ff2b1
EIN;52-8311009;4a905b02-97e2-4909-ba9a-551e97587d6d  ;2d018d51-f1d4-4fec-951b-5636da109d78
EIN;40-9073644;4a905b02-97e2-4909-ba9a-551e97587d6d  ;f8552c04-0e70-41c1-aed9-a40ce348a73a
EIN;29-4305410;4a905b02-97e2-4909-ba9a-551e97587d6d  ;e49525f0-3249-447a-bc55-fe0694601fc0
EIN;66-7845194;4a905b02-97e2-4909-ba9a-551e97587d6d  ;a035ae55-8548-4013-87bd-2d84e14f2141
EIN;52-7250124;4a905b02-97e2-4909-ba9a-551e97587d6d  ;34cf968e-9c97-44ad-9b41-acebcf555c0f
EIN;24-1352049;4a905b02-97e2-4909-ba9a-551e97587d6d  ;a91ed1da-ac61-44e2-a733-57568e61e2bf
EIN;12-5115375;4a905b02-97e2-4909-ba9a-551e97587d6d  ;b0915ac6-b3b7-4117-84ed-a6d303716876
EIN;10-5443427;4a905b02-97e2-4909-ba9a-551e97587d6d  ;7de29658-078c-4bb1-a7f2-e3e483006aac
EIN;96-1961283;4a905b02-97e2-4909-ba9a-551e97587d6d  ;e063e0f3-0d16-49a6-8234-e0a69774c19e
EIN;88-3666652;4a905b02-97e2-4909-ba9a-551e97587d6d  ;27c2a722-4cc1-4d73-982a-740c27ef4b60
EIN;70-6221948;4a905b02-97e2-4909-ba9a-551e97587d6d  ;168220dc-2f72-4e1d-b8e5-728323a80088
EIN;39-3919955;4a905b02-97e2-4909-ba9a-551e97587d6d  ;c2ca7603-b927-4aea-a11d-e52cfafaf6fb
EIN;73-6121168;4a905b02-97e2-4909-ba9a-551e97587d6d  ;bf71efff-47e3-4bf1-ba2a-3737dc36fc10
EIN;95-4889832;4a905b02-97e2-4909-ba9a-551e97587d6d  ;09ea5439-1db9-4bcc-b9ea-a5c912e5e0f7
EIN;38-2079155;4a905b02-97e2-4909-ba9a-551e97587d6d  ;8cab4ecc-d93f-478b-9315-c353ec94b5ae
EIN;23-8308182;4a905b02-97e2-4909-ba9a-551e97587d6d  ;253d3a2c-b57f-4510-b09a-e163447d31ee
EIN;79-2899253;4a905b02-97e2-4909-ba9a-551e97587d6d  ;c3ebede3-ef81-418f-a443-fe4b54dbdc49
EIN;31-9970797;4a905b02-97e2-4909-ba9a-551e97587d6d  ;d8d2bba8-92ee-4c79-ac9f-c2dc7a37ff93
EIN;54-9010505;4a905b02-97e2-4909-ba9a-551e97587d6d  ;cfa19594-c10e-4aa8-ac84-f5ad363064ad
EIN;87-1696699;4a905b02-97e2-4909-ba9a-551e97587d6d  ;29de50ae-880b-4799-84fb-f3e04f6d778e
EIN;26-8611009;4a905b02-97e2-4909-ba9a-551e97587d6d  ;1402ffda-bae8-44c1-899f-1523322538c1
EIN;69-8934543;4a905b02-97e2-4909-ba9a-551e97587d6d  ;be7a0b16-e5ef-4576-b0b7-14adf62d362c
EIN;71-3490912;4a905b02-97e2-4909-ba9a-551e97587d6d  ;07b6dd33-a331-46fb-b9b0-80372e2c5286
EIN;52-2430090;4a905b02-97e2-4909-ba9a-551e97587d6d  ;16a5ee88-8c37-4565-8b4b-873bae966361
EIN;37-3963797;4a905b02-97e2-4909-ba9a-551e97587d6d  ;e1d9aa66-6126-4582-84ad-c9c7f897db9e
EIN;46-5710286;4a905b02-97e2-4909-ba9a-551e97587d6d  ;c80d2c1c-2694-400d-9c55-09f259d57969
EIN;49-8752288;4a905b02-97e2-4909-ba9a-551e97587d6d  ;7ea9b71b-16ff-4426-b259-594e16fecf93
EIN;33-9626072;4a905b02-97e2-4909-ba9a-551e97587d6d  ;49382772-a40f-4ffe-86a7-62f381cdd003
EIN;94-4263533;4a905b02-97e2-4909-ba9a-551e97587d6d  ;679cbd9f-6199-4bc6-96fe-963639643157
EIN;67-5257988;4a905b02-97e2-4909-ba9a-551e97587d6d  ;53601199-2c5e-4f6a-bafc-5baf41d7237d
EIN;86-3319504;4a905b02-97e2-4909-ba9a-551e97587d6d  ;6c35da92-374f-485a-83eb-8ee994399fa6
EIN;32-5082199;4a905b02-97e2-4909-ba9a-551e97587d6d  ;5808ca32-0847-4732-88e9-66b885698d7b
EIN;64-1550934;4a905b02-97e2-4909-ba9a-551e97587d6d  ;fa5f6f7b-39d9-4288-9cf0-ae3baa8ad58d
EIN;19-3295891;4a905b02-97e2-4909-ba9a-551e97587d6d  ;f33f9de8-e988-4001-a57d-5c9a12cceb9e
EIN;44-3689846;4a905b02-97e2-4909-ba9a-551e97587d6d  ;d34253ca-9a5d-457e-851a-eb7ba73c28bc
EIN;79-7416238;4a905b02-97e2-4909-ba9a-551e97587d6d  ;0ca6176a-7fb9-41db-9966-57ce3f1cac0e
EIN;60-7652025;4a905b02-97e2-4909-ba9a-551e97587d6d  ;6a8dd25c-c459-492d-a51c-3cf8f2fcc25e
EIN;10-7853007;4a905b02-97e2-4909-ba9a-551e97587d6d  ;6d5ad3a5-a004-44cf-91bb-cd933dc7a1cd
EIN;12-5667186;4a905b02-97e2-4909-ba9a-551e97587d6d  ;6513852d-f445-428e-8206-408f28cf816b
EIN;40-2838723;4a905b02-97e2-4909-ba9a-551e97587d6d  ;e0292139-91e3-4edb-a45c-b1153190b991
EIN;37-4000837;4a905b02-97e2-4909-ba9a-551e97587d6d  ;01fb8b54-f0a5-444b-bc3d-01e8f6373e1d
EIN;57-7458549;4a905b02-97e2-4909-ba9a-551e97587d6d  ;1160d402-e02d-4597-9f6d-893bd9cf2dd5
EIN;29-1047085;4a905b02-97e2-4909-ba9a-551e97587d6d  ;3ef54fac-c029-47c3-b05d-ccea46374902
EIN;37-3784258;4a905b02-97e2-4909-ba9a-551e97587d6d  ;29bee341-ee35-4f83-be8a-f459cab25b92
EIN;61-4839502;4a905b02-97e2-4909-ba9a-551e97587d6d  ;a92fc88c-d05f-4a56-a5d6-270963d40159
EIN;51-2571243;4a905b02-97e2-4909-ba9a-551e97587d6d  ;c071d777-46cd-4ca9-b413-3da9c4b97132
EIN;65-1450150;4a905b02-97e2-4909-ba9a-551e97587d6d  ;50b28339-15b7-4761-9a52-5a08224c87e2
EIN;65-9948553;4a905b02-97e2-4909-ba9a-551e97587d6d  ;2ba61cfc-ab44-44db-ae20-f485284962c9
EIN;83-4839536;4a905b02-97e2-4909-ba9a-551e97587d6d  ;9121316e-2a0f-4add-af34-79562bf88847
EIN;89-9653070;4a905b02-97e2-4909-ba9a-551e97587d6d  ;d035d4ff-b02c-4439-88f1-80e184567b15
EIN;89-1438514;4a905b02-97e2-4909-ba9a-551e97587d6d  ;33102f6c-34ab-4de0-97bb-5da1a7284aa3
EIN;36-3391101;4a905b02-97e2-4909-ba9a-551e97587d6d  ;a7d24747-7e31-4da4-9a9e-55025aa3e86b
EIN;47-9551725;4a905b02-97e2-4909-ba9a-551e97587d6d  ;23369d8a-4616-4f18-aa24-6c0d96a04729
EIN;43-2019984;4a905b02-97e2-4909-ba9a-551e97587d6d  ;def7954b-b3ac-4acf-b3d8-d14ba28a7972
EIN;61-9273561;4a905b02-97e2-4909-ba9a-551e97587d6d  ;38097a61-db17-415e-92ce-37142d8a351a
EIN;77-1991024;4a905b02-97e2-4909-ba9a-551e97587d6d  ;b242794b-2f9b-40e0-997c-49557aeb948e
EIN;86-8495236;4a905b02-97e2-4909-ba9a-551e97587d6d  ;1fbc1e25-bd45-42ff-82fc-c143ce3a230d
EIN;81-7691410;4a905b02-97e2-4909-ba9a-551e97587d6d  ;c07af7fd-2400-4633-8ad6-7dc90050f3df
EIN;34-7003970;4a905b02-97e2-4909-ba9a-551e97587d6d  ;df26e801-9598-41cb-9f52-70cbe31a62fe
EIN;53-4221577;4a905b02-97e2-4909-ba9a-551e97587d6d  ;a2f18145-9f72-45cd-8d73-75da758200e7
EIN;54-7081925;4a905b02-97e2-4909-ba9a-551e97587d6d  ;cf78ed61-ba84-4ab2-ae64-ab3aa63cac3e
EIN;80-6840841;4a905b02-97e2-4909-ba9a-551e97587d6d  ;4822fbd7-a914-4918-93ad-7c415c73f752
EIN;59-3621693;4a905b02-97e2-4909-ba9a-551e97587d6d  ;34b54117-b3a9-48b3-bd9f-35e3a1afd246
EIN;95-9009961;4a905b02-97e2-4909-ba9a-551e97587d6d  ;6421f2ad-7358-4af0-b71e-8512fd3e17f0
EIN;19-6582649;4a905b02-97e2-4909-ba9a-551e97587d6d  ;4deb852b-c933-45da-a8d2-53a7cc1ead0a
EIN;38-2446813;4a905b02-97e2-4909-ba9a-551e97587d6d  ;7360ab8a-f4f2-48ba-9691-303e1cb26bdd
EIN;25-3383549;4a905b02-97e2-4909-ba9a-551e97587d6d  ;bd406a43-166d-4b8b-b3cc-34ab804a2245
EIN;48-5033104;4a905b02-97e2-4909-ba9a-551e97587d6d  ;ee37833a-067a-4386-b6d5-a5f4c16898ab
EIN;36-1406346;4a905b02-97e2-4909-ba9a-551e97587d6d  ;c16e8aa6-6016-436d-a2aa-21fcc8b180fe
EIN;82-8734125;4a905b02-97e2-4909-ba9a-551e97587d6d  ;a95d93f0-4727-4f14-9252-2c3517f939fb
EIN;85-1819741;4a905b02-97e2-4909-ba9a-551e97587d6d  ;b23b9720-bc79-4499-86b3-ea9a8eb48e42
EIN;45-2621158;4a905b02-97e2-4909-ba9a-551e97587d6d  ;e76c9b6b-234c-4301-bab0-7345511f0649
EIN;47-6864064;4a905b02-97e2-4909-ba9a-551e97587d6d  ;c45a11a6-f22b-446c-9f12-f6971ae98357
EIN;47-8707318;4a905b02-97e2-4909-ba9a-551e97587d6d  ;49785763-d360-47c0-929c-c520cc7703a8
EIN;64-3892679;4a905b02-97e2-4909-ba9a-551e97587d6d  ;9d470c96-8c96-474e-a595-0f7420db809b
EIN;40-9377503;4a905b02-97e2-4909-ba9a-551e97587d6d  ;cf9f3667-cfb1-4d87-99a1-11e3739bc1d1
EIN;14-6055628;4a905b02-97e2-4909-ba9a-551e97587d6d  ;f97b8ec3-9713-407d-93c5-e5f509aa90ac
EIN;81-1105480;4a905b02-97e2-4909-ba9a-551e97587d6d  ;1de927a9-50d7-4769-85a9-ca53d64b74c2
EIN;45-7020549;4a905b02-97e2-4909-ba9a-551e97587d6d  ;4149b2ed-8b49-430e-8c91-032bdd5e09a3
EIN;29-6076497;4a905b02-97e2-4909-ba9a-551e97587d6d  ;61d3eefd-4a39-46df-a6cf-6eb2daeadda8
EIN;31-3430759;4a905b02-97e2-4909-ba9a-551e97587d6d  ;a80fa1a7-46c0-43c5-8e41-f117c65fc512
EIN;48-2488602;4a905b02-97e2-4909-ba9a-551e97587d6d  ;41cd5dad-8f2c-4015-b4e2-8bd36824ab95
EIN;84-9125539;4a905b02-97e2-4909-ba9a-551e97587d6d  ;aaefb886-a642-4fa7-aa29-0a9ca811cb33
EIN;65-2951901;4a905b02-97e2-4909-ba9a-551e97587d6d  ;6262561a-8348-4ff3-8b0b-4f55fc3a845d
EIN;41-7836278;4a905b02-97e2-4909-ba9a-551e97587d6d  ;15b6cd50-e9cf-4674-b399-5ea4664724f8
EIN;16-2662955;4a905b02-97e2-4909-ba9a-551e97587d6d  ;132a7649-312c-4bb1-b4b6-cf9085cabb6d
EIN;85-5176140;4a905b02-97e2-4909-ba9a-551e97587d6d  ;ddd151da-5112-442e-b852-ee2cf4f7f4b2
EIN;24-2219453;4a905b02-97e2-4909-ba9a-551e97587d6d  ;c9059a74-d81f-46c9-88ad-2a7a8082b9c8
EIN;40-1085780;4a905b02-97e2-4909-ba9a-551e97587d6d  ;a1ee7400-15e1-4193-8afc-c91524ffc027
EIN;78-6378896;4a905b02-97e2-4909-ba9a-551e97587d6d  ;7964537d-685d-4b2d-b8c0-7c8b6ee48749
EIN;25-4184344;4a905b02-97e2-4909-ba9a-551e97587d6d  ;90f99c8d-07cb-4818-a585-46e066dd5f91
EIN;14-1185684;4a905b02-97e2-4909-ba9a-551e97587d6d  ;8e897f4a-74da-42c8-abd6-d027498452e7
EIN;80-4389976;4a905b02-97e2-4909-ba9a-551e97587d6d  ;185ead7f-6819-4b93-8a19-2e5320808498
EIN;89-1517403;4a905b02-97e2-4909-ba9a-551e97587d6d  ;21ebd100-e87b-4986-a69f-aa4a3dcfb792
EIN;68-9441363;4a905b02-97e2-4909-ba9a-551e97587d6d  ;7927e559-d3af-4a57-84e2-91fc4b0a2d23
EIN;46-5050572;4a905b02-97e2-4909-ba9a-551e97587d6d  ;846f2f8d-bfa1-4824-82b1-3417a2e2b908
EIN;10-8608390;4a905b02-97e2-4909-ba9a-551e97587d6d  ;2db1ec94-26a9-40f5-9005-94cce683314c
EIN;88-4927765;4a905b02-97e2-4909-ba9a-551e97587d6d  ;6509a4d3-0d06-4e08-becd-e4681f5e8c65
EIN;20-8055761;4a905b02-97e2-4909-ba9a-551e97587d6d  ;dd45625b-2523-45dd-89c1-58ea2f9fd4ae
EIN;31-9998455;4a905b02-97e2-4909-ba9a-551e97587d6d  ;5653eb8d-fff8-4b49-a801-872426bad356
EIN;24-7394915;4a905b02-97e2-4909-ba9a-551e97587d6d  ;95d8be0f-1962-479f-8df1-0606d7a8f2b2
EIN;30-1327729;4a905b02-97e2-4909-ba9a-551e97587d6d  ;908adfff-54e7-418d-8b9f-0eeb37724ff1
EIN;37-2968327;4a905b02-97e2-4909-ba9a-551e97587d6d  ;9d32726f-691e-456f-be23-e1a88ca6e523
EIN;41-3247293;4a905b02-97e2-4909-ba9a-551e97587d6d  ;1edfdb0a-1b89-4c3b-990b-2a17da55741d
EIN;12-2441723;4a905b02-97e2-4909-ba9a-551e97587d6d  ;c664de88-c65d-45d1-bbfa-03fabc45f26c
EIN;79-6620359;4a905b02-97e2-4909-ba9a-551e97587d6d  ;6faadcb0-65d3-4135-b6ca-1616d8c8b747
EIN;32-3006552;4a905b02-97e2-4909-ba9a-551e97587d6d  ;4afbe0a6-eb71-4174-ace5-29a505db9308
EIN;39-1110555;4a905b02-97e2-4909-ba9a-551e97587d6d  ;958fe8cf-845a-4d98-84c3-5f63d92e526a
EIN;44-9447726;4a905b02-97e2-4909-ba9a-551e97587d6d  ;06c47f52-1eee-4bb1-834c-b130eeff4daa
EIN;25-8465635;4a905b02-97e2-4909-ba9a-551e97587d6d  ;4cadc0ce-f1a3-462e-92df-f6816c14fd97
EIN;53-1228492;4a905b02-97e2-4909-ba9a-551e97587d6d  ;3b106ef7-b8e9-4609-bc68-785924ed236b
EIN;30-1304086;4a905b02-97e2-4909-ba9a-551e97587d6d  ;327aa06a-c709-446d-8e10-f9acc85be05f
EIN;60-9096161;4a905b02-97e2-4909-ba9a-551e97587d6d  ;53772114-1077-401a-b558-dc5cd0112eee
EIN;59-4219149;4a905b02-97e2-4909-ba9a-551e97587d6d  ;3565ef16-30be-43cf-b418-2cc3d7efb8f8
EIN;37-6922735;4a905b02-97e2-4909-ba9a-551e97587d6d  ;099bc94c-24a9-4a88-b124-88415ea52a86
EIN;42-7364973;4a905b02-97e2-4909-ba9a-551e97587d6d  ;f7f23289-8b41-4a0c-9a82-87852ecaa4b6
EIN;28-4099518;4a905b02-97e2-4909-ba9a-551e97587d6d  ;a4747c27-c37e-43cf-85e2-7ad4cb18d2b0
EIN;21-2607287;4a905b02-97e2-4909-ba9a-551e97587d6d  ;df2e02f3-1332-4d52-a219-e9b268dfd898
EIN;67-7015999;4a905b02-97e2-4909-ba9a-551e97587d6d  ;229e2cbc-6ada-49e8-a67f-074be5c9f1ef
EIN;36-5149863;4a905b02-97e2-4909-ba9a-551e97587d6d  ;1fc78b08-4270-4475-b892-77ff5dae1c1c
EIN;76-4465990;4a905b02-97e2-4909-ba9a-551e97587d6d  ;ad992e3a-19ad-4d75-b9e0-445a21b50e0c
EIN;54-7027580;4a905b02-97e2-4909-ba9a-551e97587d6d  ;3c543a4b-1d1f-4b2a-9b5d-28dc42ae8b0b
EIN;65-2264744;4a905b02-97e2-4909-ba9a-551e97587d6d  ;de0fc833-d79a-4647-8fc9-24980d25ec27
EIN;82-2266647;4a905b02-97e2-4909-ba9a-551e97587d6d  ;64ed79fb-58b5-4f59-8e32-5f1a10101410
EIN;98-9413242;4a905b02-97e2-4909-ba9a-551e97587d6d  ;de919fd3-8729-43d2-87b0-2844adcfbc9f
EIN;91-2509252;4a905b02-97e2-4909-ba9a-551e97587d6d  ;65a3d36a-7cf2-4039-9426-07814e761c6e
EIN;90-7876017;4a905b02-97e2-4909-ba9a-551e97587d6d  ;b78ea075-c9df-483e-a7b1-5baf413bce87
EIN;23-9318700;4a905b02-97e2-4909-ba9a-551e97587d6d  ;a63af274-bf9d-433a-af47-562ed7eeed69
EIN;72-9154839;4a905b02-97e2-4909-ba9a-551e97587d6d  ;edbb8e06-b933-4a19-95b1-3dd3d7aca86f
EIN;33-7043786;4a905b02-97e2-4909-ba9a-551e97587d6d  ;242f0378-a8f1-4ac4-b974-b4fb23e09adb
EIN;33-6770845;4a905b02-97e2-4909-ba9a-551e97587d6d  ;9b3e6435-f024-4768-92fb-102e68dcd123
EIN;15-2638452;4a905b02-97e2-4909-ba9a-551e97587d6d  ;e7bfaac9-7f32-4bd8-bfdb-1a179d60360a
EIN;52-7214153;4a905b02-97e2-4909-ba9a-551e97587d6d  ;ccc74c34-e8a1-455d-b56e-9f71991b25aa
EIN;44-3630577;4a905b02-97e2-4909-ba9a-551e97587d6d  ;489c6e10-f27e-44a6-b10e-a1c69e739dc9
EIN;69-6114834;4a905b02-97e2-4909-ba9a-551e97587d6d  ;251d9027-4c90-4dc4-9647-e8baf62252b3
EIN;61-7682605;4a905b02-97e2-4909-ba9a-551e97587d6d  ;784793b1-72a6-4802-9c2f-63af0383c78d
EIN;47-4522226;4a905b02-97e2-4909-ba9a-551e97587d6d  ;ad4caa51-ec72-4ad2-b2b8-657d8b9f6477
EIN;52-2930712;4a905b02-97e2-4909-ba9a-551e97587d6d  ;f1428a81-c9d5-4234-9f5c-4bed76d54a60
EIN;82-1788470;4a905b02-97e2-4909-ba9a-551e97587d6d  ;a7870dcb-ff78-45fd-99b7-f43cb1c696d2
EIN;50-4028563;4a905b02-97e2-4909-ba9a-551e97587d6d  ;fe655acf-da08-45af-8750-c8cc28b1f4c8
EIN;91-6091455;4a905b02-97e2-4909-ba9a-551e97587d6d  ;112c896e-65a2-4e8b-82c4-f8649c9a0b3c
EIN;85-8344886;4a905b02-97e2-4909-ba9a-551e97587d6d  ;e7200139-4baf-4309-9853-4a2c09dbf599
EIN;58-7899615;4a905b02-97e2-4909-ba9a-551e97587d6d  ;65fc0a3a-8f2a-4f4b-8f39-eb7469036025
EIN;35-8048288;4a905b02-97e2-4909-ba9a-551e97587d6d  ;9d8d7513-94d1-4717-9469-521c323bf1cc
EIN;31-8638085;4a905b02-97e2-4909-ba9a-551e97587d6d  ;e44e2a9f-a939-4f95-9851-19f82f7d6156
EIN;74-3760811;4a905b02-97e2-4909-ba9a-551e97587d6d  ;58944b0f-0f91-4d90-b7a2-d2f6aade6c54
EIN;80-8297497;4a905b02-97e2-4909-ba9a-551e97587d6d  ;31cb8b47-09fd-4a64-9de3-ca7c9a4a0763
EIN;61-4652379;4a905b02-97e2-4909-ba9a-551e97587d6d  ;50d93ceb-28e7-4b3e-9103-14387aeea994
EIN;83-7536650;4a905b02-97e2-4909-ba9a-551e97587d6d  ;6b48ffc7-7e10-4225-8fa6-fe1cbef2bc74
EIN;45-9553819;4a905b02-97e2-4909-ba9a-551e97587d6d  ;03402547-5ba7-4677-81e9-1c996224ada1
EIN;88-6445259;4a905b02-97e2-4909-ba9a-551e97587d6d  ;8c64c966-7194-44b3-8207-317adca85b88
EIN;40-8203027;4a905b02-97e2-4909-ba9a-551e97587d6d  ;e4609605-403e-484d-a8e3-7b8ec1cff3ee
EIN;73-7834504;4a905b02-97e2-4909-ba9a-551e97587d6d  ;a10bc2f0-32e5-4206-890e-b77d5abdc541
EIN;32-2382509;4a905b02-97e2-4909-ba9a-551e97587d6d  ;e106cb6f-2e9b-4e48-8a45-15f269258ccc
EIN;72-2534060;4a905b02-97e2-4909-ba9a-551e97587d6d  ;db8402ba-8339-472e-9c5c-ba2988d56f0a
EIN;55-2527406;4a905b02-97e2-4909-ba9a-551e97587d6d  ;ad623738-3cd8-40b8-8bc1-f32536aa6c7f
EIN;18-2410852;4a905b02-97e2-4909-ba9a-551e97587d6d  ;39dc2d43-ab16-4db6-9688-dcd492b46d5a
EIN;22-9724814;4a905b02-97e2-4909-ba9a-551e97587d6d  ;2652be9e-75ba-4fd6-a885-3aca7725fc8c
EIN;12-8621852;4a905b02-97e2-4909-ba9a-551e97587d6d  ;4141c971-a3ac-48c0-b819-e7eb20a3b0e9
EIN;41-4556107;4a905b02-97e2-4909-ba9a-551e97587d6d  ;f1d1f858-b3db-4963-a65a-f7ff5edf2e03
EIN;16-6401184;4a905b02-97e2-4909-ba9a-551e97587d6d  ;959e2df2-e55a-454c-905e-e87d03c688f6
EIN;49-5222541;4a905b02-97e2-4909-ba9a-551e97587d6d  ;da554f5c-8351-48e6-a100-815e660b186b
EIN;96-2670354;4a905b02-97e2-4909-ba9a-551e97587d6d  ;ad02e8c1-6747-4985-9e38-3afcf05de400
EIN;56-7250083;4a905b02-97e2-4909-ba9a-551e97587d6d  ;5d04a6ab-7ae3-4163-8aa1-713f9c745fc2
EIN;28-6288412;4a905b02-97e2-4909-ba9a-551e97587d6d  ;17c62489-e5d6-4853-a03c-085d616614eb
EIN;37-3530711;4a905b02-97e2-4909-ba9a-551e97587d6d  ;1784899d-ea20-4cce-a13b-e31ff35845b9
EIN;74-1352397;4a905b02-97e2-4909-ba9a-551e97587d6d  ;5a414672-8d11-4459-af8e-fb5330a93a55
EIN;38-5194580;4a905b02-97e2-4909-ba9a-551e97587d6d  ;4f5bf7ca-77f6-4c02-b24a-dc49030dee0a
EIN;30-3045185;4a905b02-97e2-4909-ba9a-551e97587d6d  ;2ec46ff1-517a-4a81-b095-6e2389e18a10
EIN;75-8250705;4a905b02-97e2-4909-ba9a-551e97587d6d  ;b1498239-47f3-4ab9-b42c-412294d21cda
EIN;58-2810708;4a905b02-97e2-4909-ba9a-551e97587d6d  ;57a335c1-4640-4f54-bbce-323eb91fd821
EIN;56-3121224;4a905b02-97e2-4909-ba9a-551e97587d6d  ;7500d2fb-667f-49cb-8cb8-0acb8977666b
EIN;11-9523143;4a905b02-97e2-4909-ba9a-551e97587d6d  ;1d44c1e9-fc9c-49c1-a6a4-55bcf98eeae0
EIN;73-4819429;4a905b02-97e2-4909-ba9a-551e97587d6d  ;74b619cb-aa7b-4b03-9638-48681e1122f6
EIN;64-3468954;4a905b02-97e2-4909-ba9a-551e97587d6d  ;001fb0e4-728f-49bb-b00a-209077354da6
EIN;60-4305437;4a905b02-97e2-4909-ba9a-551e97587d6d  ;6bda22bc-0c1d-488c-88f4-46cae3276d16
EIN;24-8828067;4a905b02-97e2-4909-ba9a-551e97587d6d  ;26f0e342-96cc-4880-b54c-2b68c0d669b0
EIN;57-2286022;4a905b02-97e2-4909-ba9a-551e97587d6d  ;09020d9b-e3bb-4b0c-85fb-c6df2fea7949
EIN;90-5959014;4a905b02-97e2-4909-ba9a-551e97587d6d  ;21df13a2-3cfd-4711-957b-a93d4dbeef7d
EIN;14-6314947;4a905b02-97e2-4909-ba9a-551e97587d6d  ;68a9090e-c6b1-4513-93af-22e9f7950260
EIN;56-6279551;4a905b02-97e2-4909-ba9a-551e97587d6d  ;1d772f15-477c-4839-9934-e104543c7b4f
EIN;65-9571326;4a905b02-97e2-4909-ba9a-551e97587d6d  ;df9bc391-645e-418f-aa09-1202bc2966d9
EIN;81-4755145;4a905b02-97e2-4909-ba9a-551e97587d6d  ;fbeb38d7-e9e2-4caa-8f94-060dcb7636c3
EIN;32-6602908;4a905b02-97e2-4909-ba9a-551e97587d6d  ;6aa68e1e-5250-479d-8e88-825aa1eb77ab
EIN;68-5098865;4a905b02-97e2-4909-ba9a-551e97587d6d  ;853b1ebb-33a4-4208-900a-ba3f5430f484
EIN;73-8697399;4a905b02-97e2-4909-ba9a-551e97587d6d  ;9796823a-432d-4f5a-a96a-bca1edd5b6d9
EIN;88-9351854;4a905b02-97e2-4909-ba9a-551e97587d6d  ;144d77b8-4904-4e03-a7e6-101d42c0cc23
EIN;25-1271781;4a905b02-97e2-4909-ba9a-551e97587d6d  ;e3d5c58e-e358-4a33-b7ca-dc14fefe913f
EIN;38-9468012;4a905b02-97e2-4909-ba9a-551e97587d6d  ;eba19750-7d4f-465f-9c75-e7472f9459eb
EIN;79-3399986;4a905b02-97e2-4909-ba9a-551e97587d6d  ;9920e09f-d573-4ab7-ac04-023203ec3fd0
EIN;23-3205931;4a905b02-97e2-4909-ba9a-551e97587d6d  ;b54cc3ff-39c0-4593-8468-e158cceca402
EIN;79-6282241;4a905b02-97e2-4909-ba9a-551e97587d6d  ;0c1e300b-31d9-4421-a4c4-21040963ce98
EIN;70-5088221;4a905b02-97e2-4909-ba9a-551e97587d6d  ;1a031f77-d45e-46ea-b7b5-6612fe5a998a
EIN;91-8149534;4a905b02-97e2-4909-ba9a-551e97587d6d  ;ad1a9d45-8603-41f6-a8be-7e8ee8777c62
EIN;84-6514453;4a905b02-97e2-4909-ba9a-551e97587d6d  ;e3a597bc-4149-459c-a134-5d2ef9c4f57f
EIN;69-9204615;4a905b02-97e2-4909-ba9a-551e97587d6d  ;c088b6ae-3fbb-4370-b4ce-15f58e576dd2
EIN;79-6110018;4a905b02-97e2-4909-ba9a-551e97587d6d  ;9f920ed1-be86-47ac-a3ae-2b89dc8ffc12
EIN;88-4134829;4a905b02-97e2-4909-ba9a-551e97587d6d  ;c49a78eb-a43c-4376-8b6d-0974d0375351
EIN;42-8976779;4a905b02-97e2-4909-ba9a-551e97587d6d  ;d251c137-27e8-4c52-9b76-05a357095bdf
EIN;27-8720985;4a905b02-97e2-4909-ba9a-551e97587d6d  ;97fb0233-7dec-48b1-ab29-28ca86792481
EIN;32-4560327;4a905b02-97e2-4909-ba9a-551e97587d6d  ;f68a7fbe-6861-43d2-8c64-612ea7e85026
EIN;11-4108786;4a905b02-97e2-4909-ba9a-551e97587d6d  ;88759915-784c-45fc-bc42-62536a00529f
EIN;87-4272985;4a905b02-97e2-4909-ba9a-551e97587d6d  ;677fc25f-324d-4bd7-9026-b83b997ce241
EIN;92-3404184;4a905b02-97e2-4909-ba9a-551e97587d6d  ;9759dc64-5a82-426d-8120-8af809b1f710
EIN;98-2710864;4a905b02-97e2-4909-ba9a-551e97587d6d  ;00a3a11c-ae71-44bd-a2e1-381d50e6c23b
EIN;66-5610921;4a905b02-97e2-4909-ba9a-551e97587d6d  ;7a2c6653-4539-45ec-b7c1-9836a4b945be
EIN;79-3691281;4a905b02-97e2-4909-ba9a-551e97587d6d  ;eae2318c-3b5c-46eb-ae0e-9356485fa878
EIN;14-3149951;4a905b02-97e2-4909-ba9a-551e97587d6d  ;f783dbd1-1078-4968-beff-2ea6452c696d
EIN;58-3530482;4a905b02-97e2-4909-ba9a-551e97587d6d  ;ad8b0dcf-ea44-406b-9f31-d8740a99cbb4
EIN;91-4474510;4a905b02-97e2-4909-ba9a-551e97587d6d  ;221a02ea-17e9-4a5a-9292-9004f38e5c7d
EIN;72-4114919;4a905b02-97e2-4909-ba9a-551e97587d6d  ;30c64640-14fb-4301-a0f5-4a9510fc8666
EIN;11-1146658;4a905b02-97e2-4909-ba9a-551e97587d6d  ;41e95ee1-174b-46e9-bcf8-f334379a3186
EIN;23-6218210;4a905b02-97e2-4909-ba9a-551e97587d6d  ;16db05ac-f728-43d1-ac59-daa12e379db8
EIN;51-2647420;4a905b02-97e2-4909-ba9a-551e97587d6d  ;c6a21150-c39f-48c8-be47-9103822b54d1
EIN;54-4580881;4a905b02-97e2-4909-ba9a-551e97587d6d  ;20ee2cf8-273a-46b2-936b-0cb32795c607
EIN;38-9828431;4a905b02-97e2-4909-ba9a-551e97587d6d  ;5f359ac8-cf35-4dac-8404-43ae4087ffd5
EIN;48-8211437;4a905b02-97e2-4909-ba9a-551e97587d6d  ;d15d8fb1-2b3f-4321-b556-576afc1afbb0
EIN;20-3783891;4a905b02-97e2-4909-ba9a-551e97587d6d  ;0d28f29d-807d-4632-bfd2-7dbfa18f9a70
EIN;19-5391746;4a905b02-97e2-4909-ba9a-551e97587d6d  ;1afe955a-87a1-488c-b347-ded311ac4c13
EIN;11-1316111;4a905b02-97e2-4909-ba9a-551e97587d6d  ;9a2e3955-a748-416d-b7db-fb8a9a05ae3a
EIN;52-1253311;4a905b02-97e2-4909-ba9a-551e97587d6d  ;f8fcf50f-cb27-4870-9e19-5486cc89ad40
EIN;68-4487453;4a905b02-97e2-4909-ba9a-551e97587d6d  ;5370b606-9f5b-4fa3-8921-4e5bba520d44
EIN;99-3368266;4a905b02-97e2-4909-ba9a-551e97587d6d  ;0658c894-55dc-4da2-b227-7af2e250f627
EIN;88-8974520;4a905b02-97e2-4909-ba9a-551e97587d6d  ;161b7442-a445-45fb-844d-45ca107c20d2
EIN;80-1209448;4a905b02-97e2-4909-ba9a-551e97587d6d  ;4b7398da-9d3a-430c-9839-5c7196df50c9
EIN;34-3860041;4a905b02-97e2-4909-ba9a-551e97587d6d  ;1adcdc18-00c2-4e5a-9c03-aee85fd2e701
EIN;89-2742633;4a905b02-97e2-4909-ba9a-551e97587d6d  ;91135a6f-5ea4-4413-bdd4-57106b753b66
EIN;47-9407843;4a905b02-97e2-4909-ba9a-551e97587d6d  ;cdcf4a77-018d-4533-97b9-300cbc5e814f
EIN;37-7708487;4a905b02-97e2-4909-ba9a-551e97587d6d  ;44ecb23f-89a7-4811-b200-b5068da6add2
EIN;48-4053461;4a905b02-97e2-4909-ba9a-551e97587d6d  ;27feb601-6002-41ad-bc23-6c7f07bbaac4
EIN;90-7813858;4a905b02-97e2-4909-ba9a-551e97587d6d  ;142aa0d2-0503-4393-b030-e2f26f5f3b12
EIN;32-7684220;4a905b02-97e2-4909-ba9a-551e97587d6d  ;2fcd056d-9050-4640-b920-ce21be0d256c
EIN;21-8613674;4a905b02-97e2-4909-ba9a-551e97587d6d  ;089cb3cf-cb3a-4735-ba22-b1f1595f75cf
EIN;10-9483224;4a905b02-97e2-4909-ba9a-551e97587d6d  ;abec374e-e597-48e7-8444-853b0a0f4e2d
EIN;10-1457525;4a905b02-97e2-4909-ba9a-551e97587d6d  ;56ade598-eea3-4c31-9ddf-ceec38c0dffd
EIN;65-3738285;4a905b02-97e2-4909-ba9a-551e97587d6d  ;9a46b8f4-7596-4eec-8994-8d29357123b3
EIN;62-4970929;4a905b02-97e2-4909-ba9a-551e97587d6d  ;d2def57a-86dc-4ef1-a956-02270b0dd755
EIN;63-7886381;4a905b02-97e2-4909-ba9a-551e97587d6d  ;6b44df08-eb39-4001-bfbb-c22868c59182
EIN;28-3372452;4a905b02-97e2-4909-ba9a-551e97587d6d  ;c158aec7-62ce-4650-a1ee-e6109deae3f1
EIN;14-1753776;4a905b02-97e2-4909-ba9a-551e97587d6d  ;9c88b561-0006-4382-9186-1a2f523d0763
EIN;34-9803086;4a905b02-97e2-4909-ba9a-551e97587d6d  ;0b829483-1820-48bd-aeb4-1930dae147ad
EIN;19-3166352;4a905b02-97e2-4909-ba9a-551e97587d6d  ;15378560-2bd0-4f46-b7da-477862b3fe19
EIN;34-4472829;4a905b02-97e2-4909-ba9a-551e97587d6d  ;759ba156-80d6-4067-9fc5-f58a018ba681
EIN;54-5655988;4a905b02-97e2-4909-ba9a-551e97587d6d  ;a0cdd13d-06c0-411f-bb75-40dad99789c5
EIN;42-2494143;4a905b02-97e2-4909-ba9a-551e97587d6d  ;06fe92df-66fe-406f-a035-e895b3943592
EIN;98-7823727;4a905b02-97e2-4909-ba9a-551e97587d6d  ;044c0bd9-7e7a-496e-8d27-394290de7a4a
EIN;44-3235336;4a905b02-97e2-4909-ba9a-551e97587d6d  ;e2803cfe-572c-4e3f-8c07-bd9286e6abde
EIN;85-5464370;4a905b02-97e2-4909-ba9a-551e97587d6d  ;b90ef25e-1e45-4d53-9637-c7d1e7539bab
EIN;95-6550180;4a905b02-97e2-4909-ba9a-551e97587d6d  ;667eba6a-8dfc-4938-ae71-f4ff01e45a90
EIN;22-2084182;4a905b02-97e2-4909-ba9a-551e97587d6d  ;1d0205a2-97bb-43a4-9c68-9d99346abd42
EIN;68-9097085;4a905b02-97e2-4909-ba9a-551e97587d6d  ;a200676d-07a6-4afd-91db-c14000839345
EIN;79-7754278;4a905b02-97e2-4909-ba9a-551e97587d6d  ;95dcb1e5-3d66-4099-b619-fd3fc2d19887
EIN;74-2686745;4a905b02-97e2-4909-ba9a-551e97587d6d  ;db355b9b-1847-457e-a693-cfdd0eded5a5
EIN;19-5471359;4a905b02-97e2-4909-ba9a-551e97587d6d  ;172d52a4-964f-4f1c-96d1-607807ff1d3c
EIN;27-4244279;4a905b02-97e2-4909-ba9a-551e97587d6d  ;3ebab040-805f-4866-b165-311e5be0ae50
EIN;85-4307014;4a905b02-97e2-4909-ba9a-551e97587d6d  ;9b7e314e-89d0-43af-a78a-31a2343f87cb
EIN;29-2294179;4a905b02-97e2-4909-ba9a-551e97587d6d  ;e3d06ba7-875d-45cd-aba3-2a1e495f306d
EIN;12-1593714;4a905b02-97e2-4909-ba9a-551e97587d6d  ;5feebcaf-8dd8-4242-8d36-ed95ec179d60
EIN;22-2344474;4a905b02-97e2-4909-ba9a-551e97587d6d  ;a2c0b4d7-687c-40df-b268-147b1deef1b3
EIN;11-9668553;4a905b02-97e2-4909-ba9a-551e97587d6d  ;b97cd03f-3bc6-46b1-963b-e6bad4bdf385
EIN;65-8553357;4a905b02-97e2-4909-ba9a-551e97587d6d  ;d9e1cfbd-bb84-4100-a4ea-8e6525ba0aca
EIN;36-4312145;4a905b02-97e2-4909-ba9a-551e97587d6d  ;1b52181a-5421-4834-ba1d-a6441f6c9fa7
EIN;76-7086742;4a905b02-97e2-4909-ba9a-551e97587d6d  ;66da17fe-52b7-4e0c-b901-33130b38a3dd
EIN;53-4286262;4a905b02-97e2-4909-ba9a-551e97587d6d  ;255900b6-1f09-4d23-934b-63d96b3e3502
EIN;63-4042677;4a905b02-97e2-4909-ba9a-551e97587d6d  ;473c3586-511f-43c0-8ecc-fa658ba775fe
EIN;31-3798859;4a905b02-97e2-4909-ba9a-551e97587d6d  ;7a956261-117c-47df-a869-2026dc695c1e
EIN;80-9387259;4a905b02-97e2-4909-ba9a-551e97587d6d  ;c61cfcf4-e95b-48f8-ae10-4e2dec3f2755
EIN;98-9692489;4a905b02-97e2-4909-ba9a-551e97587d6d  ;b65ad753-e12b-4ae8-b104-58d65fae8047
EIN;61-6935242;4a905b02-97e2-4909-ba9a-551e97587d6d  ;01b8eec8-a1c7-4df7-9923-040ee47e2a27
EIN;78-3340547;4a905b02-97e2-4909-ba9a-551e97587d6d  ;77e85322-a04c-4bd0-a20b-464cfce43d73
EIN;59-7291689;4a905b02-97e2-4909-ba9a-551e97587d6d  ;0622e797-dedc-482f-9102-f8c935f8d702
EIN;11-8892346;4a905b02-97e2-4909-ba9a-551e97587d6d  ;a72a5e8f-8b7f-479a-ab0d-663fabd1eac2
EIN;57-5431814;4a905b02-97e2-4909-ba9a-551e97587d6d  ;6e5ea492-3ac2-4553-ada9-03cad9f83129
EIN;56-3386954;4a905b02-97e2-4909-ba9a-551e97587d6d  ;327e1900-ba6d-4126-9abd-f87a4938cc56
EIN;24-4181856;4a905b02-97e2-4909-ba9a-551e97587d6d  ;96e07c5b-e75d-4017-bf51-166d2ef0dd29
EIN;36-8144419;4a905b02-97e2-4909-ba9a-551e97587d6d  ;c6239a99-e5c2-4eaa-be6e-000cce00adb6
EIN;92-8759498;4a905b02-97e2-4909-ba9a-551e97587d6d  ;9a764991-9b1b-446a-811b-81aadfe616b1
EIN;71-5698982;4a905b02-97e2-4909-ba9a-551e97587d6d  ;55c28e32-2d87-4c02-becd-6c0de3d4939b
EIN;54-8897476;4a905b02-97e2-4909-ba9a-551e97587d6d  ;68442473-a254-4ff6-9216-78d6d5090014
EIN;73-6895803;4a905b02-97e2-4909-ba9a-551e97587d6d  ;93d54460-ee27-4af4-9281-a7ba0a7afb7f
EIN;26-7321460;4a905b02-97e2-4909-ba9a-551e97587d6d  ;5d113528-5a1a-48f2-ac45-1f88114ba668
EIN;67-9492862;4a905b02-97e2-4909-ba9a-551e97587d6d  ;fe1785bb-5719-4561-bf57-c5805dd9770f
EIN;57-9627609;4a905b02-97e2-4909-ba9a-551e97587d6d  ;199eb45d-2a6e-4e82-80cd-95840e3e42b6
EIN;88-8401611;4a905b02-97e2-4909-ba9a-551e97587d6d  ;d70191c6-3cf4-4dd7-8635-20ceb7b7241c
EIN;35-2627709;4a905b02-97e2-4909-ba9a-551e97587d6d  ;0ab69a7b-88db-4a2b-9923-6eb05c030d44
EIN;29-9127388;4a905b02-97e2-4909-ba9a-551e97587d6d  ;04019a05-3079-462f-a1bb-8d4408413b6b
EIN;84-1067177;4a905b02-97e2-4909-ba9a-551e97587d6d  ;2a092b05-3daa-4de0-b8c9-5d38e38c0d5c
EIN;64-5691587;4a905b02-97e2-4909-ba9a-551e97587d6d  ;d7cd0bf1-19b3-420b-a01d-701beadd154b
EIN;56-5544708;4a905b02-97e2-4909-ba9a-551e97587d6d  ;e5670ae0-d00f-4553-9db9-ca80a5a3f015
EIN;89-9144370;4a905b02-97e2-4909-ba9a-551e97587d6d  ;8c2af0ce-4a6f-4268-9659-f96f3dc8d5e1
EIN;68-6257562;4a905b02-97e2-4909-ba9a-551e97587d6d  ;38ad31d8-bae7-4325-9ca6-86bc231e6079
EIN;81-4012766;4a905b02-97e2-4909-ba9a-551e97587d6d  ;89ac3c99-10fa-4b94-a8c4-1af3887cea7a
EIN;41-1505597;4a905b02-97e2-4909-ba9a-551e97587d6d  ;512ca0d0-4342-4aa9-93c5-cbf7e774a71d
EIN;68-3060443;4a905b02-97e2-4909-ba9a-551e97587d6d  ;f74489d0-1832-47e9-a2e6-666250094f52
EIN;29-9580364;4a905b02-97e2-4909-ba9a-551e97587d6d  ;af400031-5569-4e50-916d-9bc5b7e16d3d
EIN;78-8160490;4a905b02-97e2-4909-ba9a-551e97587d6d  ;0bd9bc70-bc23-4d85-9b7b-f3260651fdd0
EIN;56-8248425;4a905b02-97e2-4909-ba9a-551e97587d6d  ;55b1f1c1-6738-4aa4-a95b-2ac00175ffaf
EIN;82-8853621;4a905b02-97e2-4909-ba9a-551e97587d6d  ;7a7fb4e5-4ffa-4052-8b8e-3e8e80489d43
EIN;41-2069055;4a905b02-97e2-4909-ba9a-551e97587d6d  ;53ead960-fd94-425c-9520-bfff913b78d3
EIN;90-7604197;4a905b02-97e2-4909-ba9a-551e97587d6d  ;ed4e9106-0c4a-41b9-9587-37a8686f1d98
EIN;66-8805519;4a905b02-97e2-4909-ba9a-551e97587d6d  ;37d31f2b-b9f2-42f5-932c-70fd7494a61a
EIN;99-8319343;4a905b02-97e2-4909-ba9a-551e97587d6d  ;868fa4cf-6c6e-42eb-92e3-9039b6ab5f0b
EIN;68-9783546;4a905b02-97e2-4909-ba9a-551e97587d6d  ;cb6d3907-7bb7-4608-9a3b-f9306a4255fa
EIN;79-3442150;4a905b02-97e2-4909-ba9a-551e97587d6d  ;11ff9eb8-9b00-43ae-82c6-a1efd37eba35
EIN;15-7183279;4a905b02-97e2-4909-ba9a-551e97587d6d  ;094cd3b6-7647-44de-af2b-bce9ad7ef363
EIN;46-6660953;4a905b02-97e2-4909-ba9a-551e97587d6d  ;0bfb137c-67da-4724-8a94-471784101519
EIN;92-8578203;4a905b02-97e2-4909-ba9a-551e97587d6d  ;5b420e71-4792-4f7b-96ed-b181d7d130df
EIN;79-9782041;4a905b02-97e2-4909-ba9a-551e97587d6d  ;114600e6-fa86-4a38-a2b1-f25129fd5c15
EIN;49-8504574;4a905b02-97e2-4909-ba9a-551e97587d6d  ;e7778994-e265-4425-bced-c9f5344dd5ab
EIN;68-8515596;4a905b02-97e2-4909-ba9a-551e97587d6d  ;212237ef-0a0b-4694-ae6a-bed84abe7343
EIN;97-9410328;4a905b02-97e2-4909-ba9a-551e97587d6d  ;0b6e98f3-2cbe-4374-8f30-b6cfe33b6d44
EIN;78-5756650;4a905b02-97e2-4909-ba9a-551e97587d6d  ;75cf1073-7fe5-4c92-b9d8-ad34d94fcf10
EIN;48-4059959;4a905b02-97e2-4909-ba9a-551e97587d6d  ;a11f9099-3145-42bb-99b9-866d3f8d9baf
EIN;99-4711118;4a905b02-97e2-4909-ba9a-551e97587d6d  ;1f429006-ed88-4ec1-a221-093ae0588525
EIN;77-2763342;4a905b02-97e2-4909-ba9a-551e97587d6d  ;b76c154c-9179-4417-8e3b-596b1305b992
EIN;40-9210917;4a905b02-97e2-4909-ba9a-551e97587d6d  ;d2024d69-8392-420d-af7e-bceb3a4288e1
EIN;83-9219758;4a905b02-97e2-4909-ba9a-551e97587d6d  ;9b35b8c7-626b-468c-bc91-6667340339df
EIN;27-1605199;4a905b02-97e2-4909-ba9a-551e97587d6d  ;ef80399d-b73e-4f14-b788-ccdbbf913d2b
EIN;60-1155644;4a905b02-97e2-4909-ba9a-551e97587d6d  ;efe5dfcc-8752-4fd1-8009-7660572c3703
EIN;12-4206644;4a905b02-97e2-4909-ba9a-551e97587d6d  ;05ed170a-a196-4a02-8705-6a5922f1a784
EIN;28-3410705;4a905b02-97e2-4909-ba9a-551e97587d6d  ;ea53aa43-218c-489c-ae43-3468b2721e7f
EIN;32-5360973;4a905b02-97e2-4909-ba9a-551e97587d6d  ;8db6461e-1d12-45fa-9ba8-512f7340ad08
EIN;10-6460441;4a905b02-97e2-4909-ba9a-551e97587d6d  ;72b7f4ce-1a03-4c0f-93ad-9e39f0629e3e
EIN;84-4606122;4a905b02-97e2-4909-ba9a-551e97587d6d  ;fa6fae77-d9e8-445b-a394-5a6b5466012d
EIN;34-7668067;4a905b02-97e2-4909-ba9a-551e97587d6d  ;739fc9d7-c69a-4e24-8b3b-cbcea2859b7b
EIN;55-4468804;4a905b02-97e2-4909-ba9a-551e97587d6d  ;6e41ee75-3576-4890-b803-2d02023d19c2
EIN;39-2214046;4a905b02-97e2-4909-ba9a-551e97587d6d  ;9653e462-a0f4-46a8-98f6-6f0f3f4c00ee
EIN;64-4714722;4a905b02-97e2-4909-ba9a-551e97587d6d  ;6a64fcad-1531-433b-93d6-8939745fe6ca
EIN;23-2849706;4a905b02-97e2-4909-ba9a-551e97587d6d  ;a57f3e8c-ebed-4ca4-a83e-db86879ac2b9
EIN;34-7394351;4a905b02-97e2-4909-ba9a-551e97587d6d  ;f0530227-2019-4c61-bfc9-98db8a522f9d
EIN;14-2443512;4a905b02-97e2-4909-ba9a-551e97587d6d  ;89335141-4c0b-4d04-b6ef-87b857501c20
EIN;69-5461392;4a905b02-97e2-4909-ba9a-551e97587d6d  ;06377fab-565e-4b73-bd67-13a6b4ad2244
EIN;79-6307131;4a905b02-97e2-4909-ba9a-551e97587d6d  ;8653ad8e-209e-48df-a11b-c4b3009943ae
EIN;94-2345228;4a905b02-97e2-4909-ba9a-551e97587d6d  ;193dac80-7276-493f-9c2e-3038d73e911f
EIN;30-6346250;4a905b02-97e2-4909-ba9a-551e97587d6d  ;d4e1f2e5-baff-4202-86f9-db46d24c81e9
EIN;16-4278283;4a905b02-97e2-4909-ba9a-551e97587d6d  ;f2cb57ef-174a-40fc-8b14-f3abb4ed9232
EIN;78-9668575;4a905b02-97e2-4909-ba9a-551e97587d6d  ;0066e697-3ffd-47db-ba46-a6bd74084370
EIN;96-3767695;4a905b02-97e2-4909-ba9a-551e97587d6d  ;f3ac9525-72be-43fe-82b2-d22c184abb44
EIN;86-6672682;4a905b02-97e2-4909-ba9a-551e97587d6d  ;1a6a1351-569c-433a-9255-a9bcaaf84936
EIN;38-8389975;4a905b02-97e2-4909-ba9a-551e97587d6d  ;f923dc60-1954-42e5-aa97-72c90275de1f
EIN;24-2786100;4a905b02-97e2-4909-ba9a-551e97587d6d  ;0f40adb4-c688-40cc-a792-1a9251e3181d
EIN;79-2764583;4a905b02-97e2-4909-ba9a-551e97587d6d  ;2e21dc5e-4bce-43ac-b8db-91e97c532d43
EIN;95-6163512;4a905b02-97e2-4909-ba9a-551e97587d6d  ;8dec6607-acc1-465c-9e7c-b5513bc6e280
EIN;40-3298328;4a905b02-97e2-4909-ba9a-551e97587d6d  ;8ae421ec-add4-41b4-96be-7af5275381f8
EIN;81-2856223;4a905b02-97e2-4909-ba9a-551e97587d6d  ;11f72fd4-bdcb-4d4c-908f-8fa6d6b8c60c
EIN;18-7908161;4a905b02-97e2-4909-ba9a-551e97587d6d  ;1671ef0f-b9df-40c4-a874-ba4487c156ec
EIN;32-6224538;4a905b02-97e2-4909-ba9a-551e97587d6d  ;8714a3a4-7048-4247-8d9b-1d898edbe5d6
EIN;18-9738227;4a905b02-97e2-4909-ba9a-551e97587d6d  ;53fdbff9-e899-413e-b642-02f66cf34bcc
EIN;50-1127745;4a905b02-97e2-4909-ba9a-551e97587d6d  ;f5396c4a-ff2a-441d-9ea2-4566d3dbd585
EIN;16-9060400;4a905b02-97e2-4909-ba9a-551e97587d6d  ;2b77b167-0165-4d88-98c7-269ac40942ba
EIN;18-1733566;4a905b02-97e2-4909-ba9a-551e97587d6d  ;18b8ce07-39b4-44ea-90c1-7d57f64777c2
EIN;88-5862126;4a905b02-97e2-4909-ba9a-551e97587d6d  ;15eb824b-2f75-482d-abbc-e6f196f29705
EIN;77-8598280;4a905b02-97e2-4909-ba9a-551e97587d6d  ;1c19187f-e7fb-46f0-a1d3-c92f4f61850c
EIN;42-8667772;4a905b02-97e2-4909-ba9a-551e97587d6d  ;76f3750e-ad11-4e53-aad6-f4b56749b32b
EIN;96-4867798;4a905b02-97e2-4909-ba9a-551e97587d6d  ;fbc05681-8141-4e3c-92fe-dd3416f79a86
EIN;86-5136573;4a905b02-97e2-4909-ba9a-551e97587d6d  ;5d5933b3-0f21-4372-a7cb-6ff0aa7bbde2
EIN;25-5760246;4a905b02-97e2-4909-ba9a-551e97587d6d  ;277a5795-e703-4a03-b3d3-cb88f5b385ba
EIN;77-6717389;4a905b02-97e2-4909-ba9a-551e97587d6d  ;ad0cbaf2-727d-4ac8-b67f-d51fa5abe466
EIN;59-8408362;4a905b02-97e2-4909-ba9a-551e97587d6d  ;dfd40d0f-582c-4fa2-834e-7921487535c7
EIN;72-1022482;4a905b02-97e2-4909-ba9a-551e97587d6d  ;47294e02-1f62-46a5-adc1-b5ab7430be55
EIN;83-8054780;4a905b02-97e2-4909-ba9a-551e97587d6d  ;eb2b9650-993f-4553-b724-cd8a956b5182
EIN;89-5916280;4a905b02-97e2-4909-ba9a-551e97587d6d  ;048f706f-4a70-4c27-bbb1-6ba95ff70312
EIN;62-6265469;4a905b02-97e2-4909-ba9a-551e97587d6d  ;21785be8-a682-4dc8-83af-439510c76d92
EIN;26-2241724;4a905b02-97e2-4909-ba9a-551e97587d6d  ;92272da1-9eae-4e19-9ac8-1abeb624376d
EIN;12-2895643;4a905b02-97e2-4909-ba9a-551e97587d6d  ;112eca40-d184-4176-b0a8-4c43ca9347d9
EIN;45-9575357;4a905b02-97e2-4909-ba9a-551e97587d6d  ;b1a7745a-5993-4da3-a125-642055c336cf
EIN;18-4425241;4a905b02-97e2-4909-ba9a-551e97587d6d  ;d00c1af4-f9a7-4cfe-b273-6a21e3b25238
EIN;23-9777984;4a905b02-97e2-4909-ba9a-551e97587d6d  ;a87f5210-4ab2-4b39-a0ea-041c5b82c8fd
EIN;86-1542973;4a905b02-97e2-4909-ba9a-551e97587d6d  ;4246921b-5d0e-4090-96f2-aaa3dbb1045b
EIN;95-1718424;4a905b02-97e2-4909-ba9a-551e97587d6d  ;50751bfd-f553-48dc-a7c9-91e996e512c0
EIN;54-6358303;4a905b02-97e2-4909-ba9a-551e97587d6d  ;16118966-0905-473a-90d8-98d3d2abebdb
EIN;28-4700893;4a905b02-97e2-4909-ba9a-551e97587d6d  ;99a50a8d-fe60-454a-8928-83fb478f31e7
EIN;28-9890732;4a905b02-97e2-4909-ba9a-551e97587d6d  ;474821dd-7e9f-43df-8cff-2c8598e95afa
EIN;27-9017838;4a905b02-97e2-4909-ba9a-551e97587d6d  ;685f836e-d466-4cab-b7f1-1a3b360e89f2
EIN;41-3717927;4a905b02-97e2-4909-ba9a-551e97587d6d  ;8cf08cff-88ec-4546-a52e-93e194d0626c
EIN;14-3413146;4a905b02-97e2-4909-ba9a-551e97587d6d  ;a234da64-637e-4add-ba77-3f831572d850
EIN;10-1628242;4a905b02-97e2-4909-ba9a-551e97587d6d  ;0f52433c-5696-4379-b802-9f3ecaea394c
EIN;47-6887253;4a905b02-97e2-4909-ba9a-551e97587d6d  ;759d51da-eb89-4aef-a468-183769f32402
EIN;41-7318334;4a905b02-97e2-4909-ba9a-551e97587d6d  ;76212ac9-0617-46dc-b21f-620ef3944b9d
EIN;73-7711116;4a905b02-97e2-4909-ba9a-551e97587d6d  ;a95f745c-3967-4802-819d-f3aa942fa34c
EIN;63-2109411;4a905b02-97e2-4909-ba9a-551e97587d6d  ;7c35bc73-8c16-4abb-87b7-0192355eed2b
EIN;24-1273837;4a905b02-97e2-4909-ba9a-551e97587d6d  ;0e86c9dd-fb1e-44f2-9181-bf42f506f413
EIN;35-5794211;4a905b02-97e2-4909-ba9a-551e97587d6d  ;0e6ba594-74f0-442b-ae5a-14fa468b5eec
EIN;69-2048064;4a905b02-97e2-4909-ba9a-551e97587d6d  ;0016196a-7324-43cd-9db5-74f516584e1c
EIN;12-5984894;4a905b02-97e2-4909-ba9a-551e97587d6d  ;1ccc3e0d-110c-454a-a5dd-616b7bfb804c
EIN;48-2316948;4a905b02-97e2-4909-ba9a-551e97587d6d  ;de42f5c5-7f88-4d42-85a8-da9d0ae83f9b
EIN;33-3376052;4a905b02-97e2-4909-ba9a-551e97587d6d  ;f55df9a3-333d-4643-959c-276337aa5604
EIN;33-7024618;4a905b02-97e2-4909-ba9a-551e97587d6d  ;37835c39-3703-4f00-a3ef-703a7bdd37cc
EIN;32-4222909;4a905b02-97e2-4909-ba9a-551e97587d6d  ;4b7469b4-90c1-40d0-83d7-4b44b3483923
EIN;26-4640839;4a905b02-97e2-4909-ba9a-551e97587d6d  ;379880d2-b64f-495a-997e-bf34d3b0b96e
EIN;48-3137879;4a905b02-97e2-4909-ba9a-551e97587d6d  ;a5f3ae65-23b5-4f8f-a641-0ab3ecc596c5
EIN;86-2333132;4a905b02-97e2-4909-ba9a-551e97587d6d  ;c6519e5c-3fb3-45c6-9086-ebf7c8a59957
EIN;16-6995788;4a905b02-97e2-4909-ba9a-551e97587d6d  ;a655cc1d-6fc9-4682-9994-0d09d803bbe7
EIN;91-6791362;4a905b02-97e2-4909-ba9a-551e97587d6d  ;fd2ffb28-37c1-411e-b82a-4803836eb51b
EIN;43-8894456;4a905b02-97e2-4909-ba9a-551e97587d6d  ;75f9e0c9-58d2-47dc-8566-47f3a63a4716
EIN;48-1251098;4a905b02-97e2-4909-ba9a-551e97587d6d  ;3f1a3c90-499f-4d07-86da-591a8fb81a62
EIN;46-1298728;4a905b02-97e2-4909-ba9a-551e97587d6d  ;3ad8b02a-364a-45a3-9c85-f7e479c3de4e
EIN;17-2968279;4a905b02-97e2-4909-ba9a-551e97587d6d  ;f3229873-318a-4893-8ac9-3b38755f7ab5
EIN;64-2958255;4a905b02-97e2-4909-ba9a-551e97587d6d  ;ca49e55d-1127-4cb3-a490-a3f9a22fa1eb
EIN;36-3883483;4a905b02-97e2-4909-ba9a-551e97587d6d  ;2838c356-139d-40de-8a61-4a98b4f6866f
EIN;80-9916910;4a905b02-97e2-4909-ba9a-551e97587d6d  ;74990e01-0962-4932-812d-c9ad5fd36bef
EIN;98-6621453;4a905b02-97e2-4909-ba9a-551e97587d6d  ;f8c9f5ab-c39b-4218-ba33-0feccfeddabd
EIN;64-1136929;4a905b02-97e2-4909-ba9a-551e97587d6d  ;732b6c03-5549-4eb4-bce1-93b63b6cb8ce
EIN;50-8868947;4a905b02-97e2-4909-ba9a-551e97587d6d  ;b582084c-8f41-4753-adb6-ef20ec0e38b6
EIN;28-1058071;4a905b02-97e2-4909-ba9a-551e97587d6d  ;d5c60509-88fc-4851-9392-174b632355b3
EIN;46-5105927;4a905b02-97e2-4909-ba9a-551e97587d6d  ;4b665d7c-fb45-41b9-8f8c-fd93a86fcf8e
EIN;29-2231572;4a905b02-97e2-4909-ba9a-551e97587d6d  ;0b132667-3f82-4f0c-a53d-ca05d4adf0cb
EIN;95-8131356;4a905b02-97e2-4909-ba9a-551e97587d6d  ;a64d8d10-3187-4a28-bd41-494c7b3e9f8f
EIN;70-7533079;4a905b02-97e2-4909-ba9a-551e97587d6d  ;a4dce7ba-b30d-407d-bcfe-1997e03d7251
EIN;55-5989988;4a905b02-97e2-4909-ba9a-551e97587d6d  ;b62d5688-4edd-4b04-8dfc-a60752396e4a
EIN;18-3074467;4a905b02-97e2-4909-ba9a-551e97587d6d  ;c71e1ee2-5a18-410e-b2ae-d68d4c1ce794
EIN;15-2934125;4a905b02-97e2-4909-ba9a-551e97587d6d  ;17b2971e-c30b-4820-97ac-5517025ad9b4
EIN;85-6654362;4a905b02-97e2-4909-ba9a-551e97587d6d  ;d34f3b50-cf0b-481b-a9bb-786c8fac63d3
EIN;25-5356449;4a905b02-97e2-4909-ba9a-551e97587d6d  ;72ea2d15-d54f-46d4-9ed3-f94b849d07a0
EIN;96-2468229;4a905b02-97e2-4909-ba9a-551e97587d6d  ;b54710a3-fb4a-4bd0-aaef-353c61fbf8ca
EIN;35-8080140;4a905b02-97e2-4909-ba9a-551e97587d6d  ;5f05f929-8eed-4c8c-82e2-401525d09d0e
EIN;34-9812791;4a905b02-97e2-4909-ba9a-551e97587d6d  ;ad29e4e1-cba5-4ba0-89f2-08ca8135111d
EIN;87-4783206;4a905b02-97e2-4909-ba9a-551e97587d6d  ;7fc1976e-cf5b-48ff-95f5-f42fc6238673
EIN;62-6115947;4a905b02-97e2-4909-ba9a-551e97587d6d  ;709498e0-86d1-42b5-998b-78eca75f3726
EIN;90-6631561;4a905b02-97e2-4909-ba9a-551e97587d6d  ;de2aa509-11f5-4d4f-a0b5-b7393e9957c5
EIN;99-5746087;4a905b02-97e2-4909-ba9a-551e97587d6d  ;0e9f5116-b046-454b-bc07-9695872caf8d
EIN;43-9118110;4a905b02-97e2-4909-ba9a-551e97587d6d  ;25b80429-c4f1-4cac-aa27-6e3afb28327f
EIN;13-9866762;4a905b02-97e2-4909-ba9a-551e97587d6d  ;f3958162-8112-4634-b29f-4b0978ed96ec
EIN;52-6482029;4a905b02-97e2-4909-ba9a-551e97587d6d  ;31712748-d99d-4f3c-b43c-cd5c8d891dfd
EIN;96-2396473;4a905b02-97e2-4909-ba9a-551e97587d6d  ;eebde448-7979-48a5-a9c8-be902d739da8
EIN;58-4841579;4a905b02-97e2-4909-ba9a-551e97587d6d  ;323983c5-8d29-4a16-a95b-4009bc05279b
EIN;38-1548239;4a905b02-97e2-4909-ba9a-551e97587d6d  ;5ed0afd0-52f4-447e-abbc-023ff1b3511c
EIN;96-8222903;4a905b02-97e2-4909-ba9a-551e97587d6d  ;9a09c271-2cfe-4fd1-8695-4e23a40777cf
EIN;60-8144591;4a905b02-97e2-4909-ba9a-551e97587d6d  ;ddef9d2d-b151-4dc8-ac5a-bb4d1d84ae89
EIN;73-4590703;4a905b02-97e2-4909-ba9a-551e97587d6d  ;6ad548e3-6171-449a-a07a-80bc524af8b0
EIN;67-4657567;4a905b02-97e2-4909-ba9a-551e97587d6d  ;4cc890a9-9d3e-42d4-9226-8a6fa8c7729d
EIN;37-2921652;4a905b02-97e2-4909-ba9a-551e97587d6d  ;40d173a6-eb4e-4bb4-92fd-ae7787f41529
EIN;92-5959359;4a905b02-97e2-4909-ba9a-551e97587d6d  ;49b30556-0f04-4c1a-9cfb-6fa791d0684d
EIN;10-6173577;4a905b02-97e2-4909-ba9a-551e97587d6d  ;06daa0dd-31b3-4373-9654-f8820832b832
EIN;20-6843740;4a905b02-97e2-4909-ba9a-551e97587d6d  ;d014e375-9c41-4487-a41e-c602660e568a
EIN;66-2701166;4a905b02-97e2-4909-ba9a-551e97587d6d  ;075431ad-c01f-465e-9886-e801a11f7ee0
EIN;87-9596090;4a905b02-97e2-4909-ba9a-551e97587d6d  ;0593c407-25fb-4ee4-8ba7-d2a6d6e112e4
EIN;27-1250486;4a905b02-97e2-4909-ba9a-551e97587d6d  ;c44dea99-37cf-4748-a5cd-1973e3b4d674
EIN;80-6380907;4a905b02-97e2-4909-ba9a-551e97587d6d  ;d2f45c0c-675d-40b1-8922-c86cba81c87c
EIN;65-1184983;4a905b02-97e2-4909-ba9a-551e97587d6d  ;e571c69b-ad76-4f8e-b23b-a80213fc20d0
EIN;90-8111725;4a905b02-97e2-4909-ba9a-551e97587d6d  ;5fe52e37-b980-47e8-bdfa-bc3da1416096
EIN;94-8902050;4a905b02-97e2-4909-ba9a-551e97587d6d  ;c2d3fb9e-16ea-4eed-897b-33f62df65960
EIN;58-9733026;4a905b02-97e2-4909-ba9a-551e97587d6d  ;a4cf8d15-5131-46d9-8e11-ed7fb133d4ec
EIN;94-9341647;4a905b02-97e2-4909-ba9a-551e97587d6d  ;6f163060-a5b7-43bf-a8da-bebb1d06156f
EIN;27-1965605;4a905b02-97e2-4909-ba9a-551e97587d6d  ;5f0a520d-0e2f-40f9-8ee4-49ede74da370
EIN;81-4158389;4a905b02-97e2-4909-ba9a-551e97587d6d  ;0b722f2e-820c-472c-ab4b-016f4e985697
EIN;61-3836872;4a905b02-97e2-4909-ba9a-551e97587d6d  ;8cf2634a-426c-476f-9c08-98c1e67cfc43
EIN;80-7794533;4a905b02-97e2-4909-ba9a-551e97587d6d  ;0c9203ef-6402-4287-a8e7-7ad585a91cf4
EIN;25-9731993;4a905b02-97e2-4909-ba9a-551e97587d6d  ;68ca1b2c-60ef-4c7d-bfbe-01d6e76a5bc6
EIN;51-1491260;4a905b02-97e2-4909-ba9a-551e97587d6d  ;5c1decdc-ec7e-4698-a430-a8af90f59c19
EIN;60-3551503;4a905b02-97e2-4909-ba9a-551e97587d6d  ;a0d2626e-7571-4944-adac-c3f717bf6d50
EIN;48-2463231;4a905b02-97e2-4909-ba9a-551e97587d6d  ;c17586f0-9070-4d98-87dd-08a8cd32eb7b
EIN;71-8402614;4a905b02-97e2-4909-ba9a-551e97587d6d  ;0b2ef42b-6c1d-492b-961a-6af23a99386a
EIN;21-7507819;4a905b02-97e2-4909-ba9a-551e97587d6d  ;807e9e6c-aa0d-4cad-8441-659c49a75b0c
EIN;43-3906433;4a905b02-97e2-4909-ba9a-551e97587d6d  ;2100144c-4e13-4213-80b5-a8a7d792680d
EIN;16-7918586;4a905b02-97e2-4909-ba9a-551e97587d6d  ;8a198e36-dcf1-475e-a225-42503b4f4c5b
EIN;73-9015060;4a905b02-97e2-4909-ba9a-551e97587d6d  ;2c298ce4-fb6c-40cb-a5d9-88b7d5e78c2e
EIN;44-1047728;4a905b02-97e2-4909-ba9a-551e97587d6d  ;3130ccf9-1858-4404-8b9b-e2ead05daa8f
EIN;66-4613545;4a905b02-97e2-4909-ba9a-551e97587d6d  ;ba05b66c-8902-49b4-b7d4-c3e04c0a8038
EIN;57-5335668;4a905b02-97e2-4909-ba9a-551e97587d6d  ;11063689-7212-42a1-8a2c-7b6960682599
EIN;77-5515626;4a905b02-97e2-4909-ba9a-551e97587d6d  ;a7e2fc64-c1e7-4a0a-84a4-79c084c6c60a
EIN;46-6417011;4a905b02-97e2-4909-ba9a-551e97587d6d  ;6aa4f869-4f58-418f-b1df-bf1b28ce4ea7
EIN;56-7681326;4a905b02-97e2-4909-ba9a-551e97587d6d  ;3d3e114c-bf63-4999-a136-b1ac466e3db0
EIN;60-5043656;4a905b02-97e2-4909-ba9a-551e97587d6d  ;80178b16-b582-4e11-b836-1abaa457f811
EIN;39-6223613;4a905b02-97e2-4909-ba9a-551e97587d6d  ;31f852fc-f585-44cc-a9bf-a943b0c215ae
EIN;37-8362014;4a905b02-97e2-4909-ba9a-551e97587d6d  ;9f05e6ac-53e6-459e-acf7-232e7018393b
EIN;48-9651260;4a905b02-97e2-4909-ba9a-551e97587d6d  ;4267b6f1-5d9a-45e3-9c20-9f685de993b1
EIN;63-9701050;4a905b02-97e2-4909-ba9a-551e97587d6d  ;25897832-58ee-4a0c-9587-d195d7ea471a
EIN;82-1290565;4a905b02-97e2-4909-ba9a-551e97587d6d  ;8f84094f-6974-466a-9f40-6be5613a51c0
EIN;58-5822507;4a905b02-97e2-4909-ba9a-551e97587d6d  ;fb66ccac-5b42-439e-9ee2-7e2f29c5e9b9
EIN;30-2291079;4a905b02-97e2-4909-ba9a-551e97587d6d  ;9d6616a1-1055-42bd-8229-b7238cd7e8fb
EIN;71-5399863;4a905b02-97e2-4909-ba9a-551e97587d6d  ;276995cd-0fac-43ee-8c8e-4d4468e83b69
EIN;84-8881617;4a905b02-97e2-4909-ba9a-551e97587d6d  ;35263293-b6f8-4a42-bbf2-764db6ec9b15
EIN;74-9816252;4a905b02-97e2-4909-ba9a-551e97587d6d  ;17a641d0-2176-47cb-b74c-4986b18938d8
EIN;71-7732960;4a905b02-97e2-4909-ba9a-551e97587d6d  ;59afdb58-d0f2-4190-8779-31dcf6627e9c
EIN;56-3384439;4a905b02-97e2-4909-ba9a-551e97587d6d  ;be53aa1f-83c4-4ccd-9b8d-cf875e6873fa
EIN;84-6650695;4a905b02-97e2-4909-ba9a-551e97587d6d  ;8c21bbfd-5a4d-4e6f-b56a-bb32d1e720e3
EIN;93-1221099;4a905b02-97e2-4909-ba9a-551e97587d6d  ;c2b6d39a-4004-4b79-a9c9-f95cb181ab92
EIN;72-3375980;4a905b02-97e2-4909-ba9a-551e97587d6d  ;14dfb4af-6da6-4b6f-a343-727622a3570b
EIN;44-9519475;4a905b02-97e2-4909-ba9a-551e97587d6d  ;58217922-36cc-485c-833e-c348d9479df1
EIN;37-3017919;4a905b02-97e2-4909-ba9a-551e97587d6d  ;7afadb9f-3bfc-4a81-9dc1-61ee0c882da2
EIN;41-2765392;4a905b02-97e2-4909-ba9a-551e97587d6d  ;a8c774cd-b50f-4256-8b2b-68e90f009ff4
EIN;39-3977683;4a905b02-97e2-4909-ba9a-551e97587d6d  ;32793303-2e96-4543-9f93-c5873ffe7a67
EIN;60-2846223;4a905b02-97e2-4909-ba9a-551e97587d6d  ;102018c6-ffe8-4786-9094-c6336d7901ef
EIN;18-8218329;4a905b02-97e2-4909-ba9a-551e97587d6d  ;157fa8d5-1dda-477e-b091-13fce3d43f1b
EIN;57-9953112;4a905b02-97e2-4909-ba9a-551e97587d6d  ;f7257bfb-adaa-4cf6-b323-5d23bf43faf2
EIN;15-2048101;4a905b02-97e2-4909-ba9a-551e97587d6d  ;17e3f86d-2bfe-4530-a510-cdde515f6aea
EIN;43-9977324;4a905b02-97e2-4909-ba9a-551e97587d6d  ;a3bb423c-6c76-4d59-91da-ab1d14c4b28e
EIN;90-3855850;4a905b02-97e2-4909-ba9a-551e97587d6d  ;1e785c51-431b-4c3f-a843-ce11b5285626
EIN;78-4636766;4a905b02-97e2-4909-ba9a-551e97587d6d  ;411717a0-bffb-4671-973f-7575ebb8793d
EIN;21-7129715;4a905b02-97e2-4909-ba9a-551e97587d6d  ;a155a0d0-a3d2-41ea-8b7a-f4cf5bacecee
EIN;78-4608694;4a905b02-97e2-4909-ba9a-551e97587d6d  ;f41a10b2-f7d3-4191-b30a-95b787a2c2e8
EIN;13-2784545;4a905b02-97e2-4909-ba9a-551e97587d6d  ;a68b27de-6c6b-4525-9455-215c31d051e3
EIN;34-5309894;4a905b02-97e2-4909-ba9a-551e97587d6d  ;e6e923cc-dc27-4835-9ab8-ff62ec5f46e6
EIN;40-8546148;4a905b02-97e2-4909-ba9a-551e97587d6d  ;33c9151d-ca7a-460a-a0ca-c17aedac1d30
EIN;32-7086227;4a905b02-97e2-4909-ba9a-551e97587d6d  ;b960b085-9330-469a-bb7e-d3d568a050c9
EIN;58-2702447;4a905b02-97e2-4909-ba9a-551e97587d6d  ;b3d0102f-552b-41e2-9397-2ea653383303
EIN;42-8851981;4a905b02-97e2-4909-ba9a-551e97587d6d  ;79793eb9-ebb1-4481-97a7-279951b1cb93
EIN;26-1345809;4a905b02-97e2-4909-ba9a-551e97587d6d  ;52d761be-e608-4d76-aa58-6e32010f6a59
EIN;42-7442079;4a905b02-97e2-4909-ba9a-551e97587d6d  ;f6fc5a52-8276-4fd8-a5ad-0b91472ca2d9
EIN;68-1414338;4a905b02-97e2-4909-ba9a-551e97587d6d  ;f02bf921-1d5b-4a56-90a7-e1575cedec0a
EIN;86-6355053;4a905b02-97e2-4909-ba9a-551e97587d6d  ;8f7506ab-1927-4a49-af00-8feb6d8d3b98
EIN;28-9916019;4a905b02-97e2-4909-ba9a-551e97587d6d  ;3a90a6ee-b3f5-491e-be97-a0115dcf12c3
EIN;89-9192742;4a905b02-97e2-4909-ba9a-551e97587d6d  ;1abf4ad2-ed5b-4c61-bcd0-a94ea664dd96
EIN;93-4387468;4a905b02-97e2-4909-ba9a-551e97587d6d  ;137ba750-7bc9-4152-aa2e-dcc2b07d9218
EIN;98-7139965;4a905b02-97e2-4909-ba9a-551e97587d6d  ;ee5a302e-9cb7-45b9-a8df-0ae0e6267dcb
EIN;44-7430916;4a905b02-97e2-4909-ba9a-551e97587d6d  ;4af6b9e1-b57a-4cde-8ff5-84bf68ccf93a
EIN;94-2292657;4a905b02-97e2-4909-ba9a-551e97587d6d  ;2841d33a-c437-461a-9a4f-597bc38de96c
EIN;88-3574617;4a905b02-97e2-4909-ba9a-551e97587d6d  ;bc3af808-a990-4405-ad53-0a44b8f2b164
EIN;61-5300138;4a905b02-97e2-4909-ba9a-551e97587d6d  ;b1394109-f266-41f6-9cdd-21d8d8175535
EIN;20-6468879;4a905b02-97e2-4909-ba9a-551e97587d6d  ;d826e887-ca9f-415f-9406-8d7a249d566a
EIN;77-5189486;4a905b02-97e2-4909-ba9a-551e97587d6d  ;aa4b84ab-13fe-42a2-97ef-198dc2334967
EIN;84-5846553;4a905b02-97e2-4909-ba9a-551e97587d6d  ;89bbf9c3-e025-478c-83be-fcdf98ac6271
EIN;25-6320321;4a905b02-97e2-4909-ba9a-551e97587d6d  ;35ebafa1-a721-4064-98ce-c0c3eb08bdb5
EIN;25-5125341;4a905b02-97e2-4909-ba9a-551e97587d6d  ;796586eb-8d47-4fdf-ba31-61348007ca50
EIN;61-7870836;4a905b02-97e2-4909-ba9a-551e97587d6d  ;c02ee186-bed2-41c9-9f03-0edb30502907
EIN;97-9176046;4a905b02-97e2-4909-ba9a-551e97587d6d  ;69b9d33c-0b17-4d87-b840-e4f26c9f1608
EIN;21-3792250;4a905b02-97e2-4909-ba9a-551e97587d6d  ;d34c5003-e385-448a-b540-638d39913268
EIN;91-4869906;4a905b02-97e2-4909-ba9a-551e97587d6d  ;2ee90f75-ea9f-48d0-8bae-34863b71251a
EIN;66-6316350;4a905b02-97e2-4909-ba9a-551e97587d6d  ;53fa11c0-6e52-424b-a9ce-84c860dd2ef4
EIN;79-2791359;4a905b02-97e2-4909-ba9a-551e97587d6d  ;76c115a3-c565-4387-869b-6b089980fbe3
EIN;66-4679047;4a905b02-97e2-4909-ba9a-551e97587d6d  ;e0ca34bc-e0bd-43df-99bc-2f4d8dc82c0f
EIN;19-2114552;4a905b02-97e2-4909-ba9a-551e97587d6d  ;4adb2cec-3f84-4e20-9e77-37970a4285f7
EIN;98-9284174;4a905b02-97e2-4909-ba9a-551e97587d6d  ;dbe4c823-f6d0-40b3-9592-61470d601938
EIN;53-5850118;4a905b02-97e2-4909-ba9a-551e97587d6d  ;fefae51f-64d2-4f45-baf7-7180709bf4bc
EIN;92-1237867;4a905b02-97e2-4909-ba9a-551e97587d6d  ;99a1bec6-22c7-4f6f-a6f7-c9dfeb948083
EIN;81-4540742;4a905b02-97e2-4909-ba9a-551e97587d6d  ;235e8cde-0eb3-4655-ac58-5b1cb973c85d
EIN;28-4427139;4a905b02-97e2-4909-ba9a-551e97587d6d  ;82364022-73da-4bc7-95c1-7955c8514083
EIN;39-4029475;4a905b02-97e2-4909-ba9a-551e97587d6d  ;f64e89f0-e3f2-45f6-b97a-510ea80fadbd
EIN;40-7897710;4a905b02-97e2-4909-ba9a-551e97587d6d  ;b6499663-e868-4f50-ac55-006b276ff557
EIN;33-7464529;4a905b02-97e2-4909-ba9a-551e97587d6d  ;bb8d2938-21e3-471e-9e31-8841a9dc9e34
EIN;71-3749671;4a905b02-97e2-4909-ba9a-551e97587d6d  ;6454edc9-214a-40f1-a9c0-15ed50a2c989
EIN;26-4407951;4a905b02-97e2-4909-ba9a-551e97587d6d  ;292fcb48-bdc7-4dc9-8222-f5c20eb4dfb5
EIN;62-517365;4a905b02-97e2-4909-ba9a-551e97587d6d  ;fcc2848f-22ba-4b3f-bb6b-f16b2210f1a0
EIN;89-2894493;4a905b02-97e2-4909-ba9a-551e97587d6d  ;609f3af0-0b62-4935-a40a-50334ddb225d
EIN;27-2306934;4a905b02-97e2-4909-ba9a-551e97587d6d  ;9112cd83-02b6-4ed4-9ee2-5709c318935f
EIN;19-4808929;4a905b02-97e2-4909-ba9a-551e97587d6d  ;be215e0a-b7b4-451d-ad87-dc23596bb325
EIN;79-5120537;4a905b02-97e2-4909-ba9a-551e97587d6d  ;9b75753c-7cac-423a-b367-b65a7f6dac61
EIN;70-9151712;4a905b02-97e2-4909-ba9a-551e97587d6d  ;52f4effd-ca8f-47d1-96da-cb3baaff6fec
EIN;93-1637363;4a905b02-97e2-4909-ba9a-551e97587d6d  ;39f7f74e-fdb4-4e92-a47a-28783b70919f
EIN;80-4398310;4a905b02-97e2-4909-ba9a-551e97587d6d  ;3d1bbaf8-918a-4247-a721-1e6d142d5b24
EIN;33-3415361;4a905b02-97e2-4909-ba9a-551e97587d6d  ;52b9ab88-9ef3-47d5-b893-b70d04f75e1b
EIN;77-1334805;4a905b02-97e2-4909-ba9a-551e97587d6d  ;dc38d089-a740-43b4-a73b-9e16e105ba3d
EIN;50-9377953;4a905b02-97e2-4909-ba9a-551e97587d6d  ;39c0e8a4-e950-4b83-b86b-993913814111
EIN;25-6979886;4a905b02-97e2-4909-ba9a-551e97587d6d  ;671ecd21-fe2f-4787-b325-06d0f6fd60d6
EIN;24-1176647;4a905b02-97e2-4909-ba9a-551e97587d6d  ;522b7d7c-ed4d-4b32-9a90-17ba57fe2483
EIN;29-3809677;4a905b02-97e2-4909-ba9a-551e97587d6d  ;ef659e9f-bec4-4d9f-b4b8-475e7c89f7d3
EIN;16-4187669;4a905b02-97e2-4909-ba9a-551e97587d6d  ;e6af7caf-b9ae-484f-b3ce-8f7e3c624ae4
EIN;15-8770189;4a905b02-97e2-4909-ba9a-551e97587d6d  ;baff9f9c-3aa3-49ba-8293-66c0a44212b7
EIN;38-7096355;4a905b02-97e2-4909-ba9a-551e97587d6d  ;b75e703b-cf5d-4c1d-8948-086e5c9bf335
EIN;51-1413387;4a905b02-97e2-4909-ba9a-551e97587d6d  ;02057529-7cbd-4e91-b5be-6527e4f03d7c
EIN;32-3400851;4a905b02-97e2-4909-ba9a-551e97587d6d  ;0452d52b-e756-43a4-9640-74647f0ab854
EIN;70-7084541;4a905b02-97e2-4909-ba9a-551e97587d6d  ;acb742d9-7c8e-45fc-a22e-2cb6dba8e6d9
EIN;90-8042846;4a905b02-97e2-4909-ba9a-551e97587d6d  ;a551de16-9a0a-4225-bf22-e0cf777257b2
EIN;30-4213516;4a905b02-97e2-4909-ba9a-551e97587d6d  ;ce7cfe90-c5dc-4a38-a7dd-1643cb746683
EIN;31-9976219;4a905b02-97e2-4909-ba9a-551e97587d6d  ;d61b85f9-b498-4e35-b68f-fa157946e820
EIN;56-8017151;4a905b02-97e2-4909-ba9a-551e97587d6d  ;a5f246b1-1b80-4434-89af-e4d257f8a15a
EIN;22-8687508;4a905b02-97e2-4909-ba9a-551e97587d6d  ;fdf445e5-2a12-452d-bcb5-2a356580db2c
EIN;12-4241207;4a905b02-97e2-4909-ba9a-551e97587d6d  ;821c3d09-db86-4e07-91a1-b278c659d00e
EIN;56-8417657;4a905b02-97e2-4909-ba9a-551e97587d6d  ;978ac647-cb5b-4335-9a9a-30fa29a73f32
EIN;42-1870960;4a905b02-97e2-4909-ba9a-551e97587d6d  ;564328b4-b07e-4949-9b26-43d68ab56121
EIN;18-3584446;4a905b02-97e2-4909-ba9a-551e97587d6d  ;a4ff8b32-8189-443f-a961-63d42232d8d6
EIN;63-1701021;4a905b02-97e2-4909-ba9a-551e97587d6d  ;6bda5f5d-905d-428e-8f51-b9a17d195af1
EIN;35-7659279;4a905b02-97e2-4909-ba9a-551e97587d6d  ;229cac64-a230-468b-aa98-651da2e8d35c
EIN;67-2143516;4a905b02-97e2-4909-ba9a-551e97587d6d  ;83b8d232-e884-4346-bb52-3a6a825ad7ad
EIN;72-7188483;4a905b02-97e2-4909-ba9a-551e97587d6d  ;1efd6cd9-abb7-46d5-b0ab-3c0253ecaadc
EIN;16-6456719;4a905b02-97e2-4909-ba9a-551e97587d6d  ;986a0fc9-202a-45e9-9dc5-e9d1fea5baa4
EIN;33-5490774;4a905b02-97e2-4909-ba9a-551e97587d6d  ;9e4bcaad-17e6-4ade-ae68-d1ca73d4167e
EIN;57-7997474;4a905b02-97e2-4909-ba9a-551e97587d6d  ;a8194ba8-1ae8-44e6-908d-7443d9bf970c
EIN;21-7204705;4a905b02-97e2-4909-ba9a-551e97587d6d  ;e2011bb5-2dc7-4929-92e1-0e369c25dd7a
EIN;93-7961669;4a905b02-97e2-4909-ba9a-551e97587d6d  ;095c702e-13fe-444f-8ac5-cf92f95bc776
EIN;72-4390842;4a905b02-97e2-4909-ba9a-551e97587d6d  ;6ba3c721-af7f-44fd-bcc3-84abace05d3f
EIN;70-3659477;4a905b02-97e2-4909-ba9a-551e97587d6d  ;7680f8e2-0d64-421d-9388-068873e0d7a6
EIN;33-8807846;4a905b02-97e2-4909-ba9a-551e97587d6d  ;bcb6f6b9-d1ce-4aaa-a514-c4a936a4ca06
EIN;17-5817163;4a905b02-97e2-4909-ba9a-551e97587d6d  ;999f1ad7-8363-4d14-bf4b-bb6347c6f7f6
EIN;40-3497414;4a905b02-97e2-4909-ba9a-551e97587d6d  ;97fe029d-484f-413e-9673-7513e140ee46
EIN;45-1259697;4a905b02-97e2-4909-ba9a-551e97587d6d  ;e09ff134-e6d2-4669-a189-cce4cf71d374
EIN;81-5391566;4a905b02-97e2-4909-ba9a-551e97587d6d  ;e21fb0a6-31d7-49ba-98c2-44460853ff9e
EIN;18-6096993;4a905b02-97e2-4909-ba9a-551e97587d6d  ;61752067-988c-40b9-b19b-21cf7b2bf475
EIN;85-2149701;4a905b02-97e2-4909-ba9a-551e97587d6d  ;69e494fc-6d12-4390-8a45-241d29dcf51a
EIN;75-2933152;4a905b02-97e2-4909-ba9a-551e97587d6d  ;7111e842-d42e-40dc-907c-779b0fd334a7
EIN;84-7955677;4a905b02-97e2-4909-ba9a-551e97587d6d  ;dbaf4fa7-cadb-43a4-a668-bab4b6e38784
EIN;78-6100913;4a905b02-97e2-4909-ba9a-551e97587d6d  ;7ef479b2-32eb-4c54-8461-c76577acfdd9
EIN;50-5765286;4a905b02-97e2-4909-ba9a-551e97587d6d  ;11e817ff-cf3a-4660-9294-10b6e80fa311
EIN;79-6992009;4a905b02-97e2-4909-ba9a-551e97587d6d  ;dbfa60ab-aabb-46e1-b7d4-3a41c6806705
EIN;76-4322356;4a905b02-97e2-4909-ba9a-551e97587d6d  ;1c8f1df9-f43e-4520-81bb-9d6632cc66ff
EIN;82-7170089;4a905b02-97e2-4909-ba9a-551e97587d6d  ;2816e6cf-d033-43b3-8b1a-a5ef9ef09e6e
EIN;84-2881598;4a905b02-97e2-4909-ba9a-551e97587d6d  ;cc7152b5-8326-4602-9a95-06153d6f5792
EIN;45-1276009;4a905b02-97e2-4909-ba9a-551e97587d6d  ;b32d930d-1956-441b-bf83-a5e18b5e23fc
EIN;88-6490692;4a905b02-97e2-4909-ba9a-551e97587d6d  ;705642bf-486c-4a61-8adb-d23d4ac02518
EIN;83-4038393;4a905b02-97e2-4909-ba9a-551e97587d6d  ;b8458d43-cf00-41dc-98b6-bdf6898cc055
EIN;77-6776081;4a905b02-97e2-4909-ba9a-551e97587d6d  ;c93e5286-a8f7-468b-a68f-d8e2c5472c37
EIN;26-8757361;4a905b02-97e2-4909-ba9a-551e97587d6d  ;00965267-938d-4e80-bf20-cd54719e829d
EIN;36-6204432;4a905b02-97e2-4909-ba9a-551e97587d6d  ;26dc3751-56af-47c2-b8a9-69ee27f0ade2
EIN;79-9092398;4a905b02-97e2-4909-ba9a-551e97587d6d  ;8f19993b-bc00-4636-8b62-ddab7570976a
EIN;43-4789660;4a905b02-97e2-4909-ba9a-551e97587d6d  ;4392bb04-345a-4242-ac27-85c415eca61e
EIN;66-5749324;4a905b02-97e2-4909-ba9a-551e97587d6d  ;cd919eb9-b0f0-48d7-a1b5-0b9fb9e61b34
EIN;16-3991823;4a905b02-97e2-4909-ba9a-551e97587d6d  ;a82d2353-84be-416d-8621-9fb182c99d89
EIN;72-3254990;4a905b02-97e2-4909-ba9a-551e97587d6d  ;ba8b508e-e971-4de7-9c7e-bca32c7572a0
EIN;13-7408494;4a905b02-97e2-4909-ba9a-551e97587d6d  ;a9b5f6c7-dcbe-41a1-a3c5-f06944c22801
EIN;97-6489775;4a905b02-97e2-4909-ba9a-551e97587d6d  ;4f5d75a0-07da-4b53-8b81-3c9aa5ff7d7a
EIN;28-3117476;4a905b02-97e2-4909-ba9a-551e97587d6d  ;20149e4d-25fa-4977-a7bb-a2f4570372c6
EIN;41-6540139;4a905b02-97e2-4909-ba9a-551e97587d6d  ;eeb7bc8d-3e39-4bf3-94f7-0742ecacf1a7
EIN;53-2304366;4a905b02-97e2-4909-ba9a-551e97587d6d  ;8b7fd6a4-fc87-4ba3-a676-9e697ab35f34
EIN;89-3490253;4a905b02-97e2-4909-ba9a-551e97587d6d  ;0a947f2e-9c6e-4c6c-b302-ab0baa65e485
EIN;58-4110811;4a905b02-97e2-4909-ba9a-551e97587d6d  ;b14f4d48-c0b6-44df-811e-2f59eecdb67f
EIN;45-9612284;4a905b02-97e2-4909-ba9a-551e97587d6d  ;d90c468e-a388-43f2-bf64-42e28b6070e0
EIN;46-1674196;4a905b02-97e2-4909-ba9a-551e97587d6d  ;30abb51b-0c93-44a1-9221-86381490ed28
EIN;35-4248087;4a905b02-97e2-4909-ba9a-551e97587d6d  ;3a1aaaa3-3ba9-4c2a-b598-d338ba9a56aa
EIN;85-9938606;4a905b02-97e2-4909-ba9a-551e97587d6d  ;5e87cbc2-e63c-4440-8e1b-cb359f91af9e
EIN;64-1132747;4a905b02-97e2-4909-ba9a-551e97587d6d  ;4ff781e8-a03c-420e-879c-54de23769c3a
EIN;12-5048895;4a905b02-97e2-4909-ba9a-551e97587d6d  ;24189a3a-bd34-40e0-a954-c94433fe8d9b
EIN;61-8172317;4a905b02-97e2-4909-ba9a-551e97587d6d  ;9618b520-b242-47b1-8f69-fd21137bd417
EIN;10-1613727;4a905b02-97e2-4909-ba9a-551e97587d6d  ;5e2525a2-4adb-42fb-bbf4-226bc0b8c328
EIN;32-5708821;4a905b02-97e2-4909-ba9a-551e97587d6d  ;d706ad57-c2f7-48fe-ba09-3309e5ab4386
EIN;79-6909536;4a905b02-97e2-4909-ba9a-551e97587d6d  ;1135b33e-7c45-420a-8db8-38c7055fec05
EIN;96-1001627;4a905b02-97e2-4909-ba9a-551e97587d6d  ;4fed3042-464b-4995-b71c-fe94d2b9845f
EIN;56-9448359;4a905b02-97e2-4909-ba9a-551e97587d6d  ;d93f94e1-1304-424a-aa31-4994a88ecd36
EIN;39-2291075;4a905b02-97e2-4909-ba9a-551e97587d6d  ;20af00a5-9dda-443b-99e1-e6b3f085c8fd
EIN;82-9247886;4a905b02-97e2-4909-ba9a-551e97587d6d  ;95a95da8-abbc-4b43-ac40-07a121a23aa7
EIN;69-5637460;4a905b02-97e2-4909-ba9a-551e97587d6d  ;e3ff0859-8367-4fe0-a52f-7147f72d6d58
EIN;41-4455419;4a905b02-97e2-4909-ba9a-551e97587d6d  ;0716815e-2c11-470f-8e08-53178b99c4f3
EIN;54-8116264;4a905b02-97e2-4909-ba9a-551e97587d6d  ;11c0fcf6-ab49-4f17-bf91-e418a8bffef3
EIN;57-4567450;4a905b02-97e2-4909-ba9a-551e97587d6d  ;fd88f34a-0f6c-419b-95f9-d2b40139884e
EIN;77-288103;4a905b02-97e2-4909-ba9a-551e97587d6d  ;ed4a2f31-a9e2-49ef-b2b1-9a9fdb4e1acd
EIN;95-2098387;4a905b02-97e2-4909-ba9a-551e97587d6d  ;6125767d-0134-46bf-9a57-b32923807c42
EIN;52-9572465;4a905b02-97e2-4909-ba9a-551e97587d6d  ;b250809b-cd22-4788-9163-9a5a3e81a7a1
EIN;20-6819514;4a905b02-97e2-4909-ba9a-551e97587d6d  ;991292dd-ef8d-4801-90ac-19270d607073
EIN;80-6734598;4a905b02-97e2-4909-ba9a-551e97587d6d  ;b8319ac1-5d64-44f7-a56c-24036c54087f
EIN;64-9262504;4a905b02-97e2-4909-ba9a-551e97587d6d  ;98e71f28-cdc8-4615-97ce-9a15e98d79b3
EIN;40-7954903;4a905b02-97e2-4909-ba9a-551e97587d6d  ;70f8b4b6-76e3-41c0-b125-d6da99f66edd
EIN;22-6400883;4a905b02-97e2-4909-ba9a-551e97587d6d  ;63b07224-1027-4a33-810d-209c122d39e5
EIN;87-1425365;4a905b02-97e2-4909-ba9a-551e97587d6d  ;4d438db8-3101-4857-a5aa-3694df7417cb
EIN;65-4183791;4a905b02-97e2-4909-ba9a-551e97587d6d  ;18131cf3-2c35-4f47-909c-24644e6d2a3b
EIN;92-1602967;4a905b02-97e2-4909-ba9a-551e97587d6d  ;6c6da59b-1276-4281-b6f8-f12bacae2e2c
EIN;32-4110773;4a905b02-97e2-4909-ba9a-551e97587d6d  ;5953c1b9-256f-420b-9e6e-e9954e4d77d9
EIN;83-4494865;4a905b02-97e2-4909-ba9a-551e97587d6d  ;586cd4ec-37d1-4d04-8c3b-ff7973e0cd55
EIN;13-3284502;4a905b02-97e2-4909-ba9a-551e97587d6d  ;8309ab92-4f4e-4f8f-ae98-2e1b37d56fc2
EIN;80-3237098;4a905b02-97e2-4909-ba9a-551e97587d6d  ;521b4d2d-e864-4408-a7b6-549dbd446b6b
EIN;79-3665103;4a905b02-97e2-4909-ba9a-551e97587d6d  ;c468b253-864d-4a2f-9199-133830e6fdf1
EIN;94-5509765;4a905b02-97e2-4909-ba9a-551e97587d6d  ;197b9327-9d8f-4b12-b65d-05bc8ca121a8
EIN;76-7288255;4a905b02-97e2-4909-ba9a-551e97587d6d  ;d592b47f-d6e7-45d3-a82e-0e35aaba1856
EIN;67-7014145;4a905b02-97e2-4909-ba9a-551e97587d6d  ;29165797-7f9a-4976-ac16-134e64acbab5
EIN;68-2578440;4a905b02-97e2-4909-ba9a-551e97587d6d  ;f43b9ce3-ec91-4689-a853-50291a5edd72
EIN;49-6630051;4a905b02-97e2-4909-ba9a-551e97587d6d  ;7e6f2710-a645-43b1-80c1-a1e29a04f172
EIN;32-4420900;4a905b02-97e2-4909-ba9a-551e97587d6d  ;5870a5cd-4b1f-4662-bed2-0719f142b6c8
EIN;12-4107586;4a905b02-97e2-4909-ba9a-551e97587d6d  ;23728128-0cf2-4feb-8e8f-e383af852e66
EIN;34-1013246;4a905b02-97e2-4909-ba9a-551e97587d6d  ;46ca8c71-a455-4653-8601-80e3b32c817d
EIN;51-3112309;4a905b02-97e2-4909-ba9a-551e97587d6d  ;aba3ee5b-274a-4373-b3b8-58d95684ba32
EIN;92-6610170;4a905b02-97e2-4909-ba9a-551e97587d6d  ;db370f48-17f5-462d-8780-9c6afb143104
EIN;26-7153680;4a905b02-97e2-4909-ba9a-551e97587d6d  ;e8b92fe1-5411-4e37-9ac9-a2da5f72db2c
EIN;34-9047459;4a905b02-97e2-4909-ba9a-551e97587d6d  ;d89233ec-6d7f-412f-aaab-718612fb1fb1
EIN;57-1967679;4a905b02-97e2-4909-ba9a-551e97587d6d  ;d217e6b6-3afa-434c-8580-37eaf0db49a4
EIN;31-5388251;4a905b02-97e2-4909-ba9a-551e97587d6d  ;70885272-86f2-41fd-9f85-70080eca0c46
EIN;61-5752351;4a905b02-97e2-4909-ba9a-551e97587d6d  ;9e707bb7-61d5-426b-a6a6-4e1e6c76579a
EIN;33-2212274;4a905b02-97e2-4909-ba9a-551e97587d6d  ;6280268c-a4ee-40c8-bc73-9535d8c0a418
EIN;12-6651900;4a905b02-97e2-4909-ba9a-551e97587d6d  ;d2308917-c5c9-4f2e-84c0-a8331999333e
EIN;35-8176360;4a905b02-97e2-4909-ba9a-551e97587d6d  ;8bcac8b3-3e9e-4d89-8142-9a54ce301d59
EIN;90-4653447;4a905b02-97e2-4909-ba9a-551e97587d6d  ;92d72473-b848-47e1-bb67-d8686276efb8
EIN;20-4714604;4a905b02-97e2-4909-ba9a-551e97587d6d  ;5a8f3ef4-c03e-4891-b596-a97879420878
EIN;12-8066641;4a905b02-97e2-4909-ba9a-551e97587d6d  ;a3e0fd75-31df-45b6-9399-672dd1b07b47
EIN;85-7505277;4a905b02-97e2-4909-ba9a-551e97587d6d  ;ea4b5ec5-720c-472a-9c05-4a1c7973869f
EIN;56-3649654;4a905b02-97e2-4909-ba9a-551e97587d6d  ;6024f10c-5b4e-4d30-9adb-7c73e037b8c1
EIN;88-1817197;4a905b02-97e2-4909-ba9a-551e97587d6d  ;b9000758-1931-4773-be80-9ad762505f81
EIN;54-4892775;4a905b02-97e2-4909-ba9a-551e97587d6d  ;2beaa071-6055-4729-b71b-b861f2eff84d
EIN;32-1846925;4a905b02-97e2-4909-ba9a-551e97587d6d  ;505c7771-e674-4d0c-a0d2-a2922cefd5f5
EIN;82-9065809;4a905b02-97e2-4909-ba9a-551e97587d6d  ;9ceaf3c8-db5a-410e-9938-27cbb3ed949d
EIN;36-3233516;4a905b02-97e2-4909-ba9a-551e97587d6d  ;eafb01a3-a52f-4889-89da-8c1e8137aad4
EIN;93-6364562;4a905b02-97e2-4909-ba9a-551e97587d6d  ;d7098b6d-0ead-4bd4-bc0f-86f4787440da
EIN;46-8777257;4a905b02-97e2-4909-ba9a-551e97587d6d  ;940304ef-b04b-40ce-969f-4b5e2e1d89c0
EIN;13-2430256;4a905b02-97e2-4909-ba9a-551e97587d6d  ;5eb467aa-8597-406b-8af1-54cfb0eeb41c
EIN;58-1542530;4a905b02-97e2-4909-ba9a-551e97587d6d  ;66cc2e7b-abdf-47e4-9583-ee658141c902
EIN;96-9402871;4a905b02-97e2-4909-ba9a-551e97587d6d  ;ed8a4cb6-58ee-4f52-a50c-df39a6508241
EIN;31-5040508;4a905b02-97e2-4909-ba9a-551e97587d6d  ;e8360e6b-8e74-461d-905b-347f231c077a
EIN;67-6134477;4a905b02-97e2-4909-ba9a-551e97587d6d  ;072d41cb-d75a-446a-b75b-6c8045c77c45
EIN;18-9449213;4a905b02-97e2-4909-ba9a-551e97587d6d  ;468f15a1-99f4-4d0e-8be1-e3ca94eefae5
EIN;79-8367922;4a905b02-97e2-4909-ba9a-551e97587d6d  ;c4043b7b-8ca1-4bea-aafb-96d353cfeb2d
EIN;65-9785671;4a905b02-97e2-4909-ba9a-551e97587d6d  ;73dca128-3cfc-40df-a2b2-ec6a06d189bc
EIN;77-3657423;4a905b02-97e2-4909-ba9a-551e97587d6d  ;bf077ab4-2b9a-4258-88fc-339c5dce4abc
EIN;81-1711731;4a905b02-97e2-4909-ba9a-551e97587d6d  ;fc08945a-c53f-4d1d-8549-768bd646df49
EIN;96-1399693;4a905b02-97e2-4909-ba9a-551e97587d6d  ;5d38f69a-4220-48a4-830d-4400237ac1bf
EIN;25-4747335;4a905b02-97e2-4909-ba9a-551e97587d6d  ;6aed444d-9d9a-495b-a538-ae5ac11db12a
EIN;37-6767926;4a905b02-97e2-4909-ba9a-551e97587d6d  ;95c29b47-1203-4dd8-9010-fdc297063198
EIN;80-3173536;4a905b02-97e2-4909-ba9a-551e97587d6d  ;abd765ad-8422-49ea-a41d-b7111380d472
EIN;96-8123763;4a905b02-97e2-4909-ba9a-551e97587d6d  ;89018fd1-3323-41dc-bdfa-2606942d49e2
EIN;57-3235335;4a905b02-97e2-4909-ba9a-551e97587d6d  ;72baeeb2-a279-4cda-9d33-741ef2f48a4d
EIN;36-6558242;4a905b02-97e2-4909-ba9a-551e97587d6d  ;5514c469-78b1-4781-99e9-252d5de659c7
EIN;93-8278320;4a905b02-97e2-4909-ba9a-551e97587d6d  ;f0a718a2-88cc-4575-82a6-db6241f8c1ca
EIN;91-4253259;4a905b02-97e2-4909-ba9a-551e97587d6d  ;32142e87-3a6e-46f8-a3e9-8c9cf9c34553
EIN;89-4114289;4a905b02-97e2-4909-ba9a-551e97587d6d  ;67f45c7a-7003-4cf8-aa9e-e33f4a173fed
EIN;61-6703089;4a905b02-97e2-4909-ba9a-551e97587d6d  ;4a9b1c82-2c8c-4719-bd1c-d6e008e028c6
EIN;77-9543145;4a905b02-97e2-4909-ba9a-551e97587d6d  ;fc3a7302-f13a-406e-a362-4e014abf5ae2
EIN;50-5734872;4a905b02-97e2-4909-ba9a-551e97587d6d  ;62c74032-6c29-4026-aa92-de4fc92391b7
EIN;97-6508068;4a905b02-97e2-4909-ba9a-551e97587d6d  ;7e952c21-77a8-4373-9de9-31b7216d9235
EIN;25-2836816;4a905b02-97e2-4909-ba9a-551e97587d6d  ;56a9fe37-9500-48aa-b569-40444b3f7b97
EIN;14-9596364;4a905b02-97e2-4909-ba9a-551e97587d6d  ;4e658ec3-6ea3-4933-802c-2346394c1475
EIN;12-3316359;4a905b02-97e2-4909-ba9a-551e97587d6d  ;19dc7dcd-b332-4259-9579-4fde313a819e
EIN;14-6725148;4a905b02-97e2-4909-ba9a-551e97587d6d  ;8f400a82-484b-4249-8384-fc8c40e6bb37
EIN;53-3545838;4a905b02-97e2-4909-ba9a-551e97587d6d  ;5fd32ca1-0561-4c33-b277-94f4c5b6cc5f
EIN;11-1642366;4a905b02-97e2-4909-ba9a-551e97587d6d  ;feccbcb5-8e78-47ec-9eb3-d4a2d80ab58d
EIN;55-9867294;4a905b02-97e2-4909-ba9a-551e97587d6d  ;beaee437-72ca-418f-ac7c-01275ab7623b
EIN;87-2812116;4a905b02-97e2-4909-ba9a-551e97587d6d  ;8490e0a8-e7bf-4bf8-938b-0c5ef36c989b
EIN;90-2366480;4a905b02-97e2-4909-ba9a-551e97587d6d  ;d06ef03f-ba96-4a93-b389-8d99808ceb09
EIN;70-6102594;4a905b02-97e2-4909-ba9a-551e97587d6d  ;3a516eec-af44-4c69-8475-5152709f4ccc
EIN;22-6974588;4a905b02-97e2-4909-ba9a-551e97587d6d  ;cbc20106-f822-4e9b-9470-2a36687620fb
EIN;65-6985511;4a905b02-97e2-4909-ba9a-551e97587d6d  ;3116bafe-e1f1-4f68-aeda-af2bc097c3e0
EIN;36-4107627;4a905b02-97e2-4909-ba9a-551e97587d6d  ;e4849464-cd14-4bc3-813a-e23803a7929f
EIN;13-7439547;4a905b02-97e2-4909-ba9a-551e97587d6d  ;edb0e882-abbe-4d0c-8f02-63aa65ed8ac0
EIN;92-3898072;4a905b02-97e2-4909-ba9a-551e97587d6d  ;c886f518-5426-4352-a19c-b3c7baf80fac
EIN;27-9565367;4a905b02-97e2-4909-ba9a-551e97587d6d  ;1e5f71db-dc2f-4889-8d54-8072a9193290
EIN;15-4527647;4a905b02-97e2-4909-ba9a-551e97587d6d  ;9233b960-14ff-4ffa-ba2f-ca361e750df6
EIN;90-9258783;4a905b02-97e2-4909-ba9a-551e97587d6d  ;c813ef27-4c7a-4f6d-97ce-2bfc1d374473
EIN;12-6918731;4a905b02-97e2-4909-ba9a-551e97587d6d  ;4a82249f-fa1b-4404-8192-db10ad5e69fe
EIN;11-7173411;4a905b02-97e2-4909-ba9a-551e97587d6d  ;d719fd37-ff63-49df-9be2-11acbbd7a871
EIN;73-3386061;4a905b02-97e2-4909-ba9a-551e97587d6d  ;413e7c9c-319e-47ef-abbf-c1f6e01a78d5
EIN;76-1820467;4a905b02-97e2-4909-ba9a-551e97587d6d  ;77cc31bf-d755-4b00-8144-29729e9dceaf
EIN;10-1730377;4a905b02-97e2-4909-ba9a-551e97587d6d  ;f2b4f18b-340d-44c3-bdea-0a783af2406e
EIN;18-8148344;4a905b02-97e2-4909-ba9a-551e97587d6d  ;f7dc9d53-b98b-4163-b796-8b8c91ac5afd
EIN;39-8584002;4a905b02-97e2-4909-ba9a-551e97587d6d  ;fdb6de27-44b6-4264-bf61-35572cdb00f5
EIN;94-4886993;4a905b02-97e2-4909-ba9a-551e97587d6d  ;e7cae831-630c-45dd-a071-5901ff745db4
EIN;28-4115956;4a905b02-97e2-4909-ba9a-551e97587d6d  ;98ac1366-cd4e-4595-9fc3-65516bb77ff1
EIN;43-5675210;4a905b02-97e2-4909-ba9a-551e97587d6d  ;38c49b2d-a1c2-4e98-8fe9-550507f09c75
EIN;24-2870926;4a905b02-97e2-4909-ba9a-551e97587d6d  ;0d25e4f3-1a9d-4f80-8d79-0c513d3a1e97
EIN;21-5696015;4a905b02-97e2-4909-ba9a-551e97587d6d  ;65c0d016-ba40-4970-883e-4492a9b6317a
EIN;50-3250509;4a905b02-97e2-4909-ba9a-551e97587d6d  ;6bdb9901-df2b-4efd-88bf-21d1f57ead93
EIN;84-5244838;4a905b02-97e2-4909-ba9a-551e97587d6d  ;d7ced125-ea0c-47f3-ad26-3c0255058581
EIN;87-6245101;4a905b02-97e2-4909-ba9a-551e97587d6d  ;8d70e3bf-b603-4c38-9d9a-b66e1df13e8b
EIN;22-2290747;4a905b02-97e2-4909-ba9a-551e97587d6d  ;c4c72fae-54ee-4407-93c5-340d8db5d8d9
EIN;94-5607259;4a905b02-97e2-4909-ba9a-551e97587d6d  ;4eeb0d13-ffb3-4838-8692-e1655579061d
EIN;87-5182465;4a905b02-97e2-4909-ba9a-551e97587d6d  ;55bbbb5b-f132-4fab-ad47-c4be78308502
EIN;14-9929537;4a905b02-97e2-4909-ba9a-551e97587d6d  ;4e53516b-19fa-435f-97be-82cc5921e26f
EIN;58-1463810;4a905b02-97e2-4909-ba9a-551e97587d6d  ;1621239e-edc2-488f-a74e-5474791bd8db
EIN;79-2693526;4a905b02-97e2-4909-ba9a-551e97587d6d  ;6aaccc99-53b8-44f2-bd2f-513496342505
EIN;49-8953759;4a905b02-97e2-4909-ba9a-551e97587d6d  ;81c2d770-dd09-4c2b-83d3-7a4eb9444bad
EIN;40-2048824;4a905b02-97e2-4909-ba9a-551e97587d6d  ;ab2d5848-247d-4f56-96ea-a00aa04ac7e3
EIN;60-9970366;4a905b02-97e2-4909-ba9a-551e97587d6d  ;912175e1-c3bb-4bb0-a8a1-b115f5cb69c5
EIN;21-6100297;4a905b02-97e2-4909-ba9a-551e97587d6d  ;5ff01018-6cfc-4192-b3ab-e84271ded4d9
EIN;84-6211301;4a905b02-97e2-4909-ba9a-551e97587d6d  ;88b4dd42-6bd2-4490-a669-9e0790a07f19
EIN;13-5980619;4a905b02-97e2-4909-ba9a-551e97587d6d  ;0eeeb9fe-8a4f-40fd-9980-9edd1fa725aa
EIN;81-7908058;4a905b02-97e2-4909-ba9a-551e97587d6d  ;4bd905b5-2024-4c36-8713-9014315c487c
EIN;39-2600704;4a905b02-97e2-4909-ba9a-551e97587d6d  ;4060458f-0f42-403b-be27-ed45f2d93d11
EIN;92-7922204;4a905b02-97e2-4909-ba9a-551e97587d6d  ;e9f89b07-b0f3-428e-8324-eaaf1f0b1aef
EIN;98-7923259;4a905b02-97e2-4909-ba9a-551e97587d6d  ;4918acb5-a077-42df-8b2a-257c5fb125ca
EIN;56-6407363;4a905b02-97e2-4909-ba9a-551e97587d6d  ;a740b482-d1c8-46b5-9922-e0ca93959434
EIN;68-9150513;4a905b02-97e2-4909-ba9a-551e97587d6d  ;414312b6-d2b1-4cc6-bffe-1a2eed118999
EIN;83-2043218;4a905b02-97e2-4909-ba9a-551e97587d6d  ;670d9878-a0e9-49bf-a3f7-6cf1f7b8eaa8
EIN;91-9046316;4a905b02-97e2-4909-ba9a-551e97587d6d  ;086b2f65-59f5-467c-be22-de9c34c42890
EIN;79-9136668;4a905b02-97e2-4909-ba9a-551e97587d6d  ;8520f97d-7634-43ac-b5b6-aaea652a0112
EIN;65-3593331;4a905b02-97e2-4909-ba9a-551e97587d6d  ;4b80d6d4-915f-4cb3-85c1-a9357194b114
EIN;41-9834434;4a905b02-97e2-4909-ba9a-551e97587d6d  ;b6f6482d-bd1d-47fd-8338-64a8cb311e32
EIN;71-7782686;4a905b02-97e2-4909-ba9a-551e97587d6d  ;6ce14e2c-a9c5-4516-8822-caa47b4cd4b8
EIN;56-2507876;4a905b02-97e2-4909-ba9a-551e97587d6d  ;87fae318-c628-45a9-8811-20acee4fe426
EIN;84-3322647;4a905b02-97e2-4909-ba9a-551e97587d6d  ;6b0fac7e-3603-4cce-8372-cef168722316
EIN;62-4954167;4a905b02-97e2-4909-ba9a-551e97587d6d  ;a3194907-0147-4c36-9812-af618e27ffa3
EIN;60-3924421;4a905b02-97e2-4909-ba9a-551e97587d6d  ;f0131ab7-f46a-47ab-b89b-73416e20d008
EIN;56-5247782;4a905b02-97e2-4909-ba9a-551e97587d6d  ;6bb19f10-5e68-4145-bad3-48866fa23ab7
EIN;30-4967982;4a905b02-97e2-4909-ba9a-551e97587d6d  ;b8a68785-7cd4-492a-b8f3-e44f70049890
EIN;58-6404918;4a905b02-97e2-4909-ba9a-551e97587d6d  ;8ca4577d-87e9-4899-9ac8-1679e1fc5bfe
EIN;40-5544615;4a905b02-97e2-4909-ba9a-551e97587d6d  ;9b38b32e-ce5d-49c6-9bef-dba3aa406f89
EIN;17-7003543;4a905b02-97e2-4909-ba9a-551e97587d6d  ;37965233-d49f-4e9b-ba6d-00ccc26fc459
EIN;19-2609561;4a905b02-97e2-4909-ba9a-551e97587d6d  ;7010ad0d-0d75-49a6-b922-cbcd6a7f31d7
EIN;89-3104835;4a905b02-97e2-4909-ba9a-551e97587d6d  ;c5b858a6-c887-4b9c-b242-24a585535b86
EIN;92-9778478;4a905b02-97e2-4909-ba9a-551e97587d6d  ;a692378a-2b40-4390-9d39-8ea648dc56da
EIN;75-4666111;4a905b02-97e2-4909-ba9a-551e97587d6d  ;76c10643-40e1-4557-9606-8e9065d06eab
EIN;63-1848379;4a905b02-97e2-4909-ba9a-551e97587d6d  ;74d3d2ea-fcfc-4126-8e3e-167933d200f5
EIN;85-9546259;4a905b02-97e2-4909-ba9a-551e97587d6d  ;5d8be2f1-f559-443d-babe-8045fe2583a6
EIN;43-7409677;4a905b02-97e2-4909-ba9a-551e97587d6d  ;091bad68-2c5b-4fad-83be-3978931fe0bf
EIN;31-6934923;4a905b02-97e2-4909-ba9a-551e97587d6d  ;2164d67c-9840-47ea-b942-c91a58a3bba6
EIN;95-9084399;4a905b02-97e2-4909-ba9a-551e97587d6d  ;9d27b4de-8e1a-42a6-bfba-9cbee11eb855
EIN;62-5111824;4a905b02-97e2-4909-ba9a-551e97587d6d  ;afaca27e-e2a8-4e66-9468-677b04e6b03d
EIN;55-1892497;4a905b02-97e2-4909-ba9a-551e97587d6d  ;01d5e40e-2835-4c3b-923c-b32132f54c9c
EIN;23-7773430;4a905b02-97e2-4909-ba9a-551e97587d6d  ;f66ad846-c0c7-43a0-af76-ab1a2bc4f123
EIN;69-7202895;4a905b02-97e2-4909-ba9a-551e97587d6d  ;d4e58d00-9411-46f5-8aec-506c865d835f
EIN;77-4619419;4a905b02-97e2-4909-ba9a-551e97587d6d  ;76bb998b-b3de-4819-953c-05e2fca64610
EIN;45-8298791;4a905b02-97e2-4909-ba9a-551e97587d6d  ;4137cfce-51a9-4757-9d45-4ce41c4e9d6d
EIN;32-8946160;4a905b02-97e2-4909-ba9a-551e97587d6d  ;0ed4c553-1226-4c46-814b-6e514f84b638
EIN;45-1179432;4a905b02-97e2-4909-ba9a-551e97587d6d  ;9f20d301-8aff-468c-8025-dad2f8c0c408
EIN;20-7874614;4a905b02-97e2-4909-ba9a-551e97587d6d  ;6ad63175-79b5-453a-81df-93c45f2909d7
EIN;12-9626244;4a905b02-97e2-4909-ba9a-551e97587d6d  ;834bf31d-a670-429b-83a5-50ea8e666c18
EIN;30-7569193;4a905b02-97e2-4909-ba9a-551e97587d6d  ;97f24c88-f795-4bd5-ab6e-ed7cc27b57f3
EIN;64-7832332;4a905b02-97e2-4909-ba9a-551e97587d6d  ;f1cae3e9-340c-41de-9bcf-6e7f5579bd43
EIN;76-5062768;4a905b02-97e2-4909-ba9a-551e97587d6d  ;939d6f2b-8d22-4793-ad24-6b18d3752c98
EIN;47-8009356;4a905b02-97e2-4909-ba9a-551e97587d6d  ;12f1451c-c73c-4af9-97ca-823cd9926814
EIN;95-6698361;4a905b02-97e2-4909-ba9a-551e97587d6d  ;2879661f-c7ea-4ec2-ac0f-6c676e51402a
EIN;47-8818259;4a905b02-97e2-4909-ba9a-551e97587d6d  ;ad998622-d891-402a-84eb-b71738995440
EIN;38-8511698;4a905b02-97e2-4909-ba9a-551e97587d6d  ;0dab3989-a34b-460b-9d22-0587fe335840
EIN;22-4626805;4a905b02-97e2-4909-ba9a-551e97587d6d  ;33016193-0ac3-4e3b-8015-1ea2d4be7aad
EIN;16-7172847;4a905b02-97e2-4909-ba9a-551e97587d6d  ;69932e11-dbcd-431a-a972-e275c62e5f5c
EIN;48-1717561;4a905b02-97e2-4909-ba9a-551e97587d6d  ;3f5ad346-d400-4841-a2cf-26fe49d83d06
EIN;15-1363889;4a905b02-97e2-4909-ba9a-551e97587d6d  ;92c1a2d4-c201-4dc0-8a89-e2ff0b575e47
EIN;55-2584373;4a905b02-97e2-4909-ba9a-551e97587d6d  ;57a984bb-a0c4-43b4-ab0a-379cc7b8fe9a
EIN;59-1392898;4a905b02-97e2-4909-ba9a-551e97587d6d  ;6113f59b-ad57-4f4d-bcf1-4db98d4e3982
EIN;90-5742955;4a905b02-97e2-4909-ba9a-551e97587d6d  ;830cecb7-50c3-4c52-8c9e-54da331c072e
EIN;86-1368705;4a905b02-97e2-4909-ba9a-551e97587d6d  ;960e7283-afbc-4127-9595-ef5440cea4f1
EIN;91-3601157;4a905b02-97e2-4909-ba9a-551e97587d6d  ;6ebd3b2b-9d0d-47f2-8a21-ae99d7380722
EIN;87-9687926;4a905b02-97e2-4909-ba9a-551e97587d6d  ;da1184ea-3d00-4453-b8ac-341c392176e3
EIN;62-3373567;4a905b02-97e2-4909-ba9a-551e97587d6d  ;23b33a3a-37ba-40d5-b829-2423f3ce37b3
EIN;37-8643586;4a905b02-97e2-4909-ba9a-551e97587d6d  ;e10dfc85-309a-43b7-ab18-d530a7f8eedf
EIN;47-2990336;4a905b02-97e2-4909-ba9a-551e97587d6d  ;5236b6d9-04ed-4152-9a66-34f2fe904760
EIN;58-4868241;4a905b02-97e2-4909-ba9a-551e97587d6d  ;93b403c3-a969-44b5-9678-cc750924ff3b
EIN;63-1883585;4a905b02-97e2-4909-ba9a-551e97587d6d  ;03c983df-1586-40b3-9886-4650267f634e
EIN;80-4481278;4a905b02-97e2-4909-ba9a-551e97587d6d  ;5a2e7b3e-3068-40ae-b921-2e969c436355
EIN;73-6310773;4a905b02-97e2-4909-ba9a-551e97587d6d  ;2c718ffb-a687-4bcf-8669-00e5be10e7a1
EIN;12-4360362;4a905b02-97e2-4909-ba9a-551e97587d6d  ;6b5ff324-ca1a-467f-a8d3-4a15667ad4c0
EIN;60-5321478;4a905b02-97e2-4909-ba9a-551e97587d6d  ;1702d319-a457-4132-b5b8-e1bbbb40921a
EIN;39-8123216;4a905b02-97e2-4909-ba9a-551e97587d6d  ;e8ed7e00-0a0b-4a34-80c0-f50a1b2e5000
EIN;97-3891095;4a905b02-97e2-4909-ba9a-551e97587d6d  ;6caf0467-8961-4e2c-a6da-3333b2cd420d
EIN;73-9134968;4a905b02-97e2-4909-ba9a-551e97587d6d  ;2bef3788-d997-475c-aefc-cb78582f2ba8
EIN;79-4736346;4a905b02-97e2-4909-ba9a-551e97587d6d  ;2b4239ee-f3e6-49f9-a296-59e53665cf64
EIN;96-8414441;4a905b02-97e2-4909-ba9a-551e97587d6d  ;b0b3d2ab-ffb4-4d91-af30-4ce9a7c9bed3
EIN;81-9686797;4a905b02-97e2-4909-ba9a-551e97587d6d  ;5421cf19-211f-4783-af26-4b92ec4937a3
EIN;15-6973230;4a905b02-97e2-4909-ba9a-551e97587d6d  ;4f801530-3db1-46da-b31b-6fcc508090ef
EIN;57-2682765;4a905b02-97e2-4909-ba9a-551e97587d6d  ;b85f757a-d102-4660-ac3c-05f7da7a94d7
EIN;38-6761839;4a905b02-97e2-4909-ba9a-551e97587d6d  ;9f48a78f-bbf4-4f96-b9f3-a19b90a80634
EIN;18-6279900;4a905b02-97e2-4909-ba9a-551e97587d6d  ;353af61a-91eb-468a-9c5c-6f8578be58de
EIN;86-5352727;4a905b02-97e2-4909-ba9a-551e97587d6d  ;9437de1d-ed25-4fbb-85d2-16fa19a6a33a
EIN;80-3848347;4a905b02-97e2-4909-ba9a-551e97587d6d  ;08ca9da6-bded-41e4-936c-6fd1abb669c9
EIN;34-8743482;4a905b02-97e2-4909-ba9a-551e97587d6d  ;957f7716-f803-497c-931c-50c311723f62
EIN;20-4638629;4a905b02-97e2-4909-ba9a-551e97587d6d  ;04f114da-3b45-4c93-bd5c-b9ac89b811e3
EIN;78-4184884;4a905b02-97e2-4909-ba9a-551e97587d6d  ;0e37dead-94e5-430e-bfa8-c9c5ff845286
EIN;10-8252089;4a905b02-97e2-4909-ba9a-551e97587d6d  ;7705a966-ed07-44d8-a0ed-01b2f84ad84d
EIN;29-1964838;4a905b02-97e2-4909-ba9a-551e97587d6d  ;9f061373-037a-47a5-a3b6-bcba2fc01c1c
EIN;97-8006916;4a905b02-97e2-4909-ba9a-551e97587d6d  ;4f634117-1c4c-4a3e-b645-7e8bd058e284
EIN;36-3309293;4a905b02-97e2-4909-ba9a-551e97587d6d  ;412fe0ae-8327-4c6c-82b9-d489ed1de9fd
EIN;91-6491576;4a905b02-97e2-4909-ba9a-551e97587d6d  ;e119311a-0506-463b-ad9a-2a6bf9fa9107
EIN;75-2487536;4a905b02-97e2-4909-ba9a-551e97587d6d  ;8c173888-5b4b-4032-b4ab-bb72f6b26583
EIN;23-6324742;4a905b02-97e2-4909-ba9a-551e97587d6d  ;6a6c97f4-314e-4a81-9a90-4ab5f5541da4
EIN;96-3147410;4a905b02-97e2-4909-ba9a-551e97587d6d  ;bfde2d4f-1968-4250-8d5a-0188292a39a3
EIN;20-6033203;4a905b02-97e2-4909-ba9a-551e97587d6d  ;86d7cf87-bbdd-495a-9d63-b92798aba066
EIN;77-7614232;4a905b02-97e2-4909-ba9a-551e97587d6d  ;269c1d1c-88c1-4ff0-b83e-d18d61e376c6
EIN;37-2588840;4a905b02-97e2-4909-ba9a-551e97587d6d  ;acba1a03-9102-4e81-a379-9918b2b8586a
EIN;16-5438798;4a905b02-97e2-4909-ba9a-551e97587d6d  ;29d4eeca-bb94-402a-a8af-58427f38b9a1
EIN;99-1774508;4a905b02-97e2-4909-ba9a-551e97587d6d  ;c4cce391-3dfd-4e45-8441-2bb5c95b94db
EIN;69-1443940;4a905b02-97e2-4909-ba9a-551e97587d6d  ;90443cf2-1377-4df3-ae10-6440b21bfdf9
EIN;17-1532273;4a905b02-97e2-4909-ba9a-551e97587d6d  ;ce9c8fca-3ea8-46f2-bcc4-66e904f8d58d
EIN;24-5481694;4a905b02-97e2-4909-ba9a-551e97587d6d  ;6a2d91d3-34b6-402d-b3a6-09a73c4f70ee
EIN;78-8258705;4a905b02-97e2-4909-ba9a-551e97587d6d  ;13f35af2-6aae-4a1d-ac2f-6977a0d9b8b1
EIN;19-6801747;4a905b02-97e2-4909-ba9a-551e97587d6d  ;3b181d9e-7dd3-4da0-9d51-0daa58a87433
EIN;24-2230822;4a905b02-97e2-4909-ba9a-551e97587d6d  ;47b9a857-8ce9-4e14-824c-b66da7f609df
EIN;58-2189244;4a905b02-97e2-4909-ba9a-551e97587d6d  ;6248bea4-3c63-4d38-8eab-efb78109f103
EIN;16-6018954;4a905b02-97e2-4909-ba9a-551e97587d6d  ;5b439938-4ce7-447b-82e8-35e2d67626b5
EIN;89-2620568;4a905b02-97e2-4909-ba9a-551e97587d6d  ;4b95d8b1-7e75-4246-a78d-3f2f7144a601
EIN;75-1484728;4a905b02-97e2-4909-ba9a-551e97587d6d  ;73f8e645-0664-4c08-9311-a4054b2844e7
EIN;76-3361436;4a905b02-97e2-4909-ba9a-551e97587d6d  ;4821c035-9883-4862-bbae-a754400a9d03
EIN;85-1249060;4a905b02-97e2-4909-ba9a-551e97587d6d  ;654839e9-5691-4905-952d-5a502438476c
EIN;31-5206479;4a905b02-97e2-4909-ba9a-551e97587d6d  ;8d54c190-4e47-4c5d-a669-2ef42b494307
EIN;95-4481370;4a905b02-97e2-4909-ba9a-551e97587d6d  ;8c39a9ca-996e-475f-b13b-5b655ebac4e5
EIN;73-4178708;4a905b02-97e2-4909-ba9a-551e97587d6d  ;c12b16a8-84c6-4ab1-92ad-8ce7e9f41ad4
EIN;82-3195557;4a905b02-97e2-4909-ba9a-551e97587d6d  ;9ee74005-e9d5-4477-a8e1-446831db4c88
EIN;99-4402502;4a905b02-97e2-4909-ba9a-551e97587d6d  ;aed7303a-9a44-4da4-8ee8-09741a578b92
EIN;50-8826963;4a905b02-97e2-4909-ba9a-551e97587d6d  ;10c2606c-3606-4a18-bcd7-8b49961ad4df
EIN;44-5380574;4a905b02-97e2-4909-ba9a-551e97587d6d  ;0c0d2eb9-c22f-4dbc-b0e6-016252a9776a
EIN;92-3757600;4a905b02-97e2-4909-ba9a-551e97587d6d  ;fa31ef7a-2752-400c-a05f-1278d8d80ffe
EIN;47-6183069;4a905b02-97e2-4909-ba9a-551e97587d6d  ;49db98cd-e94c-4871-83c4-01a5a3b3983c
EIN;12-6400964;4a905b02-97e2-4909-ba9a-551e97587d6d  ;dfc379bc-d292-4295-959e-4ea9a0bd96fe
EIN;57-1417703;4a905b02-97e2-4909-ba9a-551e97587d6d  ;1c9309e8-7cf9-4579-83a1-5a796d257d9c
EIN;94-1111527;4a905b02-97e2-4909-ba9a-551e97587d6d  ;b6d72d10-bc1e-4457-8759-48720a7667f5
EIN;29-3157612;4a905b02-97e2-4909-ba9a-551e97587d6d  ;f4bef243-716f-41d3-b320-c9301ec2a1e0
EIN;57-9361300;4a905b02-97e2-4909-ba9a-551e97587d6d  ;7adc8e53-3ef2-4fec-b3ff-437907a5d465
EIN;94-3749233;4a905b02-97e2-4909-ba9a-551e97587d6d  ;94f24a34-9e24-4a6f-8a1d-d6897c8d2179
EIN;66-4914578;4a905b02-97e2-4909-ba9a-551e97587d6d  ;4e3bd745-d66e-4365-988c-77e5cf7adbcf
EIN;63-6760398;4a905b02-97e2-4909-ba9a-551e97587d6d  ;0adf3950-dcfb-400a-af0c-8056fe8569aa
EIN;84-5975431;4a905b02-97e2-4909-ba9a-551e97587d6d  ;5cc7025c-ab1b-44c7-be8b-1adafa2db2af
EIN;62-4114329;4a905b02-97e2-4909-ba9a-551e97587d6d  ;053ad70c-5f68-4997-a9db-06431162eb74
EIN;99-9374490;4a905b02-97e2-4909-ba9a-551e97587d6d  ;eba516cf-4c9a-40d9-8776-95a3a78c99f1
EIN;64-7094869;4a905b02-97e2-4909-ba9a-551e97587d6d  ;baa94a11-89f2-4c68-bc62-7f9bde0fccb1
EIN;19-5653568;4a905b02-97e2-4909-ba9a-551e97587d6d  ;dda5327f-6677-4dd9-b2f4-e77070de082b
EIN;87-4121770;4a905b02-97e2-4909-ba9a-551e97587d6d  ;fb52c2e7-fb73-43d5-b9cb-b9ceee86a537
EIN;71-9671031;4a905b02-97e2-4909-ba9a-551e97587d6d  ;f533ac7c-4e0d-4aff-8246-73c16ee8cad9
EIN;21-9997137;4a905b02-97e2-4909-ba9a-551e97587d6d  ;c32e475d-fe98-4d21-9c18-e0196ef19c9f
EIN;18-8863110;4a905b02-97e2-4909-ba9a-551e97587d6d  ;6cd51285-788e-44af-96a2-bc45e46df7b9
EIN;14-2273595;4a905b02-97e2-4909-ba9a-551e97587d6d  ;24b4f94e-1349-4bb1-93da-6232c7cc7a79
EIN;58-3177530;4a905b02-97e2-4909-ba9a-551e97587d6d  ;42085503-442c-417a-b65a-14bff2de1ca4
EIN;84-5190212;4a905b02-97e2-4909-ba9a-551e97587d6d  ;3d015d62-98fb-4ef7-ada6-5803c6c8855f
EIN;35-4714491;4a905b02-97e2-4909-ba9a-551e97587d6d  ;0994c891-b5e1-4179-afca-4b5542f76d4c
EIN;49-9495916;4a905b02-97e2-4909-ba9a-551e97587d6d  ;99373ce4-16fa-4411-a2f2-aa3d35ba4497
EIN;48-4600244;4a905b02-97e2-4909-ba9a-551e97587d6d  ;74796319-0107-4921-b264-24b0ed6e1bdb
EIN;18-9119084;4a905b02-97e2-4909-ba9a-551e97587d6d  ;c955f1bb-6905-40d9-b959-60ba90bad049
EIN;33-3854174;4a905b02-97e2-4909-ba9a-551e97587d6d  ;caa01ea7-7aef-4ba6-824b-1a2e10b8fa96
EIN;85-1566210;4a905b02-97e2-4909-ba9a-551e97587d6d  ;be0eee3a-98d0-4eb8-a2ba-e90ab5eee60a
EIN;65-5596928;4a905b02-97e2-4909-ba9a-551e97587d6d  ;a5cd1500-7669-4f65-bd5a-51ffe845509e
EIN;12-4417516;4a905b02-97e2-4909-ba9a-551e97587d6d  ;00c17a52-deb7-4ecf-8f4d-9d79f8599560
EIN;62-6939939;4a905b02-97e2-4909-ba9a-551e97587d6d  ;111b2bda-b4b7-4126-81a3-08741bfdccd4
EIN;27-2218360;4a905b02-97e2-4909-ba9a-551e97587d6d  ;c5ae990b-a4d2-4669-ae16-782f9837a78c
EIN;20-1622069;4a905b02-97e2-4909-ba9a-551e97587d6d  ;d1e1c2f6-9159-4744-9e59-3a6edf611ab6
EIN;57-8534631;4a905b02-97e2-4909-ba9a-551e97587d6d  ;a7301a15-c521-48c3-abe6-cc3d86075bc7
EIN;95-8536225;4a905b02-97e2-4909-ba9a-551e97587d6d  ;fe774579-8af9-4aab-91e0-620d54c13cce
EIN;47-6740824;4a905b02-97e2-4909-ba9a-551e97587d6d  ;9634dcd3-65cf-458f-b42e-5068fdb58533
EIN;61-7090726;4a905b02-97e2-4909-ba9a-551e97587d6d  ;a1e8fe17-4e81-418d-8b1d-a7ae5bd284ff
EIN;35-9263236;4a905b02-97e2-4909-ba9a-551e97587d6d  ;71d3318f-4864-4dd5-9f3e-ecc4d23f20f0
EIN;52-7772320;4a905b02-97e2-4909-ba9a-551e97587d6d  ;4d7994ee-bd1c-4257-a039-6e56a48ecd27
EIN;72-9734255;4a905b02-97e2-4909-ba9a-551e97587d6d  ;5a9269e8-2e6c-412b-9e0c-dac42d637919
EIN;36-9277958;4a905b02-97e2-4909-ba9a-551e97587d6d  ;6d89d0ac-0be7-475f-ace8-9d1086a808d0
EIN;61-8141520;4a905b02-97e2-4909-ba9a-551e97587d6d  ;3c650f29-7905-4acc-8076-b49f41cf64d6
EIN;94-9327703;4a905b02-97e2-4909-ba9a-551e97587d6d  ;409ebaeb-a49e-4d00-b7f1-e7264b98f5f8
EIN;86-6510653;4a905b02-97e2-4909-ba9a-551e97587d6d  ;367124ce-30b2-431e-90de-d3e9726f00ac
EIN;70-6529699;4a905b02-97e2-4909-ba9a-551e97587d6d  ;477af5c7-6863-4efa-aecc-667a7ef9dd80
EIN;89-6547318;4a905b02-97e2-4909-ba9a-551e97587d6d  ;8e235f4b-1429-470c-86fd-0f204d168552
EIN;41-2652387;4a905b02-97e2-4909-ba9a-551e97587d6d  ;71f92b54-37fb-4755-bb7f-c661f6933ccc
EIN;16-3780262;4a905b02-97e2-4909-ba9a-551e97587d6d  ;4abe456b-5117-4e3f-8cda-fb800cd0f8db
EIN;96-2758068;4a905b02-97e2-4909-ba9a-551e97587d6d  ;7969ae72-e2b6-45dd-93ce-5245ba1f6bd0
EIN;71-7833219;4a905b02-97e2-4909-ba9a-551e97587d6d  ;1c50874f-5e75-4508-a91e-add20bf96b10
EIN;38-2309099;4a905b02-97e2-4909-ba9a-551e97587d6d  ;4b15e5b3-7115-495c-8c57-e975998716af
EIN;25-8329046;4a905b02-97e2-4909-ba9a-551e97587d6d  ;95e413fe-0a16-48ed-9598-ffcc40caa0d9
EIN;17-3026311;4a905b02-97e2-4909-ba9a-551e97587d6d  ;97588a45-71fd-45f2-98b6-f282d871f384
EIN;63-3261292;4a905b02-97e2-4909-ba9a-551e97587d6d  ;acce7b6f-caa0-4392-98c6-5a2c3a6f4ffd
EIN;34-6354535;4a905b02-97e2-4909-ba9a-551e97587d6d  ;d889c002-c5a5-4319-93b5-fe72b5871aab
EIN;21-5573687;4a905b02-97e2-4909-ba9a-551e97587d6d  ;980a68f5-a2ba-4335-97a2-df02d5e00d0e
EIN;42-6186039;4a905b02-97e2-4909-ba9a-551e97587d6d  ;4c15b622-57f5-4d8e-a503-3d9aeba4f57a
EIN;92-8116238;4a905b02-97e2-4909-ba9a-551e97587d6d  ;8b810625-0b92-49e5-a8cf-ce4a54583a99
EIN;60-8607870;4a905b02-97e2-4909-ba9a-551e97587d6d  ;2918ead2-8f81-4294-9414-cf081692bd71
EIN;22-7783605;4a905b02-97e2-4909-ba9a-551e97587d6d  ;9310de90-a73b-4adb-96bd-afccbe6aa7c8
EIN;87-3239379;4a905b02-97e2-4909-ba9a-551e97587d6d  ;7757d8f5-d0a5-45b1-920a-05c2e1246379
EIN;52-6134932;4a905b02-97e2-4909-ba9a-551e97587d6d  ;9fbc69dd-3f47-4418-8e45-00f5fb4c1336
EIN;35-5353273;4a905b02-97e2-4909-ba9a-551e97587d6d  ;b38a2ddc-53a8-4582-8801-947354e3df02
EIN;52-4133104;4a905b02-97e2-4909-ba9a-551e97587d6d  ;e5761a6f-c8bf-47bf-ae83-77d1b46e742a
EIN;23-6904635;4a905b02-97e2-4909-ba9a-551e97587d6d  ;859ab1ef-4527-4459-997b-fdcf1cd42d71
EIN;68-1508463;4a905b02-97e2-4909-ba9a-551e97587d6d  ;3a8b55e9-9d6f-469e-b368-e5529e3a92e4
EIN;72-4955646;4a905b02-97e2-4909-ba9a-551e97587d6d  ;93252f15-d327-459f-bc93-acc607124b80
EIN;50-9327405;4a905b02-97e2-4909-ba9a-551e97587d6d  ;78381538-d17d-441d-b922-e6d8da4ed4a0
EIN;40-8927714;4a905b02-97e2-4909-ba9a-551e97587d6d  ;31bc2e87-5e0f-4699-bf37-aa27fd6bc94d
EIN;34-7865952;4a905b02-97e2-4909-ba9a-551e97587d6d  ;4b88286c-78a2-471b-82b5-cc2912a72b64
EIN;22-6039025;4a905b02-97e2-4909-ba9a-551e97587d6d  ;77e2dd38-2409-46ed-b6fb-2b8f0a09959d
EIN;67-8530260;4a905b02-97e2-4909-ba9a-551e97587d6d  ;97f68c93-1a37-4cf7-9f5d-2d5ddb124374
EIN;53-6208195;4a905b02-97e2-4909-ba9a-551e97587d6d  ;7da6de40-cfb2-433c-b42c-4fc8e71ebd0d
EIN;74-2117792;4a905b02-97e2-4909-ba9a-551e97587d6d  ;1739f470-273c-4818-8343-d1f7d7bbbe2a
EIN;32-1460926;4a905b02-97e2-4909-ba9a-551e97587d6d  ;6abd9339-a827-40db-a88a-ff5e2df66817
EIN;73-6745538;4a905b02-97e2-4909-ba9a-551e97587d6d  ;9d9d1d8b-b475-4a0a-b0d2-9e767ada8ecd
EIN;28-5546831;4a905b02-97e2-4909-ba9a-551e97587d6d  ;7b187e4f-ba23-4fe5-a80e-aa18a0c8650a
EIN;31-4690366;4a905b02-97e2-4909-ba9a-551e97587d6d  ;71b30401-6f6b-4cab-bd97-94dc90843e8b
EIN;57-5053241;4a905b02-97e2-4909-ba9a-551e97587d6d  ;ee4ded46-518a-4117-9b1f-a4e6fb9990ec
EIN;52-4402288;4a905b02-97e2-4909-ba9a-551e97587d6d  ;c570c7be-38b2-4bfb-8613-81ed921319e4
EIN;10-9711271;4a905b02-97e2-4909-ba9a-551e97587d6d  ;95264639-df3d-4807-be42-f6e1a259e9db
EIN;38-7785763;4a905b02-97e2-4909-ba9a-551e97587d6d  ;37a586ab-dc88-4956-9b80-edd523518b55
EIN;14-7405111;4a905b02-97e2-4909-ba9a-551e97587d6d  ;90dc6383-76da-4f5b-b3e1-f26e58cdc66e
EIN;56-1505838;4a905b02-97e2-4909-ba9a-551e97587d6d  ;f86db92b-d800-4385-9cdd-fdf4c039e96b
EIN;13-1500569;4a905b02-97e2-4909-ba9a-551e97587d6d  ;6d2d3cca-90a6-4d6a-80c7-425cd862a0ed
EIN;26-1234685;4a905b02-97e2-4909-ba9a-551e97587d6d  ;54254d53-6baa-4497-afc8-659985f76f29
EIN;77-7207213;4a905b02-97e2-4909-ba9a-551e97587d6d  ;b6e5ced8-4dd3-4d31-9598-6b7965707cbf
EIN;73-7126488;4a905b02-97e2-4909-ba9a-551e97587d6d  ;aa24ab3d-54ee-420a-a222-a705a639c952
EIN;81-8284731;4a905b02-97e2-4909-ba9a-551e97587d6d  ;376ec95c-1280-4469-809b-4b94b7790343
EIN;32-7914677;4a905b02-97e2-4909-ba9a-551e97587d6d  ;c8144325-f48b-4c85-a80f-7b9cc5341372
EIN;16-9408424;4a905b02-97e2-4909-ba9a-551e97587d6d  ;e10d4e17-2a42-40c8-a4a9-cbd58abedfa9
EIN;45-5704401;4a905b02-97e2-4909-ba9a-551e97587d6d  ;f94ccd3d-e43a-401f-ab9e-df63c0901ac3
EIN;23-3619359;4a905b02-97e2-4909-ba9a-551e97587d6d  ;a10a6eb7-f4e3-4646-bd3a-7acb8cf572e7
EIN;72-5026792;4a905b02-97e2-4909-ba9a-551e97587d6d  ;cafaeef9-e9c2-4139-b0b3-d40e2190bbab
