1|RE#60867O|2023-01-12 01:57:27.049|1|NULL|16a17a48-d09b-11ea-9579-bba61161b25a  
2|TM%69319G|2023-01-12 01:57:27.049|1|NULL|16a17a48-d09b-11ea-9579-bba61161b25a  
3|ZA&90707J|2023-01-12 01:57:27.049|1|NULL|16a17a48-d09b-11ea-9579-bba61161b25a  
4|WH&50246W|2023-01-12 01:57:27.049|1|NULL|16a17a48-d09b-11ea-9579-bba61161b25a  
5|TN#45608N|2023-01-12 01:57:27.049|1|NULL|16a17a48-d09b-11ea-9579-bba61161b25a  
6|LG#43069H|2023-01-12 01:57:27.049|1|NULL|16a17a48-d09b-11ea-9579-bba61161b25a  
7|LH&12958S|2023-01-12 01:57:27.049|1|NULL|16a17a48-d09b-11ea-9579-bba61161b25a  
8|CH%57104T|2023-01-12 01:57:27.049|1|NULL|16a17a48-d09b-11ea-9579-bba61161b25a  
9|EE@90442C|2023-01-12 01:57:27.049|1|NULL|16a17a48-d09b-11ea-9579-bba61161b25a  
10|NM#82138S|2023-01-12 01:57:27.049|1|NULL|16a17a48-d09b-11ea-9579-bba61161b25a  
11|ZF&68896S|2023-01-12 01:57:27.049|1|NULL|16a17a48-d09b-11ea-9579-bba61161b25a  
12|EC@45894K|2023-01-12 01:57:27.049|1|NULL|16a17a48-d09b-11ea-9579-bba61161b25a  
13|UJ#81415K|2023-01-12 01:57:27.049|1|NULL|16a17a48-d09b-11ea-9579-bba61161b25a  
14|FF@16238E|2023-01-12 01:57:27.049|1|NULL|16a17a48-d09b-11ea-9579-bba61161b25a  
15|XA#02332G|2023-01-12 01:57:27.049|1|NULL|16a17a48-d09b-11ea-9579-bba61161b25a  
16|SQ@38022D|2023-01-12 01:57:27.049|1|NULL|16a17a48-d09b-11ea-9579-bba61161b25a  
17|MF@85048C|2023-01-12 01:57:27.049|1|NULL|16a17a48-d09b-11ea-9579-bba61161b25a  
18|JT&39549K|2023-01-12 01:57:27.049|1|NULL|16a17a48-d09b-11ea-9579-bba61161b25a  
19|PN%13349J|2023-01-12 01:57:27.049|1|NULL|16a17a48-d09b-11ea-9579-bba61161b25a  
20|AP%77200Y|2023-01-12 01:57:27.049|1|NULL|16a17a48-d09b-11ea-9579-bba61161b25a  
21|UP@93018O|2023-01-12 01:57:27.049|1|NULL|16a17a48-d09b-11ea-9579-bba61161b25a  
22|GD@51343Q|2023-01-12 01:57:27.049|1|NULL|16a17a48-d09b-11ea-9579-bba61161b25a  
23|RK#34869Q|2023-01-12 01:57:27.049|1|NULL|16a17a48-d09b-11ea-9579-bba61161b25a  
24|XN&87846W|2023-01-12 01:57:27.049|1|NULL|16a17a48-d09b-11ea-9579-bba61161b25a  
25|XJ#78899X|2023-01-12 01:57:27.049|1|NULL|16a17a48-d09b-11ea-9579-bba61161b25a  
26|CT%34804Z|2023-01-12 01:57:27.049|1|NULL|16a17a48-d09b-11ea-9579-bba61161b25a  
27|NW%97001X|2023-01-12 01:57:27.049|1|NULL|16a17a48-d09b-11ea-9579-bba61161b25a  
28|ES%70614H|2023-01-12 01:57:27.049|1|NULL|16a17a48-d09b-11ea-9579-bba61161b25a  
29|ZG#25758J|2023-01-12 01:57:27.049|1|NULL|16a17a48-d09b-11ea-9579-bba61161b25a  
30|HA@98910W|2023-01-12 01:57:27.049|1|NULL|16a17a48-d09b-11ea-9579-bba61161b25a  
31|OJ%30895J|2023-01-12 01:57:27.049|1|NULL|16a17a48-d09b-11ea-9579-bba61161b25a  
32|IP@14637L|2023-01-12 01:57:27.049|1|NULL|16a17a48-d09b-11ea-9579-bba61161b25a  
33|BI#85815V|2023-01-12 01:57:27.049|1|NULL|16a17a48-d09b-11ea-9579-bba61161b25a  
34|ZM#61351F|2023-01-12 01:57:27.049|1|NULL|16a17a48-d09b-11ea-9579-bba61161b25a  
35|XN&23537V|2023-01-12 01:57:27.049|1|NULL|16a17a48-d09b-11ea-9579-bba61161b25a  
36|GO@45428N|2023-01-12 01:57:27.049|1|NULL|16a17a48-d09b-11ea-9579-bba61161b25a  
37|HV%25305U|2023-01-12 01:57:27.049|1|NULL|16a17a48-d09b-11ea-9579-bba61161b25a  
38|HY#61689O|2023-01-12 01:57:27.049|1|NULL|16a17a48-d09b-11ea-9579-bba61161b25a  
39|DV@99597L|2023-01-12 01:57:27.049|1|NULL|16a17a48-d09b-11ea-9579-bba61161b25a  
40|FS%99030I|2023-01-12 01:57:27.049|1|NULL|16a17a48-d09b-11ea-9579-bba61161b25a  
41|SB#54908A|2023-01-12 01:57:27.049|1|NULL|16a17a48-d09b-11ea-9579-bba61161b25a  
42|NM&62305M|2023-01-12 01:57:27.049|1|NULL|16a17a48-d09b-11ea-9579-bba61161b25a  
43|NR%55232Z|2023-01-12 01:57:27.049|1|NULL|16a17a48-d09b-11ea-9579-bba61161b25a  
44|XH&17204W|2023-01-12 01:57:27.049|1|NULL|16a17a48-d09b-11ea-9579-bba61161b25a  
45|JI#49573T|2023-01-12 01:57:27.049|1|NULL|16a17a48-d09b-11ea-9579-bba61161b25a  
46|NR%99412D|2023-01-12 01:57:27.049|1|NULL|16a17a48-d09b-11ea-9579-bba61161b25a  
47|BQ%08548L|2023-01-12 01:57:27.049|1|NULL|16a17a48-d09b-11ea-9579-bba61161b25a  
48|ML%63152I|2023-01-12 01:57:27.049|1|NULL|16a17a48-d09b-11ea-9579-bba61161b25a  
49|ZI#94093T|2023-01-12 01:57:27.049|1|NULL|16a17a48-d09b-11ea-9579-bba61161b25a  
50|KK&04109I|2023-01-12 01:57:27.049|1|NULL|16a17a48-d09b-11ea-9579-bba61161b25a  
51|PC&67186B|2023-01-12 01:57:27.049|1|NULL|16a17a48-d09b-11ea-9579-bba61161b25a  
52|RJ@67760R|2023-01-12 01:57:27.049|1|NULL|16a17a48-d09b-11ea-9579-bba61161b25a  
53|BI#44568N|2023-01-12 01:57:27.049|1|NULL|16a17a48-d09b-11ea-9579-bba61161b25a  
54|TD@23096S|2023-01-12 01:57:27.049|1|NULL|16a17a48-d09b-11ea-9579-bba61161b25a  
55|SV#54034C|2023-01-12 01:57:27.049|1|NULL|16a17a48-d09b-11ea-9579-bba61161b25a  
56|XK#96608H|2023-01-12 01:57:27.049|1|NULL|16a17a48-d09b-11ea-9579-bba61161b25a  
57|TI%29791I|2023-01-12 01:57:27.049|1|NULL|16a17a48-d09b-11ea-9579-bba61161b25a  
58|WY&63740I|2023-01-12 01:57:27.049|1|NULL|16a17a48-d09b-11ea-9579-bba61161b25a  
59|XL&05381G|2023-01-12 01:57:27.049|1|NULL|16a17a48-d09b-11ea-9579-bba61161b25a  
60|CY%50741A|2023-01-12 01:57:27.049|1|NULL|16a17a48-d09b-11ea-9579-bba61161b25a  
61|IK&18703K|2023-01-12 01:57:27.049|1|NULL|16a17a48-d09b-11ea-9579-bba61161b25a  
62|LM#42471O|2023-01-12 01:57:27.049|1|NULL|16a17a48-d09b-11ea-9579-bba61161b25a  
63|XP%15593P|2023-01-12 01:57:27.049|1|NULL|16a17a48-d09b-11ea-9579-bba61161b25a  
64|AE%51644W|2023-01-12 01:57:27.049|1|NULL|16a17a48-d09b-11ea-9579-bba61161b25a  
65|QQ@44770M|2023-01-12 01:57:27.049|1|NULL|16a17a48-d09b-11ea-9579-bba61161b25a  
66|OU@62551D|2023-01-12 01:57:27.049|1|NULL|16a17a48-d09b-11ea-9579-bba61161b25a  
67|DX@65434I|2023-01-12 01:57:27.049|1|NULL|16a17a48-d09b-11ea-9579-bba61161b25a  
68|VF#20376E|2023-01-12 01:57:27.049|1|NULL|16a17a48-d09b-11ea-9579-bba61161b25a  
69|AQ#46338P|2023-01-12 01:57:27.049|1|NULL|16a17a48-d09b-11ea-9579-bba61161b25a  
70|LZ@08947S|2023-01-12 01:57:27.049|1|NULL|16a17a48-d09b-11ea-9579-bba61161b25a  
71|FG@36292N|2023-01-12 01:57:27.049|1|NULL|16a17a48-d09b-11ea-9579-bba61161b25a  
72|ZI#21062J|2023-01-12 01:57:27.049|1|NULL|16a17a48-d09b-11ea-9579-bba61161b25a  
73|IY#16281O|2023-01-12 01:57:27.049|1|NULL|16a17a48-d09b-11ea-9579-bba61161b25a  
74|FY#69744I|2023-01-12 01:57:27.049|1|NULL|16a17a48-d09b-11ea-9579-bba61161b25a  
75|FI#97241F|2023-01-12 01:57:27.049|1|NULL|16a17a48-d09b-11ea-9579-bba61161b25a  
76|KT#00574O|2023-01-12 01:57:27.049|1|NULL|16a17a48-d09b-11ea-9579-bba61161b25a  
77|FV%06853R|2023-01-12 01:57:27.049|1|NULL|16a17a48-d09b-11ea-9579-bba61161b25a  
78|WN%12887H|2023-01-12 01:57:27.049|1|NULL|16a17a48-d09b-11ea-9579-bba61161b25a  
79|FO@97396H|2023-01-12 01:57:27.049|1|NULL|16a17a48-d09b-11ea-9579-bba61161b25a  
80|QR#90181G|2023-01-12 01:57:27.049|1|NULL|16a17a48-d09b-11ea-9579-bba61161b25a  
81|GL@91588Z|2023-01-12 01:57:27.049|1|NULL|16a17a48-d09b-11ea-9579-bba61161b25a  
82|UO&91479B|2023-01-12 01:57:27.049|1|NULL|16a17a48-d09b-11ea-9579-bba61161b25a  
83|OT%42930P|2023-01-12 01:57:27.049|1|NULL|16a17a48-d09b-11ea-9579-bba61161b25a  
84|DE%16269L|2023-01-12 01:57:27.049|1|NULL|16a17a48-d09b-11ea-9579-bba61161b25a  
85|DS@67392Y|2023-01-12 01:57:27.049|1|NULL|16a17a48-d09b-11ea-9579-bba61161b25a  
86|FF&96493R|2023-01-12 01:57:27.049|1|NULL|16a17a48-d09b-11ea-9579-bba61161b25a  
87|TL@02687I|2023-01-12 01:57:27.049|1|NULL|16a17a48-d09b-11ea-9579-bba61161b25a  
88|CA@71177Q|2023-01-12 01:57:27.049|1|NULL|16a17a48-d09b-11ea-9579-bba61161b25a  
89|SW@37440O|2023-01-12 01:57:27.049|1|NULL|16a17a48-d09b-11ea-9579-bba61161b25a  
90|MG#21123T|2023-01-12 01:57:27.049|1|NULL|16a17a48-d09b-11ea-9579-bba61161b25a  
91|NK&00245V|2023-01-12 01:57:27.049|1|NULL|16a17a48-d09b-11ea-9579-bba61161b25a  
92|OW%95713T|2023-01-12 01:57:27.049|1|NULL|16a17a48-d09b-11ea-9579-bba61161b25a  
93|UF@26748J|2023-01-12 01:57:27.049|1|NULL|16a17a48-d09b-11ea-9579-bba61161b25a  
94|YF#93530K|2023-01-12 01:57:27.049|1|NULL|16a17a48-d09b-11ea-9579-bba61161b25a  
95|NX%38021P|2023-01-12 01:57:27.049|1|NULL|16a17a48-d09b-11ea-9579-bba61161b25a  
96|JB%34800U|2023-01-12 01:57:27.049|1|NULL|16a17a48-d09b-11ea-9579-bba61161b25a  
97|HA#72235N|2023-01-12 01:57:27.049|1|NULL|16a17a48-d09b-11ea-9579-bba61161b25a  
98|GG%42467G|2023-01-12 01:57:27.049|1|NULL|16a17a48-d09b-11ea-9579-bba61161b25a  
99|HB%43466C|2023-01-12 01:57:27.049|1|NULL|16a17a48-d09b-11ea-9579-bba61161b25a  
100|SV&18590D|2023-01-12 01:57:27.049|1|NULL|16a17a48-d09b-11ea-9579-bba61161b25a  
101|RY@52431K|2023-01-12 01:57:27.049|1|NULL|16a17a48-d09b-11ea-9579-bba61161b25a  
102|QM@19925B|2023-01-12 01:57:27.049|1|NULL|16a17a48-d09b-11ea-9579-bba61161b25a  
103|LI@57100T|2023-01-12 01:57:27.049|1|NULL|16a17a48-d09b-11ea-9579-bba61161b25a  
104|WB%72242N|2023-01-12 01:57:27.049|1|NULL|16a17a48-d09b-11ea-9579-bba61161b25a  
105|GG&75734W|2023-01-12 01:57:27.049|1|NULL|16a17a48-d09b-11ea-9579-bba61161b25a  
106|RV@45791I|2023-01-12 01:57:27.049|1|NULL|16a17a48-d09b-11ea-9579-bba61161b25a  
107|MT@49140M|2023-01-12 01:57:27.049|1|NULL|16a17a48-d09b-11ea-9579-bba61161b25a  
108|ZD&70394S|2023-01-12 01:57:27.049|1|NULL|16a17a48-d09b-11ea-9579-bba61161b25a  
109|XK%35725X|2023-01-12 01:57:27.049|1|NULL|16a17a48-d09b-11ea-9579-bba61161b25a  
110|OY@17006M|2023-01-12 01:57:27.049|1|NULL|16a17a48-d09b-11ea-9579-bba61161b25a  
111|DW#09131R|2023-01-12 01:57:27.049|1|NULL|16a17a48-d09b-11ea-9579-bba61161b25a  
112|QC%53892K|2023-01-12 01:57:27.049|1|NULL|16a17a48-d09b-11ea-9579-bba61161b25a  
113|PH&37706R|2023-01-12 01:57:27.049|1|NULL|16a17a48-d09b-11ea-9579-bba61161b25a  
114|YM@90338C|2023-01-12 01:57:27.049|1|NULL|16a17a48-d09b-11ea-9579-bba61161b25a  
115|DD%33099X|2023-01-12 01:57:27.049|1|NULL|16a17a48-d09b-11ea-9579-bba61161b25a  
116|TA@87778I|2023-01-12 01:57:27.049|1|NULL|16a17a48-d09b-11ea-9579-bba61161b25a  
117|GJ%33496B|2023-01-12 01:57:27.049|1|NULL|16a17a48-d09b-11ea-9579-bba61161b25a  
118|KU%04029G|2023-01-12 01:57:27.049|1|NULL|16a17a48-d09b-11ea-9579-bba61161b25a  
119|WQ@32046F|2023-01-12 01:57:27.049|1|NULL|16a17a48-d09b-11ea-9579-bba61161b25a  
120|CP@68805B|2023-01-12 01:57:27.049|1|NULL|16a17a48-d09b-11ea-9579-bba61161b25a  
121|GW@49480W|2023-01-12 01:57:27.049|1|NULL|16a17a48-d09b-11ea-9579-bba61161b25a  
122|LT#76564C|2023-01-12 01:57:27.049|1|NULL|16a17a48-d09b-11ea-9579-bba61161b25a  
123|NJ&58807R|2023-01-12 01:57:27.049|1|NULL|16a17a48-d09b-11ea-9579-bba61161b25a  
124|EU@30540F|2023-01-12 01:57:27.049|1|NULL|16a17a48-d09b-11ea-9579-bba61161b25a  
125|UL%28806K|2023-01-12 01:57:27.049|1|NULL|16a17a48-d09b-11ea-9579-bba61161b25a  
126|ZG#96444M|2023-01-12 01:57:27.049|1|NULL|16a17a48-d09b-11ea-9579-bba61161b25a  
127|ZO@18894O|2023-01-12 01:57:27.049|1|NULL|16a17a48-d09b-11ea-9579-bba61161b25a  
128|MI#72385P|2023-01-12 01:57:27.049|1|NULL|16a17a48-d09b-11ea-9579-bba61161b25a  
129|YT#24822Y|2023-01-12 01:57:27.049|1|NULL|16a17a48-d09b-11ea-9579-bba61161b25a  
130|LC&35815E|2023-01-12 01:57:27.049|1|NULL|16a17a48-d09b-11ea-9579-bba61161b25a  
131|ET&24490U|2023-01-12 01:57:27.049|1|NULL|16a17a48-d09b-11ea-9579-bba61161b25a  
132|NB@27360Z|2023-01-12 01:57:27.049|1|NULL|16a17a48-d09b-11ea-9579-bba61161b25a  
133|NB&37961A|2023-01-12 01:57:27.049|1|NULL|16a17a48-d09b-11ea-9579-bba61161b25a  
134|GX%80459K|2023-01-12 01:57:27.049|1|NULL|16a17a48-d09b-11ea-9579-bba61161b25a  
135|IX&16078T|2023-01-12 01:57:27.049|1|NULL|16a17a48-d09b-11ea-9579-bba61161b25a  
136|MF%72583S|2023-01-12 01:57:27.049|1|NULL|16a17a48-d09b-11ea-9579-bba61161b25a  
137|ZB&85981D|2023-01-12 01:57:27.049|1|NULL|16a17a48-d09b-11ea-9579-bba61161b25a  
138|OK&78700U|2023-01-12 01:57:27.049|1|NULL|16a17a48-d09b-11ea-9579-bba61161b25a  
139|LL@79139Q|2023-01-12 01:57:27.049|1|NULL|16a17a48-d09b-11ea-9579-bba61161b25a  
140|XS%66171G|2023-01-12 01:57:27.049|1|NULL|16a17a48-d09b-11ea-9579-bba61161b25a  
141|BI#89778M|2023-01-12 01:57:27.049|1|NULL|16a17a48-d09b-11ea-9579-bba61161b25a  
142|UO@81126J|2023-01-12 01:57:27.049|1|NULL|16a17a48-d09b-11ea-9579-bba61161b25a  
143|YC%94547M|2023-01-12 01:57:27.049|1|NULL|16a17a48-d09b-11ea-9579-bba61161b25a  
144|PH#33358Q|2023-01-12 01:57:27.049|1|NULL|16a17a48-d09b-11ea-9579-bba61161b25a  
145|VQ&39580Y|2023-01-12 01:57:27.049|1|NULL|16a17a48-d09b-11ea-9579-bba61161b25a  
146|BF#58791I|2023-01-12 01:57:27.049|1|NULL|16a17a48-d09b-11ea-9579-bba61161b25a  
147|CJ#59024V|2023-01-12 01:57:27.049|1|NULL|16a17a48-d09b-11ea-9579-bba61161b25a  
148|FK@79588A|2023-01-12 01:57:27.049|1|NULL|16a17a48-d09b-11ea-9579-bba61161b25a  
149|NY%13436C|2023-01-12 01:57:27.049|1|NULL|16a17a48-d09b-11ea-9579-bba61161b25a  
150|LN#37380S|2023-01-12 01:57:27.049|1|NULL|16a17a48-d09b-11ea-9579-bba61161b25a  
151|MH@98456J|2023-01-12 01:57:27.049|1|NULL|16a17a48-d09b-11ea-9579-bba61161b25a  
152|CT%30222Q|2023-01-12 01:57:27.049|1|NULL|16a17a48-d09b-11ea-9579-bba61161b25a  
153|IK#90968N|2023-01-12 01:57:27.049|1|NULL|16a17a48-d09b-11ea-9579-bba61161b25a  
154|PB%57743X|2023-01-12 01:57:27.049|1|NULL|16a17a48-d09b-11ea-9579-bba61161b25a  
155|NZ#00358F|2023-01-12 01:57:27.049|1|NULL|16a17a48-d09b-11ea-9579-bba61161b25a  
156|PI#49663U|2023-01-12 01:57:27.049|1|NULL|16a17a48-d09b-11ea-9579-bba61161b25a  
157|HU#83950Z|2023-01-12 01:57:27.049|1|NULL|16a17a48-d09b-11ea-9579-bba61161b25a  
158|LN@42671Q|2023-01-12 01:57:27.049|1|NULL|16a17a48-d09b-11ea-9579-bba61161b25a  
159|PQ#50887T|2023-01-12 01:57:27.049|1|NULL|16a17a48-d09b-11ea-9579-bba61161b25a  
160|HO#71210Y|2023-01-12 01:57:27.049|1|NULL|16a17a48-d09b-11ea-9579-bba61161b25a  
161|ZX@01431W|2023-01-12 01:57:27.049|1|NULL|16a17a48-d09b-11ea-9579-bba61161b25a  
162|XJ&07200K|2023-01-12 01:57:27.049|1|NULL|16a17a48-d09b-11ea-9579-bba61161b25a  
163|PF%03884B|2023-01-12 01:57:27.049|1|NULL|16a17a48-d09b-11ea-9579-bba61161b25a  
164|CG@78681F|2023-01-12 01:57:27.049|1|NULL|16a17a48-d09b-11ea-9579-bba61161b25a  
165|WX%43801L|2023-01-12 01:57:27.049|1|NULL|16a17a48-d09b-11ea-9579-bba61161b25a  
166|MM@35931A|2023-01-12 01:57:27.049|1|NULL|16a17a48-d09b-11ea-9579-bba61161b25a  
167|MV&91265Z|2023-01-12 01:57:27.049|1|NULL|16a17a48-d09b-11ea-9579-bba61161b25a  
168|AA&86913U|2023-01-12 01:57:27.049|1|NULL|16a17a48-d09b-11ea-9579-bba61161b25a  
169|ED&98022A|2023-01-12 01:57:27.049|1|NULL|16a17a48-d09b-11ea-9579-bba61161b25a  
170|ZY&35348U|2023-01-12 01:57:27.049|1|NULL|16a17a48-d09b-11ea-9579-bba61161b25a  
171|XQ#17996R|2023-01-12 01:57:27.049|1|NULL|16a17a48-d09b-11ea-9579-bba61161b25a  
172|XV@42998S|2023-01-12 01:57:27.049|1|NULL|16a17a48-d09b-11ea-9579-bba61161b25a  
173|IH%55013S|2023-01-12 01:57:27.049|1|NULL|16a17a48-d09b-11ea-9579-bba61161b25a  
174|AV%05407D|2023-01-12 01:57:27.049|1|NULL|16a17a48-d09b-11ea-9579-bba61161b25a  
175|EV%80801Q|2023-01-12 01:57:27.049|1|NULL|16a17a48-d09b-11ea-9579-bba61161b25a  
176|NT@02755N|2023-01-12 01:57:27.049|1|NULL|16a17a48-d09b-11ea-9579-bba61161b25a  
177|OR@41698Q|2023-01-12 01:57:27.049|1|NULL|16a17a48-d09b-11ea-9579-bba61161b25a  
178|IX&57621H|2023-01-12 01:57:27.049|1|NULL|16a17a48-d09b-11ea-9579-bba61161b25a  
179|AL@00021L|2023-01-12 01:57:27.049|1|NULL|16a17a48-d09b-11ea-9579-bba61161b25a  
180|ZF#22233S|2023-01-12 01:57:27.049|1|NULL|16a17a48-d09b-11ea-9579-bba61161b25a  
181|GO&53116X|2023-01-12 01:57:27.049|1|NULL|16a17a48-d09b-11ea-9579-bba61161b25a  
182|WS&84992L|2023-01-12 01:57:27.049|1|NULL|16a17a48-d09b-11ea-9579-bba61161b25a  
183|GV@76135J|2023-01-12 01:57:27.049|1|NULL|16a17a48-d09b-11ea-9579-bba61161b25a  
184|FV&91711B|2023-01-12 01:57:27.049|1|NULL|16a17a48-d09b-11ea-9579-bba61161b25a  
185|BT%53499C|2023-01-12 01:57:27.049|1|NULL|16a17a48-d09b-11ea-9579-bba61161b25a  
186|WZ%79850A|2023-01-12 01:57:27.049|1|NULL|16a17a48-d09b-11ea-9579-bba61161b25a  
187|DQ@60066F|2023-01-12 01:57:27.049|1|NULL|16a17a48-d09b-11ea-9579-bba61161b25a  
188|GC%09966J|2023-01-12 01:57:27.049|1|NULL|16a17a48-d09b-11ea-9579-bba61161b25a  
189|NG@53018N|2023-01-12 01:57:27.049|1|NULL|16a17a48-d09b-11ea-9579-bba61161b25a  
190|FO#45038H|2023-01-12 01:57:27.049|1|NULL|16a17a48-d09b-11ea-9579-bba61161b25a  
191|YN%64156K|2023-01-12 01:57:27.049|1|NULL|16a17a48-d09b-11ea-9579-bba61161b25a  
192|OC%42864X|2023-01-12 01:57:27.049|1|NULL|16a17a48-d09b-11ea-9579-bba61161b25a  
193|PW&14230G|2023-01-12 01:57:27.049|1|NULL|16a17a48-d09b-11ea-9579-bba61161b25a  
194|DB%77824T|2023-01-12 01:57:27.049|1|NULL|16a17a48-d09b-11ea-9579-bba61161b25a  
195|WY%61898B|2023-01-12 01:57:27.049|1|NULL|16a17a48-d09b-11ea-9579-bba61161b25a  
196|DN%21452T|2023-01-12 01:57:27.049|1|NULL|16a17a48-d09b-11ea-9579-bba61161b25a  
197|NY&63559Y|2023-01-12 01:57:27.049|1|NULL|16a17a48-d09b-11ea-9579-bba61161b25a  
198|LB@77353C|2023-01-12 01:57:27.049|1|NULL|16a17a48-d09b-11ea-9579-bba61161b25a  
199|LY&19239E|2023-01-12 01:57:27.049|1|NULL|16a17a48-d09b-11ea-9579-bba61161b25a  
200|ZN&36168F|2023-01-12 01:57:27.049|1|NULL|16a17a48-d09b-11ea-9579-bba61161b25a  
201|LE#25382J|2023-01-12 01:57:27.049|1|NULL|16a17a48-d09b-11ea-9579-bba61161b25a  
202|HI&13141L|2023-01-12 01:57:27.049|1|NULL|16a17a48-d09b-11ea-9579-bba61161b25a  
203|BC@42099I|2023-01-12 01:57:27.049|1|NULL|16a17a48-d09b-11ea-9579-bba61161b25a  
204|LO@15836M|2023-01-12 01:57:27.049|1|NULL|16a17a48-d09b-11ea-9579-bba61161b25a  
205|ZJ%51362H|2023-01-12 01:57:27.049|1|NULL|16a17a48-d09b-11ea-9579-bba61161b25a  
206|NY@14172H|2023-01-12 01:57:27.049|1|NULL|16a17a48-d09b-11ea-9579-bba61161b25a  
207|ML%21826N|2023-01-12 01:57:27.049|1|NULL|16a17a48-d09b-11ea-9579-bba61161b25a  
208|HR&77113I|2023-01-12 01:57:27.049|1|NULL|16a17a48-d09b-11ea-9579-bba61161b25a  
209|CP@03819Q|2023-01-12 01:57:27.049|1|NULL|16a17a48-d09b-11ea-9579-bba61161b25a  
210|LV@94698T|2023-01-12 01:57:27.049|1|NULL|16a17a48-d09b-11ea-9579-bba61161b25a  
211|PU%19775V|2023-01-12 01:57:27.049|1|NULL|16a17a48-d09b-11ea-9579-bba61161b25a  
212|RM%65422Z|2023-01-12 01:57:27.049|1|NULL|16a17a48-d09b-11ea-9579-bba61161b25a  
213|YM%80338D|2023-01-12 01:57:27.049|1|NULL|16a17a48-d09b-11ea-9579-bba61161b25a  
214|EC%17443L|2023-01-12 01:57:27.049|1|NULL|16a17a48-d09b-11ea-9579-bba61161b25a  
215|ZO@95285Y|2023-01-12 01:57:27.049|1|NULL|16a17a48-d09b-11ea-9579-bba61161b25a  
216|LC@43392F|2023-01-12 01:57:27.049|1|NULL|16a17a48-d09b-11ea-9579-bba61161b25a  
217|XA%09738B|2023-01-12 01:57:27.049|1|NULL|16a17a48-d09b-11ea-9579-bba61161b25a  
218|OP%69796Z|2023-01-12 01:57:27.049|1|NULL|16a17a48-d09b-11ea-9579-bba61161b25a  
219|HJ@30238I|2023-01-12 01:57:27.049|1|NULL|16a17a48-d09b-11ea-9579-bba61161b25a  
220|CD#78695O|2023-01-12 01:57:27.049|1|NULL|16a17a48-d09b-11ea-9579-bba61161b25a  
221|CU%98883J|2023-01-12 01:57:27.049|1|NULL|16a17a48-d09b-11ea-9579-bba61161b25a  
222|TJ#42543K|2023-01-12 01:57:27.049|1|NULL|16a17a48-d09b-11ea-9579-bba61161b25a  
223|GO&41999Z|2023-01-12 01:57:27.049|1|NULL|16a17a48-d09b-11ea-9579-bba61161b25a  
224|LI%30693P|2023-01-12 01:57:27.049|1|NULL|16a17a48-d09b-11ea-9579-bba61161b25a  
225|KG%54156G|2023-01-12 01:57:27.049|1|NULL|16a17a48-d09b-11ea-9579-bba61161b25a  
226|SE@21618E|2023-01-12 01:57:27.049|1|NULL|16a17a48-d09b-11ea-9579-bba61161b25a  
227|DM@17753C|2023-01-12 01:57:27.049|1|NULL|16a17a48-d09b-11ea-9579-bba61161b25a  
228|YE&85223F|2023-01-12 01:57:27.049|1|NULL|16a17a48-d09b-11ea-9579-bba61161b25a  
229|DF#88191V|2023-01-12 01:57:27.049|1|NULL|16a17a48-d09b-11ea-9579-bba61161b25a  
230|AK@59978C|2023-01-12 01:57:27.049|1|NULL|16a17a48-d09b-11ea-9579-bba61161b25a  
231|GD&03567F|2023-01-12 01:57:27.049|1|NULL|16a17a48-d09b-11ea-9579-bba61161b25a  
232|JJ&51278Q|2023-01-12 01:57:27.049|1|NULL|16a17a48-d09b-11ea-9579-bba61161b25a  
233|BK@36943W|2023-01-12 01:57:27.049|1|NULL|16a17a48-d09b-11ea-9579-bba61161b25a  
234|BM%98375Y|2023-01-12 01:57:27.049|1|NULL|16a17a48-d09b-11ea-9579-bba61161b25a  
235|BC&13243O|2023-01-12 01:57:27.049|1|NULL|16a17a48-d09b-11ea-9579-bba61161b25a  
236|HI&68839Y|2023-01-12 01:57:27.049|1|NULL|16a17a48-d09b-11ea-9579-bba61161b25a  
237|ER@28541B|2023-01-12 01:57:27.049|1|NULL|16a17a48-d09b-11ea-9579-bba61161b25a  
238|OC@38669B|2023-01-12 01:57:27.049|1|NULL|16a17a48-d09b-11ea-9579-bba61161b25a  
239|AC%90661C|2023-01-12 01:57:27.049|1|NULL|16a17a48-d09b-11ea-9579-bba61161b25a  
240|QC@77128R|2023-01-12 01:57:27.049|1|NULL|16a17a48-d09b-11ea-9579-bba61161b25a  
241|GI@28339X|2023-01-12 01:57:27.049|1|NULL|16a17a48-d09b-11ea-9579-bba61161b25a  
242|BJ%18777J|2023-01-12 01:57:27.049|1|NULL|16a17a48-d09b-11ea-9579-bba61161b25a  
243|JV@46406N|2023-01-12 01:57:27.049|1|NULL|16a17a48-d09b-11ea-9579-bba61161b25a  
244|WY@81305T|2023-01-12 01:57:27.049|1|NULL|16a17a48-d09b-11ea-9579-bba61161b25a  
245|DG#99712R|2023-01-12 01:57:27.049|1|NULL|16a17a48-d09b-11ea-9579-bba61161b25a  
246|OL@23412C|2023-01-12 01:57:27.049|1|NULL|16a17a48-d09b-11ea-9579-bba61161b25a  
247|YH@82420T|2023-01-12 01:57:27.049|1|NULL|16a17a48-d09b-11ea-9579-bba61161b25a  
248|IO%27882Q|2023-01-12 01:57:27.049|1|NULL|16a17a48-d09b-11ea-9579-bba61161b25a  
249|DZ#80128K|2023-01-12 01:57:27.049|1|NULL|16a17a48-d09b-11ea-9579-bba61161b25a  
250|RL#31908F|2023-01-12 01:57:27.049|1|NULL|16a17a48-d09b-11ea-9579-bba61161b25a  
251|DM#47015S|2023-01-12 01:57:27.049|1|NULL|16a17a48-d09b-11ea-9579-bba61161b25a  
252|CD%61987J|2023-01-12 01:57:27.049|1|NULL|16a17a48-d09b-11ea-9579-bba61161b25a  
253|BB#87038G|2023-01-12 01:57:27.049|1|NULL|16a17a48-d09b-11ea-9579-bba61161b25a  
254|ED#83476P|2023-01-12 01:57:27.049|1|NULL|16a17a48-d09b-11ea-9579-bba61161b25a  
255|LT#87802E|2023-01-12 01:57:27.049|1|NULL|16a17a48-d09b-11ea-9579-bba61161b25a  
256|LS@48547R|2023-01-12 01:57:27.049|1|NULL|16a17a48-d09b-11ea-9579-bba61161b25a  
257|KV#76888R|2023-01-12 01:57:27.049|1|NULL|16a17a48-d09b-11ea-9579-bba61161b25a  
258|PM@83709J|2023-01-12 01:57:27.049|1|NULL|16a17a48-d09b-11ea-9579-bba61161b25a  
259|BK#62188O|2023-01-12 01:57:27.049|1|NULL|16a17a48-d09b-11ea-9579-bba61161b25a  
260|TL%32096Y|2023-01-12 01:57:27.049|1|NULL|16a17a48-d09b-11ea-9579-bba61161b25a  
261|FR#98337R|2023-01-12 01:57:27.049|1|NULL|16a17a48-d09b-11ea-9579-bba61161b25a  
262|SZ@85553I|2023-01-12 01:57:27.049|1|NULL|16a17a48-d09b-11ea-9579-bba61161b25a  
263|VE@84750P|2023-01-12 01:57:27.049|1|NULL|16a17a48-d09b-11ea-9579-bba61161b25a  
264|IZ&12468R|2023-01-12 01:57:27.049|1|NULL|16a17a48-d09b-11ea-9579-bba61161b25a  
265|MI%84037J|2023-01-12 01:57:27.049|1|NULL|16a17a48-d09b-11ea-9579-bba61161b25a  
266|OL&60859G|2023-01-12 01:57:27.049|1|NULL|16a17a48-d09b-11ea-9579-bba61161b25a  
267|GJ&28182O|2023-01-12 01:57:27.049|1|NULL|16a17a48-d09b-11ea-9579-bba61161b25a  
268|TN%38923F|2023-01-12 01:57:27.049|1|NULL|16a17a48-d09b-11ea-9579-bba61161b25a  
269|WF%58072K|2023-01-12 01:57:27.049|1|NULL|16a17a48-d09b-11ea-9579-bba61161b25a  
270|VU#71758U|2023-01-12 01:57:27.049|1|NULL|16a17a48-d09b-11ea-9579-bba61161b25a  
271|SN#16119D|2023-01-12 01:57:27.049|1|NULL|16a17a48-d09b-11ea-9579-bba61161b25a  
272|WJ&16105C|2023-01-12 01:57:27.049|1|NULL|16a17a48-d09b-11ea-9579-bba61161b25a  
273|JT@31449E|2023-01-12 01:57:27.049|1|NULL|16a17a48-d09b-11ea-9579-bba61161b25a  
274|SY#00996H|2023-01-12 01:57:27.049|1|NULL|16a17a48-d09b-11ea-9579-bba61161b25a  
275|TG#79383A|2023-01-12 01:57:27.049|1|NULL|16a17a48-d09b-11ea-9579-bba61161b25a  
276|RB#41619Q|2023-01-12 01:57:27.049|1|NULL|16a17a48-d09b-11ea-9579-bba61161b25a  
277|TV%01201U|2023-01-12 01:57:27.049|1|NULL|16a17a48-d09b-11ea-9579-bba61161b25a  
278|IK@18639A|2023-01-12 01:57:27.049|1|NULL|16a17a48-d09b-11ea-9579-bba61161b25a  
279|FW@54720E|2023-01-12 01:57:27.049|1|NULL|16a17a48-d09b-11ea-9579-bba61161b25a  
280|BC#67147M|2023-01-12 01:57:27.049|1|NULL|16a17a48-d09b-11ea-9579-bba61161b25a  
281|XB#50146X|2023-01-12 01:57:27.049|1|NULL|16a17a48-d09b-11ea-9579-bba61161b25a  
282|WS@46581S|2023-01-12 01:57:27.049|1|NULL|16a17a48-d09b-11ea-9579-bba61161b25a  
283|MM#95046A|2023-01-12 01:57:27.049|1|NULL|16a17a48-d09b-11ea-9579-bba61161b25a  
284|UY@94588M|2023-01-12 01:57:27.049|1|NULL|16a17a48-d09b-11ea-9579-bba61161b25a  
285|TZ&11658H|2023-01-12 01:57:27.049|1|NULL|16a17a48-d09b-11ea-9579-bba61161b25a  
286|XU#32755L|2023-01-12 01:57:27.049|1|NULL|16a17a48-d09b-11ea-9579-bba61161b25a  
287|TO@43226I|2023-01-12 01:57:27.049|1|NULL|16a17a48-d09b-11ea-9579-bba61161b25a  
288|GB&15108A|2023-01-12 01:57:27.049|1|NULL|16a17a48-d09b-11ea-9579-bba61161b25a  
289|CJ&87927N|2023-01-12 01:57:27.049|1|NULL|16a17a48-d09b-11ea-9579-bba61161b25a  
290|GT@46414V|2023-01-12 01:57:27.049|1|NULL|16a17a48-d09b-11ea-9579-bba61161b25a  
291|FU&52693X|2023-01-12 01:57:27.049|1|NULL|16a17a48-d09b-11ea-9579-bba61161b25a  
292|IG%59928D|2023-01-12 01:57:27.049|1|NULL|16a17a48-d09b-11ea-9579-bba61161b25a  
293|TB#08908A|2023-01-12 01:57:27.049|1|NULL|16a17a48-d09b-11ea-9579-bba61161b25a  
294|UF&19206I|2023-01-12 01:57:27.049|1|NULL|16a17a48-d09b-11ea-9579-bba61161b25a  
295|YX@51730I|2023-01-12 01:57:27.049|1|NULL|16a17a48-d09b-11ea-9579-bba61161b25a  
296|FP@97661C|2023-01-12 01:57:27.049|1|NULL|16a17a48-d09b-11ea-9579-bba61161b25a  
297|IK&22334S|2023-01-12 01:57:27.049|1|NULL|16a17a48-d09b-11ea-9579-bba61161b25a  
298|UZ&04792Z|2023-01-12 01:57:27.049|1|NULL|16a17a48-d09b-11ea-9579-bba61161b25a  
299|IT@37797X|2023-01-12 01:57:27.049|1|NULL|16a17a48-d09b-11ea-9579-bba61161b25a  
300|JR&07292R|2023-01-12 01:57:27.049|1|NULL|16a17a48-d09b-11ea-9579-bba61161b25a  
301|TY%42621D|2023-01-12 01:57:27.049|1|NULL|16a17a48-d09b-11ea-9579-bba61161b25a  
302|YI&22713I|2023-01-12 01:57:27.049|1|NULL|16a17a48-d09b-11ea-9579-bba61161b25a  
303|KF@90676M|2023-01-12 01:57:27.049|1|NULL|16a17a48-d09b-11ea-9579-bba61161b25a  
304|EW@07400K|2023-01-12 01:57:27.049|1|NULL|16a17a48-d09b-11ea-9579-bba61161b25a  
305|ZP%75881U|2023-01-12 01:57:27.049|1|NULL|16a17a48-d09b-11ea-9579-bba61161b25a  
306|AK&86679Q|2023-01-12 01:57:27.049|1|NULL|16a17a48-d09b-11ea-9579-bba61161b25a  
307|BN%56418W|2023-01-12 01:57:27.049|1|NULL|16a17a48-d09b-11ea-9579-bba61161b25a  
308|MT&72018A|2023-01-12 01:57:27.049|1|NULL|16a17a48-d09b-11ea-9579-bba61161b25a  
309|OZ&32513T|2023-01-12 01:57:27.049|1|NULL|16a17a48-d09b-11ea-9579-bba61161b25a  
310|FY%07821X|2023-01-12 01:57:27.049|1|NULL|16a17a48-d09b-11ea-9579-bba61161b25a  
311|BO@10130Q|2023-01-12 01:57:27.049|1|NULL|16a17a48-d09b-11ea-9579-bba61161b25a  
312|JZ@82494L|2023-01-12 01:57:27.049|1|NULL|16a17a48-d09b-11ea-9579-bba61161b25a  
313|ZY&19570O|2023-01-12 01:57:27.049|1|NULL|16a17a48-d09b-11ea-9579-bba61161b25a  
314|RY&07525P|2023-01-12 01:57:27.049|1|NULL|16a17a48-d09b-11ea-9579-bba61161b25a  
315|RK#21548H|2023-01-12 01:57:27.049|1|NULL|16a17a48-d09b-11ea-9579-bba61161b25a  
316|VY%71091X|2023-01-12 01:57:27.049|1|NULL|16a17a48-d09b-11ea-9579-bba61161b25a  
317|QB%26940U|2023-01-12 01:57:27.049|1|NULL|16a17a48-d09b-11ea-9579-bba61161b25a  
318|GN%62116X|2023-01-12 01:57:27.049|1|NULL|16a17a48-d09b-11ea-9579-bba61161b25a  
319|GI@08004Q|2023-01-12 01:57:27.049|1|NULL|16a17a48-d09b-11ea-9579-bba61161b25a  
320|RP#34632A|2023-01-12 01:57:27.049|1|NULL|16a17a48-d09b-11ea-9579-bba61161b25a  
321|DK&51702I|2023-01-12 01:57:27.049|1|NULL|16a17a48-d09b-11ea-9579-bba61161b25a  
322|JK%39963O|2023-01-12 01:57:27.049|1|NULL|16a17a48-d09b-11ea-9579-bba61161b25a  
323|CO#63284J|2023-01-12 01:57:27.049|1|NULL|16a17a48-d09b-11ea-9579-bba61161b25a  
324|SP&88047Y|2023-01-12 01:57:27.049|1|NULL|16a17a48-d09b-11ea-9579-bba61161b25a  
325|ID@52408R|2023-01-12 01:57:27.049|1|NULL|16a17a48-d09b-11ea-9579-bba61161b25a  
326|KV@54801B|2023-01-12 01:57:27.049|1|NULL|16a17a48-d09b-11ea-9579-bba61161b25a  
327|UU%73231K|2023-01-12 01:57:27.049|1|NULL|16a17a48-d09b-11ea-9579-bba61161b25a  
328|AL&42525Z|2023-01-12 01:57:27.049|1|NULL|16a17a48-d09b-11ea-9579-bba61161b25a  
329|AE@16338K|2023-01-12 01:57:27.049|1|NULL|16a17a48-d09b-11ea-9579-bba61161b25a  
330|LA%03112O|2023-01-12 01:57:27.049|1|NULL|16a17a48-d09b-11ea-9579-bba61161b25a  
331|VL&39596I|2023-01-12 01:57:27.049|1|NULL|16a17a48-d09b-11ea-9579-bba61161b25a  
332|UU&23632T|2023-01-12 01:57:27.049|1|NULL|16a17a48-d09b-11ea-9579-bba61161b25a  
333|TY%64408C|2023-01-12 01:57:27.049|1|NULL|16a17a48-d09b-11ea-9579-bba61161b25a  
334|KT%89685B|2023-01-12 01:57:27.049|1|NULL|16a17a48-d09b-11ea-9579-bba61161b25a  
335|MA%18806T|2023-01-12 01:57:27.049|1|NULL|16a17a48-d09b-11ea-9579-bba61161b25a  
336|QD#69227J|2023-01-12 01:57:27.049|1|NULL|16a17a48-d09b-11ea-9579-bba61161b25a  
337|WR#31465Y|2023-01-12 01:57:27.049|1|NULL|16a17a48-d09b-11ea-9579-bba61161b25a  
338|VE%64236J|2023-01-12 01:57:27.049|1|NULL|16a17a48-d09b-11ea-9579-bba61161b25a  
339|SW&67901G|2023-01-12 01:57:27.049|1|NULL|16a17a48-d09b-11ea-9579-bba61161b25a  
340|NX@74787L|2023-01-12 01:57:27.049|1|NULL|16a17a48-d09b-11ea-9579-bba61161b25a  
341|NV%48274J|2023-01-12 01:57:27.049|1|NULL|16a17a48-d09b-11ea-9579-bba61161b25a  
342|IP&39413W|2023-01-12 01:57:27.049|1|NULL|16a17a48-d09b-11ea-9579-bba61161b25a  
343|FU#50208L|2023-01-12 01:57:27.049|1|NULL|16a17a48-d09b-11ea-9579-bba61161b25a  
344|JH%58405L|2023-01-12 01:57:27.049|1|NULL|16a17a48-d09b-11ea-9579-bba61161b25a  
345|JV#26544S|2023-01-12 01:57:27.049|1|NULL|16a17a48-d09b-11ea-9579-bba61161b25a  
346|XY@69323I|2023-01-12 01:57:27.049|1|NULL|16a17a48-d09b-11ea-9579-bba61161b25a  
347|UT&61438L|2023-01-12 01:57:27.049|1|NULL|16a17a48-d09b-11ea-9579-bba61161b25a  
348|TR&22882E|2023-01-12 01:57:27.049|1|NULL|16a17a48-d09b-11ea-9579-bba61161b25a  
349|AB%52417H|2023-01-12 01:57:27.049|1|NULL|16a17a48-d09b-11ea-9579-bba61161b25a  
350|OE@12170G|2023-01-12 01:57:27.049|1|NULL|16a17a48-d09b-11ea-9579-bba61161b25a  
351|IG#62628O|2023-01-12 01:57:27.049|1|NULL|16a17a48-d09b-11ea-9579-bba61161b25a  
352|KX@19836Y|2023-01-12 01:57:27.049|1|NULL|16a17a48-d09b-11ea-9579-bba61161b25a  
353|OC@37954L|2023-01-12 01:57:27.049|1|NULL|16a17a48-d09b-11ea-9579-bba61161b25a  
354|QO#12233G|2023-01-12 01:57:27.049|1|NULL|16a17a48-d09b-11ea-9579-bba61161b25a  
355|UN@77506N|2023-01-12 01:57:27.049|1|NULL|16a17a48-d09b-11ea-9579-bba61161b25a  
356|LV&58856W|2023-01-12 01:57:27.049|1|NULL|16a17a48-d09b-11ea-9579-bba61161b25a  
357|RW%67531S|2023-01-12 01:57:27.049|1|NULL|16a17a48-d09b-11ea-9579-bba61161b25a  
358|BY&31328U|2023-01-12 01:57:27.049|1|NULL|16a17a48-d09b-11ea-9579-bba61161b25a  
359|AF@38856G|2023-01-12 01:57:27.049|1|NULL|16a17a48-d09b-11ea-9579-bba61161b25a  
360|MD@43211X|2023-01-12 01:57:27.049|1|NULL|16a17a48-d09b-11ea-9579-bba61161b25a  
361|RC%99608L|2023-01-12 01:57:27.049|1|NULL|16a17a48-d09b-11ea-9579-bba61161b25a  
362|VN&94293G|2023-01-12 01:57:27.049|1|NULL|16a17a48-d09b-11ea-9579-bba61161b25a  
363|CU&68328S|2023-01-12 01:57:27.049|1|NULL|16a17a48-d09b-11ea-9579-bba61161b25a  
364|TU&87522H|2023-01-12 01:57:27.049|1|NULL|16a17a48-d09b-11ea-9579-bba61161b25a  
365|II%69354N|2023-01-12 01:57:27.049|1|NULL|16a17a48-d09b-11ea-9579-bba61161b25a  
366|LK%28654Y|2023-01-12 01:57:27.049|1|NULL|16a17a48-d09b-11ea-9579-bba61161b25a  
367|BT&91899G|2023-01-12 01:57:27.049|1|NULL|16a17a48-d09b-11ea-9579-bba61161b25a  
368|JF#33274G|2023-01-12 01:57:27.049|1|NULL|16a17a48-d09b-11ea-9579-bba61161b25a  
369|HI@36446X|2023-01-12 01:57:27.049|1|NULL|16a17a48-d09b-11ea-9579-bba61161b25a  
370|NH@72453G|2023-01-12 01:57:27.049|1|NULL|16a17a48-d09b-11ea-9579-bba61161b25a  
371|RL@43610X|2023-01-12 01:57:27.049|1|NULL|16a17a48-d09b-11ea-9579-bba61161b25a  
372|VB@05090J|2023-01-12 01:57:27.049|1|NULL|16a17a48-d09b-11ea-9579-bba61161b25a  
373|IF#59355T|2023-01-12 01:57:27.049|1|NULL|16a17a48-d09b-11ea-9579-bba61161b25a  
374|UE@84702V|2023-01-12 01:57:27.049|1|NULL|16a17a48-d09b-11ea-9579-bba61161b25a  
375|FG%18870M|2023-01-12 01:57:27.049|1|NULL|16a17a48-d09b-11ea-9579-bba61161b25a  
376|QY@84708Q|2023-01-12 01:57:27.049|1|NULL|16a17a48-d09b-11ea-9579-bba61161b25a  
377|UC@57811K|2023-01-12 01:57:27.049|1|NULL|16a17a48-d09b-11ea-9579-bba61161b25a  
378|UT%32832J|2023-01-12 01:57:27.049|1|NULL|16a17a48-d09b-11ea-9579-bba61161b25a  
379|JL@45987B|2023-01-12 01:57:27.049|1|NULL|16a17a48-d09b-11ea-9579-bba61161b25a  
380|EA#10944D|2023-01-12 01:57:27.049|1|NULL|16a17a48-d09b-11ea-9579-bba61161b25a  
381|WV@30411G|2023-01-12 01:57:27.049|1|NULL|16a17a48-d09b-11ea-9579-bba61161b25a  
382|JD%04577N|2023-01-12 01:57:27.049|1|NULL|16a17a48-d09b-11ea-9579-bba61161b25a  
383|RB&45832N|2023-01-12 01:57:27.049|1|NULL|16a17a48-d09b-11ea-9579-bba61161b25a  
384|HB@92826S|2023-01-12 01:57:27.049|1|NULL|16a17a48-d09b-11ea-9579-bba61161b25a  
385|SK@92624V|2023-01-12 01:57:27.049|1|NULL|16a17a48-d09b-11ea-9579-bba61161b25a  
386|FR@07758A|2023-01-12 01:57:27.049|1|NULL|16a17a48-d09b-11ea-9579-bba61161b25a  
387|GC#13750U|2023-01-12 01:57:27.049|1|NULL|16a17a48-d09b-11ea-9579-bba61161b25a  
388|IO&67151R|2023-01-12 01:57:27.049|1|NULL|16a17a48-d09b-11ea-9579-bba61161b25a  
389|AJ#77602K|2023-01-12 01:57:27.049|1|NULL|16a17a48-d09b-11ea-9579-bba61161b25a  
390|WS@59847V|2023-01-12 01:57:27.049|1|NULL|16a17a48-d09b-11ea-9579-bba61161b25a  
391|UB%65091D|2023-01-12 01:57:27.049|1|NULL|16a17a48-d09b-11ea-9579-bba61161b25a  
392|VW%45355R|2023-01-12 01:57:27.049|1|NULL|16a17a48-d09b-11ea-9579-bba61161b25a  
393|HI&17117V|2023-01-12 01:57:27.049|1|NULL|16a17a48-d09b-11ea-9579-bba61161b25a  
394|HV&31482H|2023-01-12 01:57:27.049|1|NULL|16a17a48-d09b-11ea-9579-bba61161b25a  
395|QF@65112S|2023-01-12 01:57:27.049|1|NULL|16a17a48-d09b-11ea-9579-bba61161b25a  
396|XN#86990G|2023-01-12 01:57:27.049|1|NULL|16a17a48-d09b-11ea-9579-bba61161b25a  
397|YE&02806S|2023-01-12 01:57:27.049|1|NULL|16a17a48-d09b-11ea-9579-bba61161b25a  
398|QC&54470E|2023-01-12 01:57:27.049|1|NULL|16a17a48-d09b-11ea-9579-bba61161b25a  
399|IN%11877H|2023-01-12 01:57:27.049|1|NULL|16a17a48-d09b-11ea-9579-bba61161b25a  
400|FN@61026N|2023-01-12 01:57:27.049|1|NULL|16a17a48-d09b-11ea-9579-bba61161b25a  
401|LY@52713D|2023-01-12 01:57:27.049|1|NULL|16a17a48-d09b-11ea-9579-bba61161b25a  
402|XQ%47767A|2023-01-12 01:57:27.049|1|NULL|16a17a48-d09b-11ea-9579-bba61161b25a  
403|MT#92781G|2023-01-12 01:57:27.049|1|NULL|16a17a48-d09b-11ea-9579-bba61161b25a  
404|TO#26698E|2023-01-12 01:57:27.049|1|NULL|16a17a48-d09b-11ea-9579-bba61161b25a  
405|GF#21153W|2023-01-12 01:57:27.049|1|NULL|16a17a48-d09b-11ea-9579-bba61161b25a  
406|ZM#17960I|2023-01-12 01:57:27.049|1|NULL|16a17a48-d09b-11ea-9579-bba61161b25a  
407|JJ%21747U|2023-01-12 01:57:27.049|1|NULL|16a17a48-d09b-11ea-9579-bba61161b25a  
408|RI%14949E|2023-01-12 01:57:27.049|1|NULL|16a17a48-d09b-11ea-9579-bba61161b25a  
409|XP&28997U|2023-01-12 01:57:27.049|1|NULL|16a17a48-d09b-11ea-9579-bba61161b25a  
410|IV#72795D|2023-01-12 01:57:27.049|1|NULL|16a17a48-d09b-11ea-9579-bba61161b25a  
411|SA#58107K|2023-01-12 01:57:27.049|1|NULL|16a17a48-d09b-11ea-9579-bba61161b25a  
412|FX@10501E|2023-01-12 01:57:27.049|1|NULL|16a17a48-d09b-11ea-9579-bba61161b25a  
413|IN@34973E|2023-01-12 01:57:27.049|1|NULL|16a17a48-d09b-11ea-9579-bba61161b25a  
414|IS&98129B|2023-01-12 01:57:27.049|1|NULL|16a17a48-d09b-11ea-9579-bba61161b25a  
415|MM&54982V|2023-01-12 01:57:27.049|1|NULL|16a17a48-d09b-11ea-9579-bba61161b25a  
416|PS%44202A|2023-01-12 01:57:27.049|1|NULL|16a17a48-d09b-11ea-9579-bba61161b25a  
417|PW#41409I|2023-01-12 01:57:27.049|1|NULL|16a17a48-d09b-11ea-9579-bba61161b25a  
418|HV&53748Q|2023-01-12 01:57:27.049|1|NULL|16a17a48-d09b-11ea-9579-bba61161b25a  
419|PB#46630K|2023-01-12 01:57:27.049|1|NULL|16a17a48-d09b-11ea-9579-bba61161b25a  
420|TD@70724M|2023-01-12 01:57:27.049|1|NULL|16a17a48-d09b-11ea-9579-bba61161b25a  
421|MQ%58020F|2023-01-12 01:57:27.049|1|NULL|16a17a48-d09b-11ea-9579-bba61161b25a  
422|SD%64230U|2023-01-12 01:57:27.049|1|NULL|16a17a48-d09b-11ea-9579-bba61161b25a  
423|RI@63331I|2023-01-12 01:57:27.049|1|NULL|16a17a48-d09b-11ea-9579-bba61161b25a  
424|DD@13359R|2023-01-12 01:57:27.049|1|NULL|16a17a48-d09b-11ea-9579-bba61161b25a  
425|CV@31157S|2023-01-12 01:57:27.049|1|NULL|16a17a48-d09b-11ea-9579-bba61161b25a  
426|JT%87598Z|2023-01-12 01:57:27.049|1|NULL|16a17a48-d09b-11ea-9579-bba61161b25a  
427|SQ#24023P|2023-01-12 01:57:27.049|1|NULL|16a17a48-d09b-11ea-9579-bba61161b25a  
428|YY#36177Z|2023-01-12 01:57:27.049|1|NULL|16a17a48-d09b-11ea-9579-bba61161b25a  
429|PT%67760P|2023-01-12 01:57:27.049|1|NULL|16a17a48-d09b-11ea-9579-bba61161b25a  
430|HO#01084G|2023-01-12 01:57:27.049|1|NULL|16a17a48-d09b-11ea-9579-bba61161b25a  
431|DJ@70739L|2023-01-12 01:57:27.049|1|NULL|16a17a48-d09b-11ea-9579-bba61161b25a  
432|QD&97294L|2023-01-12 01:57:27.049|1|NULL|16a17a48-d09b-11ea-9579-bba61161b25a  
433|HX#26664Z|2023-01-12 01:57:27.049|1|NULL|16a17a48-d09b-11ea-9579-bba61161b25a  
434|LW&12572M|2023-01-12 01:57:27.049|1|NULL|16a17a48-d09b-11ea-9579-bba61161b25a  
435|CH&69518D|2023-01-12 01:57:27.049|1|NULL|16a17a48-d09b-11ea-9579-bba61161b25a  
436|XU#24345U|2023-01-12 01:57:27.049|1|NULL|16a17a48-d09b-11ea-9579-bba61161b25a  
437|FN%17991M|2023-01-12 01:57:27.049|1|NULL|16a17a48-d09b-11ea-9579-bba61161b25a  
438|XW#97238A|2023-01-12 01:57:27.049|1|NULL|16a17a48-d09b-11ea-9579-bba61161b25a  
439|WN%59991F|2023-01-12 01:57:27.049|1|NULL|16a17a48-d09b-11ea-9579-bba61161b25a  
440|AR&94765Y|2023-01-12 01:57:27.049|1|NULL|16a17a48-d09b-11ea-9579-bba61161b25a  
441|GU@21685H|2023-01-12 01:57:27.049|1|NULL|16a17a48-d09b-11ea-9579-bba61161b25a  
442|IB#18508X|2023-01-12 01:57:27.049|1|NULL|16a17a48-d09b-11ea-9579-bba61161b25a  
443|JY@77719Z|2023-01-12 01:57:27.049|1|NULL|16a17a48-d09b-11ea-9579-bba61161b25a  
444|MT&02325K|2023-01-12 01:57:27.049|1|NULL|16a17a48-d09b-11ea-9579-bba61161b25a  
445|HF%18020H|2023-01-12 01:57:27.049|1|NULL|16a17a48-d09b-11ea-9579-bba61161b25a  
446|ZX#82162W|2023-01-12 01:57:27.049|1|NULL|16a17a48-d09b-11ea-9579-bba61161b25a  
447|WP&30290M|2023-01-12 01:57:27.049|1|NULL|16a17a48-d09b-11ea-9579-bba61161b25a  
448|NL%60295Y|2023-01-12 01:57:27.049|1|NULL|16a17a48-d09b-11ea-9579-bba61161b25a  
449|AA%13800R|2023-01-12 01:57:27.049|1|NULL|16a17a48-d09b-11ea-9579-bba61161b25a  
450|BW#16264A|2023-01-12 01:57:27.049|1|NULL|16a17a48-d09b-11ea-9579-bba61161b25a  
451|YZ%18975C|2023-01-12 01:57:27.049|1|NULL|16a17a48-d09b-11ea-9579-bba61161b25a  
452|VT#06675O|2023-01-12 01:57:27.049|1|NULL|16a17a48-d09b-11ea-9579-bba61161b25a  
453|JM#92335Y|2023-01-12 01:57:27.049|1|NULL|16a17a48-d09b-11ea-9579-bba61161b25a  
454|EF&01066N|2023-01-12 01:57:27.049|1|NULL|16a17a48-d09b-11ea-9579-bba61161b25a  
455|KE&44181W|2023-01-12 01:57:27.049|1|NULL|16a17a48-d09b-11ea-9579-bba61161b25a  
456|QT%23040J|2023-01-12 01:57:27.049|1|NULL|16a17a48-d09b-11ea-9579-bba61161b25a  
457|XG#55300V|2023-01-12 01:57:27.049|1|NULL|16a17a48-d09b-11ea-9579-bba61161b25a  
458|XF%61150I|2023-01-12 01:57:27.049|1|NULL|16a17a48-d09b-11ea-9579-bba61161b25a  
459|KF&50103X|2023-01-12 01:57:27.049|1|NULL|16a17a48-d09b-11ea-9579-bba61161b25a  
460|YA%67839Y|2023-01-12 01:57:27.049|1|NULL|16a17a48-d09b-11ea-9579-bba61161b25a  
461|KF%05509Q|2023-01-12 01:57:27.049|1|NULL|16a17a48-d09b-11ea-9579-bba61161b25a  
462|ZW@29876F|2023-01-12 01:57:27.049|1|NULL|16a17a48-d09b-11ea-9579-bba61161b25a  
463|MQ&58877S|2023-01-12 01:57:27.049|1|NULL|16a17a48-d09b-11ea-9579-bba61161b25a  
464|UE@53555R|2023-01-12 01:57:27.049|1|NULL|16a17a48-d09b-11ea-9579-bba61161b25a  
465|QK#70545J|2023-01-12 01:57:27.049|1|NULL|16a17a48-d09b-11ea-9579-bba61161b25a  
466|RD%67752H|2023-01-12 01:57:27.049|1|NULL|16a17a48-d09b-11ea-9579-bba61161b25a  
467|BT&36773F|2023-01-12 01:57:27.049|1|NULL|16a17a48-d09b-11ea-9579-bba61161b25a  
468|YD&38637M|2023-01-12 01:57:27.049|1|NULL|16a17a48-d09b-11ea-9579-bba61161b25a  
469|VZ#39541N|2023-01-12 01:57:27.049|1|NULL|16a17a48-d09b-11ea-9579-bba61161b25a  
470|XB&84179A|2023-01-12 01:57:27.049|1|NULL|16a17a48-d09b-11ea-9579-bba61161b25a  
471|ZC#42895R|2023-01-12 01:57:27.049|1|NULL|16a17a48-d09b-11ea-9579-bba61161b25a  
472|XS&92745W|2023-01-12 01:57:27.049|1|NULL|16a17a48-d09b-11ea-9579-bba61161b25a  
473|XU#37954G|2023-01-12 01:57:27.049|1|NULL|16a17a48-d09b-11ea-9579-bba61161b25a  
474|XY&34450T|2023-01-12 01:57:27.049|1|NULL|16a17a48-d09b-11ea-9579-bba61161b25a  
475|XF@84684F|2023-01-12 01:57:27.049|1|NULL|16a17a48-d09b-11ea-9579-bba61161b25a  
476|KH@77372M|2023-01-12 01:57:27.049|1|NULL|16a17a48-d09b-11ea-9579-bba61161b25a  
477|DV%06646P|2023-01-12 01:57:27.049|1|NULL|16a17a48-d09b-11ea-9579-bba61161b25a  
478|BI%37047Q|2023-01-12 01:57:27.049|1|NULL|16a17a48-d09b-11ea-9579-bba61161b25a  
479|UD&53232X|2023-01-12 01:57:27.049|1|NULL|16a17a48-d09b-11ea-9579-bba61161b25a  
480|AF#32655I|2023-01-12 01:57:27.049|1|NULL|16a17a48-d09b-11ea-9579-bba61161b25a  
481|UO&71868I|2023-01-12 01:57:27.049|1|NULL|16a17a48-d09b-11ea-9579-bba61161b25a  
482|RF%85665S|2023-01-12 01:57:27.049|1|NULL|16a17a48-d09b-11ea-9579-bba61161b25a  
483|FY&34619T|2023-01-12 01:57:27.049|1|NULL|16a17a48-d09b-11ea-9579-bba61161b25a  
484|YB&46848K|2023-01-12 01:57:27.049|1|NULL|16a17a48-d09b-11ea-9579-bba61161b25a  
485|EV%64677H|2023-01-12 01:57:27.049|1|NULL|16a17a48-d09b-11ea-9579-bba61161b25a  
486|AF%33669B|2023-01-12 01:57:27.049|1|NULL|16a17a48-d09b-11ea-9579-bba61161b25a  
487|CA@64666O|2023-01-12 01:57:27.049|1|NULL|16a17a48-d09b-11ea-9579-bba61161b25a  
488|VS%18457Z|2023-01-12 01:57:27.049|1|NULL|16a17a48-d09b-11ea-9579-bba61161b25a  
489|CE@27679J|2023-01-12 01:57:27.049|1|NULL|16a17a48-d09b-11ea-9579-bba61161b25a  
490|QK%57925S|2023-01-12 01:57:27.049|1|NULL|16a17a48-d09b-11ea-9579-bba61161b25a  
491|GX%22642M|2023-01-12 01:57:27.049|1|NULL|16a17a48-d09b-11ea-9579-bba61161b25a  
492|KR#53741Q|2023-01-12 01:57:27.049|1|NULL|16a17a48-d09b-11ea-9579-bba61161b25a  
493|YQ@79442O|2023-01-12 01:57:27.049|1|NULL|16a17a48-d09b-11ea-9579-bba61161b25a  
494|TO@91141O|2023-01-12 01:57:27.049|1|NULL|16a17a48-d09b-11ea-9579-bba61161b25a  
495|KA%02865O|2023-01-12 01:57:27.049|1|NULL|16a17a48-d09b-11ea-9579-bba61161b25a  
496|ZX#12428G|2023-01-12 01:57:27.049|1|NULL|16a17a48-d09b-11ea-9579-bba61161b25a  
497|DO&05955U|2023-01-12 01:57:27.049|1|NULL|16a17a48-d09b-11ea-9579-bba61161b25a  
498|NY#17376H|2023-01-12 01:57:27.049|1|NULL|16a17a48-d09b-11ea-9579-bba61161b25a  
499|IM#13378E|2023-01-12 01:57:27.049|1|NULL|16a17a48-d09b-11ea-9579-bba61161b25a  
500|XC@07253S|2023-01-12 01:57:27.049|1|NULL|16a17a48-d09b-11ea-9579-bba61161b25a  
501|DN&59317G|2023-01-12 01:57:27.049|1|NULL|16a17a48-d09b-11ea-9579-bba61161b25a  
502|QI#58071S|2023-01-12 01:57:27.049|1|NULL|16a17a48-d09b-11ea-9579-bba61161b25a  
503|UT&01076H|2023-01-12 01:57:27.049|1|NULL|16a17a48-d09b-11ea-9579-bba61161b25a  
504|PW#53685M|2023-01-12 01:57:27.049|1|NULL|16a17a48-d09b-11ea-9579-bba61161b25a  
505|QX&40110K|2023-01-12 01:57:27.049|1|NULL|16a17a48-d09b-11ea-9579-bba61161b25a  
506|LE&35588X|2023-01-12 01:57:27.049|1|NULL|16a17a48-d09b-11ea-9579-bba61161b25a  
507|WZ%29830X|2023-01-12 01:57:27.049|1|NULL|16a17a48-d09b-11ea-9579-bba61161b25a  
508|CW%27173K|2023-01-12 01:57:27.049|1|NULL|16a17a48-d09b-11ea-9579-bba61161b25a  
509|SE&41951V|2023-01-12 01:57:27.049|1|NULL|16a17a48-d09b-11ea-9579-bba61161b25a  
510|KC&38588A|2023-01-12 01:57:27.049|1|NULL|16a17a48-d09b-11ea-9579-bba61161b25a  
511|YU%92523Y|2023-01-12 01:57:27.049|1|NULL|16a17a48-d09b-11ea-9579-bba61161b25a  
512|BB@15165B|2023-01-12 01:57:27.049|1|NULL|16a17a48-d09b-11ea-9579-bba61161b25a  
513|HZ&31315T|2023-01-12 01:57:27.049|1|NULL|16a17a48-d09b-11ea-9579-bba61161b25a  
514|JD&36290I|2023-01-12 01:57:27.049|1|NULL|16a17a48-d09b-11ea-9579-bba61161b25a  
515|QZ@40035Z|2023-01-12 01:57:27.049|1|NULL|16a17a48-d09b-11ea-9579-bba61161b25a  
516|DW&55128X|2023-01-12 01:57:27.049|1|NULL|16a17a48-d09b-11ea-9579-bba61161b25a  
517|MW%66904Q|2023-01-12 01:57:27.049|1|NULL|16a17a48-d09b-11ea-9579-bba61161b25a  
518|JG#71926F|2023-01-12 01:57:27.049|1|NULL|16a17a48-d09b-11ea-9579-bba61161b25a  
519|BJ&59979C|2023-01-12 01:57:27.049|1|NULL|16a17a48-d09b-11ea-9579-bba61161b25a  
520|EV%84458L|2023-01-12 01:57:27.049|1|NULL|16a17a48-d09b-11ea-9579-bba61161b25a  
521|JQ@55449N|2023-01-12 01:57:27.049|1|NULL|16a17a48-d09b-11ea-9579-bba61161b25a  
522|DE%50508H|2023-01-12 01:57:27.049|1|NULL|16a17a48-d09b-11ea-9579-bba61161b25a  
523|QN&67849V|2023-01-12 01:57:27.049|1|NULL|16a17a48-d09b-11ea-9579-bba61161b25a  
524|IQ%36691D|2023-01-12 01:57:27.049|1|NULL|16a17a48-d09b-11ea-9579-bba61161b25a  
525|JR@08883S|2023-01-12 01:57:27.049|1|NULL|16a17a48-d09b-11ea-9579-bba61161b25a  
526|OM&61095D|2023-01-12 01:57:27.049|1|NULL|16a17a48-d09b-11ea-9579-bba61161b25a  
527|BE%12143C|2023-01-12 01:57:27.049|1|NULL|16a17a48-d09b-11ea-9579-bba61161b25a  
528|RW#91756E|2023-01-12 01:57:27.049|1|NULL|16a17a48-d09b-11ea-9579-bba61161b25a  
529|NF%05982U|2023-01-12 01:57:27.049|1|NULL|16a17a48-d09b-11ea-9579-bba61161b25a  
530|MC@64517I|2023-01-12 01:57:27.049|1|NULL|16a17a48-d09b-11ea-9579-bba61161b25a  
531|KL%68151M|2023-01-12 01:57:27.049|1|NULL|16a17a48-d09b-11ea-9579-bba61161b25a  
532|XL#82108F|2023-01-12 01:57:27.049|1|NULL|16a17a48-d09b-11ea-9579-bba61161b25a  
533|CP%34170Z|2023-01-12 01:57:27.049|1|NULL|16a17a48-d09b-11ea-9579-bba61161b25a  
534|UY#66871W|2023-01-12 01:57:27.049|1|NULL|16a17a48-d09b-11ea-9579-bba61161b25a  
535|MJ%59691U|2023-01-12 01:57:27.049|1|NULL|16a17a48-d09b-11ea-9579-bba61161b25a  
536|QY%72756E|2023-01-12 01:57:27.049|1|NULL|16a17a48-d09b-11ea-9579-bba61161b25a  
537|UR@39137Q|2023-01-12 01:57:27.049|1|NULL|16a17a48-d09b-11ea-9579-bba61161b25a  
538|AK#80357G|2023-01-12 01:57:27.049|1|NULL|16a17a48-d09b-11ea-9579-bba61161b25a  
539|HC%24352Z|2023-01-12 01:57:27.049|1|NULL|16a17a48-d09b-11ea-9579-bba61161b25a  
540|UC&11415Q|2023-01-12 01:57:27.049|1|NULL|16a17a48-d09b-11ea-9579-bba61161b25a  
541|JL&67480P|2023-01-12 01:57:27.049|1|NULL|16a17a48-d09b-11ea-9579-bba61161b25a  
542|TV#82634W|2023-01-12 01:57:27.049|1|NULL|16a17a48-d09b-11ea-9579-bba61161b25a  
543|NH%14457K|2023-01-12 01:57:27.049|1|NULL|16a17a48-d09b-11ea-9579-bba61161b25a  
544|CH#59104L|2023-01-12 01:57:27.049|1|NULL|16a17a48-d09b-11ea-9579-bba61161b25a  
545|SF@66073L|2023-01-12 01:57:27.049|1|NULL|16a17a48-d09b-11ea-9579-bba61161b25a  
546|SM%86847O|2023-01-12 01:57:27.049|1|NULL|16a17a48-d09b-11ea-9579-bba61161b25a  
547|AR#00181T|2023-01-12 01:57:27.049|1|NULL|16a17a48-d09b-11ea-9579-bba61161b25a  
548|QB&37824X|2023-01-12 01:57:27.049|1|NULL|16a17a48-d09b-11ea-9579-bba61161b25a  
549|ZT%23578E|2023-01-12 01:57:27.049|1|NULL|16a17a48-d09b-11ea-9579-bba61161b25a  
550|JX#95887H|2023-01-12 01:57:27.049|1|NULL|16a17a48-d09b-11ea-9579-bba61161b25a  
551|OT@26312B|2023-01-12 01:57:27.049|1|NULL|16a17a48-d09b-11ea-9579-bba61161b25a  
552|OT#73650U|2023-01-12 01:57:27.049|1|NULL|16a17a48-d09b-11ea-9579-bba61161b25a  
553|VQ@25385P|2023-01-12 01:57:27.049|1|NULL|16a17a48-d09b-11ea-9579-bba61161b25a  
554|QH%69880J|2023-01-12 01:57:27.049|1|NULL|16a17a48-d09b-11ea-9579-bba61161b25a  
555|LK%30988C|2023-01-12 01:57:27.049|1|NULL|16a17a48-d09b-11ea-9579-bba61161b25a  
556|EL%42350Z|2023-01-12 01:57:27.049|1|NULL|16a17a48-d09b-11ea-9579-bba61161b25a  
557|PX#32082O|2023-01-12 01:57:27.049|1|NULL|16a17a48-d09b-11ea-9579-bba61161b25a  
558|PW@64913W|2023-01-12 01:57:27.049|1|NULL|16a17a48-d09b-11ea-9579-bba61161b25a  
559|YP@27484I|2023-01-12 01:57:27.049|1|NULL|16a17a48-d09b-11ea-9579-bba61161b25a  
560|XS@56877K|2023-01-12 01:57:27.049|1|NULL|16a17a48-d09b-11ea-9579-bba61161b25a  
561|RJ&27844Y|2023-01-12 01:57:27.049|1|NULL|16a17a48-d09b-11ea-9579-bba61161b25a  
562|FO&09837K|2023-01-12 01:57:27.049|1|NULL|16a17a48-d09b-11ea-9579-bba61161b25a  
563|CD#16231N|2023-01-12 01:57:27.049|1|NULL|16a17a48-d09b-11ea-9579-bba61161b25a  
564|NL%78927M|2023-01-12 01:57:27.049|1|NULL|16a17a48-d09b-11ea-9579-bba61161b25a  
565|BY&61255L|2023-01-12 01:57:27.049|1|NULL|16a17a48-d09b-11ea-9579-bba61161b25a  
566|BO%40726O|2023-01-12 01:57:27.049|1|NULL|16a17a48-d09b-11ea-9579-bba61161b25a  
567|IX%69152K|2023-01-12 01:57:27.049|1|NULL|16a17a48-d09b-11ea-9579-bba61161b25a  
568|SE&06695M|2023-01-12 01:57:27.049|1|NULL|16a17a48-d09b-11ea-9579-bba61161b25a  
569|IX#84171Q|2023-01-12 01:57:27.049|1|NULL|16a17a48-d09b-11ea-9579-bba61161b25a  
570|CC%82641X|2023-01-12 01:57:27.049|1|NULL|16a17a48-d09b-11ea-9579-bba61161b25a  
571|XV@54670O|2023-01-12 01:57:27.049|1|NULL|16a17a48-d09b-11ea-9579-bba61161b25a  
572|IT#92186X|2023-01-12 01:57:27.049|1|NULL|16a17a48-d09b-11ea-9579-bba61161b25a  
573|CA@66996A|2023-01-12 01:57:27.049|1|NULL|16a17a48-d09b-11ea-9579-bba61161b25a  
574|KV&98577T|2023-01-12 01:57:27.049|1|NULL|16a17a48-d09b-11ea-9579-bba61161b25a  
575|IH%40236Q|2023-01-12 01:57:27.049|1|NULL|16a17a48-d09b-11ea-9579-bba61161b25a  
576|XF#65316X|2023-01-12 01:57:27.049|1|NULL|16a17a48-d09b-11ea-9579-bba61161b25a  
577|WG&40367N|2023-01-12 01:57:27.049|1|NULL|16a17a48-d09b-11ea-9579-bba61161b25a  
578|MG%83011O|2023-01-12 01:57:27.049|1|NULL|16a17a48-d09b-11ea-9579-bba61161b25a  
579|SJ@35936Q|2023-01-12 01:57:27.049|1|NULL|16a17a48-d09b-11ea-9579-bba61161b25a  
580|GO&35148A|2023-01-12 01:57:27.049|1|NULL|16a17a48-d09b-11ea-9579-bba61161b25a  
581|ZW%94413F|2023-01-12 01:57:27.049|1|NULL|16a17a48-d09b-11ea-9579-bba61161b25a  
582|XU#30874Z|2023-01-12 01:57:27.049|1|NULL|16a17a48-d09b-11ea-9579-bba61161b25a  
583|LK%86001U|2023-01-12 01:57:27.049|1|NULL|16a17a48-d09b-11ea-9579-bba61161b25a  
584|FZ@46284B|2023-01-12 01:57:27.049|1|NULL|16a17a48-d09b-11ea-9579-bba61161b25a  
585|QZ&14976F|2023-01-12 01:57:27.049|1|NULL|16a17a48-d09b-11ea-9579-bba61161b25a  
586|BM#12438U|2023-01-12 01:57:27.049|1|NULL|16a17a48-d09b-11ea-9579-bba61161b25a  
587|DY@03446T|2023-01-12 01:57:27.049|1|NULL|16a17a48-d09b-11ea-9579-bba61161b25a  
588|IN#12081N|2023-01-12 01:57:27.049|1|NULL|16a17a48-d09b-11ea-9579-bba61161b25a  
589|SI%25447P|2023-01-12 01:57:27.049|1|NULL|16a17a48-d09b-11ea-9579-bba61161b25a  
590|ED#96801B|2023-01-12 01:57:27.049|1|NULL|16a17a48-d09b-11ea-9579-bba61161b25a  
591|ZU@59441Y|2023-01-12 01:57:27.049|1|NULL|16a17a48-d09b-11ea-9579-bba61161b25a  
592|GR#14537I|2023-01-12 01:57:27.049|1|NULL|16a17a48-d09b-11ea-9579-bba61161b25a  
593|AQ&28151G|2023-01-12 01:57:27.049|1|NULL|16a17a48-d09b-11ea-9579-bba61161b25a  
594|UZ#19910T|2023-01-12 01:57:27.049|1|NULL|16a17a48-d09b-11ea-9579-bba61161b25a  
595|PK%96925O|2023-01-12 01:57:27.049|1|NULL|16a17a48-d09b-11ea-9579-bba61161b25a  
596|NE%99127A|2023-01-12 01:57:27.049|1|NULL|16a17a48-d09b-11ea-9579-bba61161b25a  
597|PP&29941N|2023-01-12 01:57:27.049|1|NULL|16a17a48-d09b-11ea-9579-bba61161b25a  
598|MQ&01037I|2023-01-12 01:57:27.049|1|NULL|16a17a48-d09b-11ea-9579-bba61161b25a  
599|JT#39746U|2023-01-12 01:57:27.049|1|NULL|16a17a48-d09b-11ea-9579-bba61161b25a  
600|IA&12739A|2023-01-12 01:57:27.049|1|NULL|16a17a48-d09b-11ea-9579-bba61161b25a  
601|PC#11984V|2023-01-12 01:57:27.049|1|NULL|16a17a48-d09b-11ea-9579-bba61161b25a  
602|TX%89771K|2023-01-12 01:57:27.049|1|NULL|16a17a48-d09b-11ea-9579-bba61161b25a  
603|ZH&69525H|2023-01-12 01:57:27.049|1|NULL|16a17a48-d09b-11ea-9579-bba61161b25a  
604|TI&78388L|2023-01-12 01:57:27.049|1|NULL|16a17a48-d09b-11ea-9579-bba61161b25a  
605|UL&50411M|2023-01-12 01:57:27.049|1|NULL|16a17a48-d09b-11ea-9579-bba61161b25a  
606|MR&22974D|2023-01-12 01:57:27.049|1|NULL|16a17a48-d09b-11ea-9579-bba61161b25a  
607|LI%45357S|2023-01-12 01:57:27.049|1|NULL|16a17a48-d09b-11ea-9579-bba61161b25a  
608|TS&75812P|2023-01-12 01:57:27.049|1|NULL|16a17a48-d09b-11ea-9579-bba61161b25a  
609|BK&83155C|2023-01-12 01:57:27.049|1|NULL|16a17a48-d09b-11ea-9579-bba61161b25a  
610|MQ&79887K|2023-01-12 01:57:27.049|1|NULL|16a17a48-d09b-11ea-9579-bba61161b25a  
611|OJ%42850B|2023-01-12 01:57:27.049|1|NULL|16a17a48-d09b-11ea-9579-bba61161b25a  
612|CO#30227Q|2023-01-12 01:57:27.049|1|NULL|16a17a48-d09b-11ea-9579-bba61161b25a  
613|QV#65340L|2023-01-12 01:57:27.049|1|NULL|16a17a48-d09b-11ea-9579-bba61161b25a  
614|VQ%96586N|2023-01-12 01:57:27.049|1|NULL|16a17a48-d09b-11ea-9579-bba61161b25a  
615|NV%30783J|2023-01-12 01:57:27.049|1|NULL|16a17a48-d09b-11ea-9579-bba61161b25a  
616|XU@50207A|2023-01-12 01:57:27.049|1|NULL|16a17a48-d09b-11ea-9579-bba61161b25a  
617|GR%98149K|2023-01-12 01:57:27.049|1|NULL|16a17a48-d09b-11ea-9579-bba61161b25a  
618|AY@39943T|2023-01-12 01:57:27.049|1|NULL|16a17a48-d09b-11ea-9579-bba61161b25a  
619|RC&00100M|2023-01-12 01:57:27.049|1|NULL|16a17a48-d09b-11ea-9579-bba61161b25a  
620|AC@84226E|2023-01-12 01:57:27.049|1|NULL|16a17a48-d09b-11ea-9579-bba61161b25a  
621|VP%59012Y|2023-01-12 01:57:27.049|1|NULL|16a17a48-d09b-11ea-9579-bba61161b25a  
622|BR%35712A|2023-01-12 01:57:27.049|1|NULL|16a17a48-d09b-11ea-9579-bba61161b25a  
623|TV&47075U|2023-01-12 01:57:27.049|1|NULL|16a17a48-d09b-11ea-9579-bba61161b25a  
624|PS#52691I|2023-01-12 01:57:27.049|1|NULL|16a17a48-d09b-11ea-9579-bba61161b25a  
625|QZ@04896U|2023-01-12 01:57:27.049|1|NULL|16a17a48-d09b-11ea-9579-bba61161b25a  
626|MD#15365G|2023-01-12 01:57:27.049|1|NULL|16a17a48-d09b-11ea-9579-bba61161b25a  
627|NP&04573V|2023-01-12 01:57:27.049|1|NULL|16a17a48-d09b-11ea-9579-bba61161b25a  
628|FF&61826O|2023-01-12 01:57:27.049|1|NULL|16a17a48-d09b-11ea-9579-bba61161b25a  
629|NW&05480B|2023-01-12 01:57:27.049|1|NULL|16a17a48-d09b-11ea-9579-bba61161b25a  
630|MO%35072T|2023-01-12 01:57:27.049|1|NULL|16a17a48-d09b-11ea-9579-bba61161b25a  
631|ZL&28559W|2023-01-12 01:57:27.049|1|NULL|16a17a48-d09b-11ea-9579-bba61161b25a  
632|IG@49712W|2023-01-12 01:57:27.049|1|NULL|16a17a48-d09b-11ea-9579-bba61161b25a  
633|SB&41151X|2023-01-12 01:57:27.049|1|NULL|16a17a48-d09b-11ea-9579-bba61161b25a  
634|NJ@65907F|2023-01-12 01:57:27.049|1|NULL|16a17a48-d09b-11ea-9579-bba61161b25a  
635|TV@21824L|2023-01-12 01:57:27.049|1|NULL|16a17a48-d09b-11ea-9579-bba61161b25a  
636|KS%15634S|2023-01-12 01:57:27.049|1|NULL|16a17a48-d09b-11ea-9579-bba61161b25a  
637|AI@84583X|2023-01-12 01:57:27.049|1|NULL|16a17a48-d09b-11ea-9579-bba61161b25a  
638|VM#08612F|2023-01-12 01:57:27.049|1|NULL|16a17a48-d09b-11ea-9579-bba61161b25a  
639|TM%00005Y|2023-01-12 01:57:27.049|1|NULL|16a17a48-d09b-11ea-9579-bba61161b25a  
640|XF%44733G|2023-01-12 01:57:27.049|1|NULL|16a17a48-d09b-11ea-9579-bba61161b25a  
641|HC#91244J|2023-01-12 01:57:27.049|1|NULL|16a17a48-d09b-11ea-9579-bba61161b25a  
642|TV#45148D|2023-01-12 01:57:27.049|1|NULL|16a17a48-d09b-11ea-9579-bba61161b25a  
643|LR#35648S|2023-01-12 01:57:27.049|1|NULL|16a17a48-d09b-11ea-9579-bba61161b25a  
644|KP&75755J|2023-01-12 01:57:27.049|1|NULL|16a17a48-d09b-11ea-9579-bba61161b25a  
645|LY&76357E|2023-01-12 01:57:27.049|1|NULL|16a17a48-d09b-11ea-9579-bba61161b25a  
646|IS%31045N|2023-01-12 01:57:27.049|1|NULL|16a17a48-d09b-11ea-9579-bba61161b25a  
647|SK%45707F|2023-01-12 01:57:27.049|1|NULL|16a17a48-d09b-11ea-9579-bba61161b25a  
648|VK%39664X|2023-01-12 01:57:27.049|1|NULL|16a17a48-d09b-11ea-9579-bba61161b25a  
649|NS%22264B|2023-01-12 01:57:27.049|1|NULL|16a17a48-d09b-11ea-9579-bba61161b25a  
650|GW@06340E|2023-01-12 01:57:27.049|1|NULL|16a17a48-d09b-11ea-9579-bba61161b25a  
651|HC%75101A|2023-01-12 01:57:27.049|1|NULL|16a17a48-d09b-11ea-9579-bba61161b25a  
652|WL#56849D|2023-01-12 01:57:27.049|1|NULL|16a17a48-d09b-11ea-9579-bba61161b25a  
653|PJ@75029U|2023-01-12 01:57:27.049|1|NULL|16a17a48-d09b-11ea-9579-bba61161b25a  
654|WO&76977G|2023-01-12 01:57:27.049|1|NULL|16a17a48-d09b-11ea-9579-bba61161b25a  
655|NU%48296B|2023-01-12 01:57:27.049|1|NULL|16a17a48-d09b-11ea-9579-bba61161b25a  
656|LS&17502X|2023-01-12 01:57:27.049|1|NULL|16a17a48-d09b-11ea-9579-bba61161b25a  
657|CY&18931C|2023-01-12 01:57:27.049|1|NULL|16a17a48-d09b-11ea-9579-bba61161b25a  
658|QM@42555T|2023-01-12 01:57:27.049|1|NULL|16a17a48-d09b-11ea-9579-bba61161b25a  
659|JB@16049L|2023-01-12 01:57:27.049|1|NULL|16a17a48-d09b-11ea-9579-bba61161b25a  
660|AG%61912H|2023-01-12 01:57:27.049|1|NULL|16a17a48-d09b-11ea-9579-bba61161b25a  
661|ZI#04085X|2023-01-12 01:57:27.049|1|NULL|16a17a48-d09b-11ea-9579-bba61161b25a  
662|WK@35240O|2023-01-12 01:57:27.049|1|NULL|16a17a48-d09b-11ea-9579-bba61161b25a  
663|XW#63141T|2023-01-12 01:57:27.049|1|NULL|16a17a48-d09b-11ea-9579-bba61161b25a  
664|GC@29390F|2023-01-12 01:57:27.049|1|NULL|16a17a48-d09b-11ea-9579-bba61161b25a  
665|FG&57420L|2023-01-12 01:57:27.049|1|NULL|16a17a48-d09b-11ea-9579-bba61161b25a  
666|IL#98289A|2023-01-12 01:57:27.049|1|NULL|16a17a48-d09b-11ea-9579-bba61161b25a  
667|MQ%59459J|2023-01-12 01:57:27.049|1|NULL|16a17a48-d09b-11ea-9579-bba61161b25a  
668|JW&68251M|2023-01-12 01:57:27.049|1|NULL|16a17a48-d09b-11ea-9579-bba61161b25a  
669|YY#26218N|2023-01-12 01:57:27.049|1|NULL|16a17a48-d09b-11ea-9579-bba61161b25a  
670|XP#34289F|2023-01-12 01:57:27.049|1|NULL|16a17a48-d09b-11ea-9579-bba61161b25a  
671|IV&54379G|2023-01-12 01:57:27.049|1|NULL|16a17a48-d09b-11ea-9579-bba61161b25a  
672|HS@38270F|2023-01-12 01:57:27.049|1|NULL|16a17a48-d09b-11ea-9579-bba61161b25a  
673|KD%20867V|2023-01-12 01:57:27.049|1|NULL|16a17a48-d09b-11ea-9579-bba61161b25a  
674|MS#79437X|2023-01-12 01:57:27.049|1|NULL|16a17a48-d09b-11ea-9579-bba61161b25a  
675|TX#84287C|2023-01-12 01:57:27.049|1|NULL|16a17a48-d09b-11ea-9579-bba61161b25a  
676|MA@75761D|2023-01-12 01:57:27.049|1|NULL|16a17a48-d09b-11ea-9579-bba61161b25a  
677|PV%75154N|2023-01-12 01:57:27.049|1|NULL|16a17a48-d09b-11ea-9579-bba61161b25a  
678|VE&68223W|2023-01-12 01:57:27.049|1|NULL|16a17a48-d09b-11ea-9579-bba61161b25a  
679|BP&10720T|2023-01-12 01:57:27.049|1|NULL|16a17a48-d09b-11ea-9579-bba61161b25a  
680|KZ%41506S|2023-01-12 01:57:27.049|1|NULL|16a17a48-d09b-11ea-9579-bba61161b25a  
681|QC#19475Z|2023-01-12 01:57:27.049|1|NULL|16a17a48-d09b-11ea-9579-bba61161b25a  
682|RO%17733G|2023-01-12 01:57:27.049|1|NULL|16a17a48-d09b-11ea-9579-bba61161b25a  
683|IN@88866M|2023-01-12 01:57:27.049|1|NULL|16a17a48-d09b-11ea-9579-bba61161b25a  
684|LS%94927H|2023-01-12 01:57:27.049|1|NULL|16a17a48-d09b-11ea-9579-bba61161b25a  
685|BQ&17156M|2023-01-12 01:57:27.049|1|NULL|16a17a48-d09b-11ea-9579-bba61161b25a  
686|FJ@65405H|2023-01-12 01:57:27.049|1|NULL|16a17a48-d09b-11ea-9579-bba61161b25a  
687|DR&78411E|2023-01-12 01:57:27.049|1|NULL|16a17a48-d09b-11ea-9579-bba61161b25a  
688|GO@31879C|2023-01-12 01:57:27.049|1|NULL|16a17a48-d09b-11ea-9579-bba61161b25a  
689|FH&43746J|2023-01-12 01:57:27.049|1|NULL|16a17a48-d09b-11ea-9579-bba61161b25a  
690|XI@48344K|2023-01-12 01:57:27.049|1|NULL|16a17a48-d09b-11ea-9579-bba61161b25a  
691|HQ@65901Q|2023-01-12 01:57:27.049|1|NULL|16a17a48-d09b-11ea-9579-bba61161b25a  
692|EN@12276M|2023-01-12 01:57:27.049|1|NULL|16a17a48-d09b-11ea-9579-bba61161b25a  
693|ZC#53986R|2023-01-12 01:57:27.049|1|NULL|16a17a48-d09b-11ea-9579-bba61161b25a  
694|OT@48941B|2023-01-12 01:57:27.049|1|NULL|16a17a48-d09b-11ea-9579-bba61161b25a  
695|KK&73216K|2023-01-12 01:57:27.049|1|NULL|16a17a48-d09b-11ea-9579-bba61161b25a  
696|TA%25310R|2023-01-12 01:57:27.049|1|NULL|16a17a48-d09b-11ea-9579-bba61161b25a  
697|FX%47977M|2023-01-12 01:57:27.049|1|NULL|16a17a48-d09b-11ea-9579-bba61161b25a  
698|BV&32745G|2023-01-12 01:57:27.049|1|NULL|16a17a48-d09b-11ea-9579-bba61161b25a  
699|CV@98493X|2023-01-12 01:57:27.049|1|NULL|16a17a48-d09b-11ea-9579-bba61161b25a  
700|XQ#85825U|2023-01-12 01:57:27.049|1|NULL|16a17a48-d09b-11ea-9579-bba61161b25a  
701|CH@27573F|2023-01-12 01:57:27.049|1|NULL|16a17a48-d09b-11ea-9579-bba61161b25a  
702|YV&53438J|2023-01-12 01:57:27.049|1|NULL|16a17a48-d09b-11ea-9579-bba61161b25a  
703|HQ%59218O|2023-01-12 01:57:27.049|1|NULL|16a17a48-d09b-11ea-9579-bba61161b25a  
704|TA#31383D|2023-01-12 01:57:27.049|1|NULL|16a17a48-d09b-11ea-9579-bba61161b25a  
705|DR&00235J|2023-01-12 01:57:27.049|1|NULL|16a17a48-d09b-11ea-9579-bba61161b25a  
706|MK#23580I|2023-01-12 01:57:27.049|1|NULL|16a17a48-d09b-11ea-9579-bba61161b25a  
707|MJ&89810U|2023-01-12 01:57:27.049|1|NULL|16a17a48-d09b-11ea-9579-bba61161b25a  
708|VR%55905F|2023-01-12 01:57:27.049|1|NULL|16a17a48-d09b-11ea-9579-bba61161b25a  
709|BH%74570O|2023-01-12 01:57:27.049|1|NULL|16a17a48-d09b-11ea-9579-bba61161b25a  
710|QR#59846Y|2023-01-12 01:57:27.049|1|NULL|16a17a48-d09b-11ea-9579-bba61161b25a  
711|LT@10184Q|2023-01-12 01:57:27.049|1|NULL|16a17a48-d09b-11ea-9579-bba61161b25a  
712|LP@91498Z|2023-01-12 01:57:27.049|1|NULL|16a17a48-d09b-11ea-9579-bba61161b25a  
713|CN@90504T|2023-01-12 01:57:27.049|1|NULL|16a17a48-d09b-11ea-9579-bba61161b25a  
714|OG#61519K|2023-01-12 01:57:27.049|1|NULL|16a17a48-d09b-11ea-9579-bba61161b25a  
715|XP@65574V|2023-01-12 01:57:27.049|1|NULL|16a17a48-d09b-11ea-9579-bba61161b25a  
716|TH%06052M|2023-01-12 01:57:27.049|1|NULL|16a17a48-d09b-11ea-9579-bba61161b25a  
717|NO@20501G|2023-01-12 01:57:27.049|1|NULL|16a17a48-d09b-11ea-9579-bba61161b25a  
718|YU@75571X|2023-01-12 01:57:27.049|1|NULL|16a17a48-d09b-11ea-9579-bba61161b25a  
719|IG%71553I|2023-01-12 01:57:27.049|1|NULL|16a17a48-d09b-11ea-9579-bba61161b25a  
720|AN#41071W|2023-01-12 01:57:27.049|1|NULL|16a17a48-d09b-11ea-9579-bba61161b25a  
721|KJ%24047Y|2023-01-12 01:57:27.049|1|NULL|16a17a48-d09b-11ea-9579-bba61161b25a  
722|LP@00732B|2023-01-12 01:57:27.049|1|NULL|16a17a48-d09b-11ea-9579-bba61161b25a  
723|OJ@00955C|2023-01-12 01:57:27.049|1|NULL|16a17a48-d09b-11ea-9579-bba61161b25a  
724|DY@59407L|2023-01-12 01:57:27.049|1|NULL|16a17a48-d09b-11ea-9579-bba61161b25a  
725|YL&48329Y|2023-01-12 01:57:27.049|1|NULL|16a17a48-d09b-11ea-9579-bba61161b25a  
726|GO%80866M|2023-01-12 01:57:27.049|1|NULL|16a17a48-d09b-11ea-9579-bba61161b25a  
727|CO%72986N|2023-01-12 01:57:27.049|1|NULL|16a17a48-d09b-11ea-9579-bba61161b25a  
728|PK@85262E|2023-01-12 01:57:27.049|1|NULL|16a17a48-d09b-11ea-9579-bba61161b25a  
729|CW#07744C|2023-01-12 01:57:27.049|1|NULL|16a17a48-d09b-11ea-9579-bba61161b25a  
730|PP%77255E|2023-01-12 01:57:27.049|1|NULL|16a17a48-d09b-11ea-9579-bba61161b25a  
731|GL#54464Z|2023-01-12 01:57:27.049|1|NULL|16a17a48-d09b-11ea-9579-bba61161b25a  
732|BB@26663U|2023-01-12 01:57:27.049|1|NULL|16a17a48-d09b-11ea-9579-bba61161b25a  
733|PV&45879C|2023-01-12 01:57:27.049|1|NULL|16a17a48-d09b-11ea-9579-bba61161b25a  
734|AE%30074B|2023-01-12 01:57:27.049|1|NULL|16a17a48-d09b-11ea-9579-bba61161b25a  
735|PV%07686B|2023-01-12 01:57:27.049|1|NULL|16a17a48-d09b-11ea-9579-bba61161b25a  
736|CN&98285U|2023-01-12 01:57:27.049|1|NULL|16a17a48-d09b-11ea-9579-bba61161b25a  
737|IG&72246F|2023-01-12 01:57:27.049|1|NULL|16a17a48-d09b-11ea-9579-bba61161b25a  
738|BX&48524M|2023-01-12 01:57:27.049|1|NULL|16a17a48-d09b-11ea-9579-bba61161b25a  
739|LY#72847G|2023-01-12 01:57:27.049|1|NULL|16a17a48-d09b-11ea-9579-bba61161b25a  
740|LG#33452M|2023-01-12 01:57:27.049|1|NULL|16a17a48-d09b-11ea-9579-bba61161b25a  
741|PK&73201Y|2023-01-12 01:57:27.049|1|NULL|16a17a48-d09b-11ea-9579-bba61161b25a  
742|NQ#68389P|2023-01-12 01:57:27.049|1|NULL|16a17a48-d09b-11ea-9579-bba61161b25a  
743|KT&33049G|2023-01-12 01:57:27.049|1|NULL|16a17a48-d09b-11ea-9579-bba61161b25a  
744|VQ&83734D|2023-01-12 01:57:27.049|1|NULL|16a17a48-d09b-11ea-9579-bba61161b25a  
745|PF#62621Y|2023-01-12 01:57:27.049|1|NULL|16a17a48-d09b-11ea-9579-bba61161b25a  
746|LT&00593U|2023-01-12 01:57:27.049|1|NULL|16a17a48-d09b-11ea-9579-bba61161b25a  
747|VH@99376E|2023-01-12 01:57:27.049|1|NULL|16a17a48-d09b-11ea-9579-bba61161b25a  
748|AW@96699R|2023-01-12 01:57:27.049|1|NULL|16a17a48-d09b-11ea-9579-bba61161b25a  
749|KT%72261X|2023-01-12 01:57:27.049|1|NULL|16a17a48-d09b-11ea-9579-bba61161b25a  
750|YX#33321F|2023-01-12 01:57:27.049|1|NULL|16a17a48-d09b-11ea-9579-bba61161b25a  
751|NJ%47364J|2023-01-12 01:57:27.049|1|NULL|16a17a48-d09b-11ea-9579-bba61161b25a  
752|BQ#56638C|2023-01-12 01:57:27.049|1|NULL|16a17a48-d09b-11ea-9579-bba61161b25a  
753|KB%97300B|2023-01-12 01:57:27.049|1|NULL|16a17a48-d09b-11ea-9579-bba61161b25a  
754|QH@18518O|2023-01-12 01:57:27.049|1|NULL|16a17a48-d09b-11ea-9579-bba61161b25a  
755|PA%92955G|2023-01-12 01:57:27.049|1|NULL|16a17a48-d09b-11ea-9579-bba61161b25a  
756|VU@39996F|2023-01-12 01:57:27.049|1|NULL|16a17a48-d09b-11ea-9579-bba61161b25a  
757|JI#04309D|2023-01-12 01:57:27.049|1|NULL|16a17a48-d09b-11ea-9579-bba61161b25a  
758|DD&62509Z|2023-01-12 01:57:27.049|1|NULL|16a17a48-d09b-11ea-9579-bba61161b25a  
759|YJ%81268P|2023-01-12 01:57:27.049|1|NULL|16a17a48-d09b-11ea-9579-bba61161b25a  
760|AS&57216D|2023-01-12 01:57:27.049|1|NULL|16a17a48-d09b-11ea-9579-bba61161b25a  
761|AB@67017M|2023-01-12 01:57:27.049|1|NULL|16a17a48-d09b-11ea-9579-bba61161b25a  
762|CL#70571G|2023-01-12 01:57:27.049|1|NULL|16a17a48-d09b-11ea-9579-bba61161b25a  
763|UV%50352Z|2023-01-12 01:57:27.049|1|NULL|16a17a48-d09b-11ea-9579-bba61161b25a  
764|NV%29406R|2023-01-12 01:57:27.049|1|NULL|16a17a48-d09b-11ea-9579-bba61161b25a  
765|IB%18188W|2023-01-12 01:57:27.049|1|NULL|16a17a48-d09b-11ea-9579-bba61161b25a  
766|VL@22934E|2023-01-12 01:57:27.049|1|NULL|16a17a48-d09b-11ea-9579-bba61161b25a  
767|NY@37276X|2023-01-12 01:57:27.049|1|NULL|16a17a48-d09b-11ea-9579-bba61161b25a  
768|JW#10572C|2023-01-12 01:57:27.049|1|NULL|16a17a48-d09b-11ea-9579-bba61161b25a  
769|CT&46222O|2023-01-12 01:57:27.049|1|NULL|16a17a48-d09b-11ea-9579-bba61161b25a  
770|KX&88349I|2023-01-12 01:57:27.049|1|NULL|16a17a48-d09b-11ea-9579-bba61161b25a  
771|XS&33761O|2023-01-12 01:57:27.049|1|NULL|16a17a48-d09b-11ea-9579-bba61161b25a  
772|XW&92239D|2023-01-12 01:57:27.049|1|NULL|16a17a48-d09b-11ea-9579-bba61161b25a  
773|IB%15556S|2023-01-12 01:57:27.049|1|NULL|16a17a48-d09b-11ea-9579-bba61161b25a  
774|BF#00564B|2023-01-12 01:57:27.049|1|NULL|16a17a48-d09b-11ea-9579-bba61161b25a  
775|FB%59851U|2023-01-12 01:57:27.049|1|NULL|16a17a48-d09b-11ea-9579-bba61161b25a  
776|ZZ#84119Y|2023-01-12 01:57:27.049|1|NULL|16a17a48-d09b-11ea-9579-bba61161b25a  
777|DJ#82841P|2023-01-12 01:57:27.049|1|NULL|16a17a48-d09b-11ea-9579-bba61161b25a  
778|FZ#11671O|2023-01-12 01:57:27.049|1|NULL|16a17a48-d09b-11ea-9579-bba61161b25a  
779|HK%95643X|2023-01-12 01:57:27.049|1|NULL|16a17a48-d09b-11ea-9579-bba61161b25a  
780|EF&05096A|2023-01-12 01:57:27.049|1|NULL|16a17a48-d09b-11ea-9579-bba61161b25a  
781|KV&90212A|2023-01-12 01:57:27.049|1|NULL|16a17a48-d09b-11ea-9579-bba61161b25a  
782|OE@65855X|2023-01-12 01:57:27.049|1|NULL|16a17a48-d09b-11ea-9579-bba61161b25a  
783|NU#00146I|2023-01-12 01:57:27.049|1|NULL|16a17a48-d09b-11ea-9579-bba61161b25a  
784|AX@95928F|2023-01-12 01:57:27.049|1|NULL|16a17a48-d09b-11ea-9579-bba61161b25a  
785|HJ#92185O|2023-01-12 01:57:27.049|1|NULL|16a17a48-d09b-11ea-9579-bba61161b25a  
786|SW%14351B|2023-01-12 01:57:27.049|1|NULL|16a17a48-d09b-11ea-9579-bba61161b25a  
787|WW@37351R|2023-01-12 01:57:27.049|1|NULL|16a17a48-d09b-11ea-9579-bba61161b25a  
788|UE@61705F|2023-01-12 01:57:27.049|1|NULL|16a17a48-d09b-11ea-9579-bba61161b25a  
789|FP&37462L|2023-01-12 01:57:27.049|1|NULL|16a17a48-d09b-11ea-9579-bba61161b25a  
790|ZX@76299D|2023-01-12 01:57:27.049|1|NULL|16a17a48-d09b-11ea-9579-bba61161b25a  
791|TK&45671H|2023-01-12 01:57:27.049|1|NULL|16a17a48-d09b-11ea-9579-bba61161b25a  
792|PX&26268F|2023-01-12 01:57:27.049|1|NULL|16a17a48-d09b-11ea-9579-bba61161b25a  
793|AH@45330I|2023-01-12 01:57:27.049|1|NULL|16a17a48-d09b-11ea-9579-bba61161b25a  
794|DB#68053M|2023-01-12 01:57:27.049|1|NULL|16a17a48-d09b-11ea-9579-bba61161b25a  
795|EB%96962V|2023-01-12 01:57:27.049|1|NULL|16a17a48-d09b-11ea-9579-bba61161b25a  
796|VN@47667C|2023-01-12 01:57:27.049|1|NULL|16a17a48-d09b-11ea-9579-bba61161b25a  
797|BD&03613A|2023-01-12 01:57:27.049|1|NULL|16a17a48-d09b-11ea-9579-bba61161b25a  
798|EF@77502S|2023-01-12 01:57:27.049|1|NULL|16a17a48-d09b-11ea-9579-bba61161b25a  
799|WI@12833J|2023-01-12 01:57:27.049|1|NULL|16a17a48-d09b-11ea-9579-bba61161b25a  
800|AU#32184J|2023-01-12 01:57:27.049|1|NULL|16a17a48-d09b-11ea-9579-bba61161b25a  
801|KL%06212B|2023-01-12 01:57:27.049|1|NULL|16a17a48-d09b-11ea-9579-bba61161b25a  
802|JQ&43364Y|2023-01-12 01:57:27.049|1|NULL|16a17a48-d09b-11ea-9579-bba61161b25a  
803|FS&49691W|2023-01-12 01:57:27.049|1|NULL|16a17a48-d09b-11ea-9579-bba61161b25a  
804|EN%74121U|2023-01-12 01:57:27.049|1|NULL|16a17a48-d09b-11ea-9579-bba61161b25a  
805|GI@83992H|2023-01-12 01:57:27.049|1|NULL|16a17a48-d09b-11ea-9579-bba61161b25a  
806|OS&24869G|2023-01-12 01:57:27.049|1|NULL|16a17a48-d09b-11ea-9579-bba61161b25a  
807|FV#79811R|2023-01-12 01:57:27.049|1|NULL|16a17a48-d09b-11ea-9579-bba61161b25a  
808|WP@85322M|2023-01-12 01:57:27.049|1|NULL|16a17a48-d09b-11ea-9579-bba61161b25a  
809|IQ&81912S|2023-01-12 01:57:27.049|1|NULL|16a17a48-d09b-11ea-9579-bba61161b25a  
810|NM#80104A|2023-01-12 01:57:27.049|1|NULL|16a17a48-d09b-11ea-9579-bba61161b25a  
811|YH#19926X|2023-01-12 01:57:27.049|1|NULL|16a17a48-d09b-11ea-9579-bba61161b25a  
812|VX#12200K|2023-01-12 01:57:27.049|1|NULL|16a17a48-d09b-11ea-9579-bba61161b25a  
813|RY#57141B|2023-01-12 01:57:27.049|1|NULL|16a17a48-d09b-11ea-9579-bba61161b25a  
814|HJ&34775B|2023-01-12 01:57:27.049|1|NULL|16a17a48-d09b-11ea-9579-bba61161b25a  
815|VA&91165U|2023-01-12 01:57:27.049|1|NULL|16a17a48-d09b-11ea-9579-bba61161b25a  
816|VX@12120W|2023-01-12 01:57:27.049|1|NULL|16a17a48-d09b-11ea-9579-bba61161b25a  
817|YP#52034I|2023-01-12 01:57:27.049|1|NULL|16a17a48-d09b-11ea-9579-bba61161b25a  
818|YK&25661R|2023-01-12 01:57:27.049|1|NULL|16a17a48-d09b-11ea-9579-bba61161b25a  
819|WS%88837F|2023-01-12 01:57:27.049|1|NULL|16a17a48-d09b-11ea-9579-bba61161b25a  
820|SH@31830C|2023-01-12 01:57:27.049|1|NULL|16a17a48-d09b-11ea-9579-bba61161b25a  
821|LH&18334U|2023-01-12 01:57:27.049|1|NULL|16a17a48-d09b-11ea-9579-bba61161b25a  
822|QJ#54890L|2023-01-12 01:57:27.049|1|NULL|16a17a48-d09b-11ea-9579-bba61161b25a  
823|KH#03271N|2023-01-12 01:57:27.049|1|NULL|16a17a48-d09b-11ea-9579-bba61161b25a  
824|UD@54044X|2023-01-12 01:57:27.049|1|NULL|16a17a48-d09b-11ea-9579-bba61161b25a  
825|ZU@63709S|2023-01-12 01:57:27.049|1|NULL|16a17a48-d09b-11ea-9579-bba61161b25a  
826|DB#83033A|2023-01-12 01:57:27.049|1|NULL|16a17a48-d09b-11ea-9579-bba61161b25a  
827|MV&79124B|2023-01-12 01:57:27.049|1|NULL|16a17a48-d09b-11ea-9579-bba61161b25a  
828|DL@19918G|2023-01-12 01:57:27.049|1|NULL|16a17a48-d09b-11ea-9579-bba61161b25a  
829|VI@20548O|2023-01-12 01:57:27.049|1|NULL|16a17a48-d09b-11ea-9579-bba61161b25a  
830|JL%02560H|2023-01-12 01:57:27.049|1|NULL|16a17a48-d09b-11ea-9579-bba61161b25a  
831|XF%88852H|2023-01-12 01:57:27.049|1|NULL|16a17a48-d09b-11ea-9579-bba61161b25a  
832|JX%55823M|2023-01-12 01:57:27.049|1|NULL|16a17a48-d09b-11ea-9579-bba61161b25a  
833|LD@99242R|2023-01-12 01:57:27.049|1|NULL|16a17a48-d09b-11ea-9579-bba61161b25a  
834|UG&49152U|2023-01-12 01:57:27.049|1|NULL|16a17a48-d09b-11ea-9579-bba61161b25a  
835|HS%72494M|2023-01-12 01:57:27.049|1|NULL|16a17a48-d09b-11ea-9579-bba61161b25a  
836|KA#75801V|2023-01-12 01:57:27.049|1|NULL|16a17a48-d09b-11ea-9579-bba61161b25a  
837|QZ%77835T|2023-01-12 01:57:27.049|1|NULL|16a17a48-d09b-11ea-9579-bba61161b25a  
838|RZ#49731Y|2023-01-12 01:57:27.049|1|NULL|16a17a48-d09b-11ea-9579-bba61161b25a  
839|GP%13509R|2023-01-12 01:57:27.049|1|NULL|16a17a48-d09b-11ea-9579-bba61161b25a  
840|BI@03217X|2023-01-12 01:57:27.049|1|NULL|16a17a48-d09b-11ea-9579-bba61161b25a  
841|EA&47731Q|2023-01-12 01:57:27.049|1|NULL|16a17a48-d09b-11ea-9579-bba61161b25a  
842|CO@48529Z|2023-01-12 01:57:27.049|1|NULL|16a17a48-d09b-11ea-9579-bba61161b25a  
843|YZ#82431W|2023-01-12 01:57:27.049|1|NULL|16a17a48-d09b-11ea-9579-bba61161b25a  
844|SI#57950H|2023-01-12 01:57:27.049|1|NULL|16a17a48-d09b-11ea-9579-bba61161b25a  
845|RA&62457Y|2023-01-12 01:57:27.049|1|NULL|16a17a48-d09b-11ea-9579-bba61161b25a  
846|EN@51721Z|2023-01-12 01:57:27.049|1|NULL|16a17a48-d09b-11ea-9579-bba61161b25a  
847|HL%90905Y|2023-01-12 01:57:27.049|1|NULL|16a17a48-d09b-11ea-9579-bba61161b25a  
848|HH@00346H|2023-01-12 01:57:27.049|1|NULL|16a17a48-d09b-11ea-9579-bba61161b25a  
849|NP%26909L|2023-01-12 01:57:27.049|1|NULL|16a17a48-d09b-11ea-9579-bba61161b25a  
850|FX&11174K|2023-01-12 01:57:27.049|1|NULL|16a17a48-d09b-11ea-9579-bba61161b25a  
851|DL@77424L|2023-01-12 01:57:27.049|1|NULL|16a17a48-d09b-11ea-9579-bba61161b25a  
852|MK%56091J|2023-01-12 01:57:27.049|1|NULL|16a17a48-d09b-11ea-9579-bba61161b25a  
853|AY@77874I|2023-01-12 01:57:27.049|1|NULL|16a17a48-d09b-11ea-9579-bba61161b25a  
854|WP&61321Q|2023-01-12 01:57:27.049|1|NULL|16a17a48-d09b-11ea-9579-bba61161b25a  
855|AR@20657I|2023-01-12 01:57:27.049|1|NULL|16a17a48-d09b-11ea-9579-bba61161b25a  
856|SR&56683E|2023-01-12 01:57:27.049|1|NULL|16a17a48-d09b-11ea-9579-bba61161b25a  
857|UD%46014T|2023-01-12 01:57:27.049|1|NULL|16a17a48-d09b-11ea-9579-bba61161b25a  
858|WU&73339O|2023-01-12 01:57:27.049|1|NULL|16a17a48-d09b-11ea-9579-bba61161b25a  
859|UQ#17468T|2023-01-12 01:57:27.049|1|NULL|16a17a48-d09b-11ea-9579-bba61161b25a  
860|OU%44463E|2023-01-12 01:57:27.049|1|NULL|16a17a48-d09b-11ea-9579-bba61161b25a  
861|TH%85745Y|2023-01-12 01:57:27.049|1|NULL|16a17a48-d09b-11ea-9579-bba61161b25a  
862|AZ@51208X|2023-01-12 01:57:27.049|1|NULL|16a17a48-d09b-11ea-9579-bba61161b25a  
863|BZ%17328M|2023-01-12 01:57:27.049|1|NULL|16a17a48-d09b-11ea-9579-bba61161b25a  
864|YF@68261M|2023-01-12 01:57:27.049|1|NULL|16a17a48-d09b-11ea-9579-bba61161b25a  
865|LN%98770A|2023-01-12 01:57:27.049|1|NULL|16a17a48-d09b-11ea-9579-bba61161b25a  
866|EX%04879H|2023-01-12 01:57:27.049|1|NULL|16a17a48-d09b-11ea-9579-bba61161b25a  
867|RU#00665A|2023-01-12 01:57:27.049|1|NULL|16a17a48-d09b-11ea-9579-bba61161b25a  
868|UQ@41781A|2023-01-12 01:57:27.049|1|NULL|16a17a48-d09b-11ea-9579-bba61161b25a  
869|DA%96822W|2023-01-12 01:57:27.049|1|NULL|16a17a48-d09b-11ea-9579-bba61161b25a  
870|XR@41015G|2023-01-12 01:57:27.049|1|NULL|16a17a48-d09b-11ea-9579-bba61161b25a  
871|UI#50647E|2023-01-12 01:57:27.049|1|NULL|16a17a48-d09b-11ea-9579-bba61161b25a  
872|AO&46851U|2023-01-12 01:57:27.049|1|NULL|16a17a48-d09b-11ea-9579-bba61161b25a  
873|EI&34250M|2023-01-12 01:57:27.049|1|NULL|16a17a48-d09b-11ea-9579-bba61161b25a  
874|DP&50790O|2023-01-12 01:57:27.049|1|NULL|16a17a48-d09b-11ea-9579-bba61161b25a  
875|HD#90283B|2023-01-12 01:57:27.049|1|NULL|16a17a48-d09b-11ea-9579-bba61161b25a  
876|EW#94637T|2023-01-12 01:57:27.049|1|NULL|16a17a48-d09b-11ea-9579-bba61161b25a  
877|NV#98173D|2023-01-12 01:57:27.049|1|NULL|16a17a48-d09b-11ea-9579-bba61161b25a  
878|FK#17149Y|2023-01-12 01:57:27.049|1|NULL|16a17a48-d09b-11ea-9579-bba61161b25a  
879|UU&60615L|2023-01-12 01:57:27.049|1|NULL|16a17a48-d09b-11ea-9579-bba61161b25a  
880|DQ%67832T|2023-01-12 01:57:27.049|1|NULL|16a17a48-d09b-11ea-9579-bba61161b25a  
881|TS&34908B|2023-01-12 01:57:27.049|1|NULL|16a17a48-d09b-11ea-9579-bba61161b25a  
882|FS#61941M|2023-01-12 01:57:27.049|1|NULL|16a17a48-d09b-11ea-9579-bba61161b25a  
883|HX@67435A|2023-01-12 01:57:27.049|1|NULL|16a17a48-d09b-11ea-9579-bba61161b25a  
884|JG@60786B|2023-01-12 01:57:27.049|1|NULL|16a17a48-d09b-11ea-9579-bba61161b25a  
885|OS#24672Q|2023-01-12 01:57:27.049|1|NULL|16a17a48-d09b-11ea-9579-bba61161b25a  
886|KD@27601D|2023-01-12 01:57:27.049|1|NULL|16a17a48-d09b-11ea-9579-bba61161b25a  
887|YM%24088M|2023-01-12 01:57:27.049|1|NULL|16a17a48-d09b-11ea-9579-bba61161b25a  
888|JN%22961J|2023-01-12 01:57:27.049|1|NULL|16a17a48-d09b-11ea-9579-bba61161b25a  
889|RX&84575T|2023-01-12 01:57:27.049|1|NULL|16a17a48-d09b-11ea-9579-bba61161b25a  
890|IH@18943E|2023-01-12 01:57:27.049|1|NULL|16a17a48-d09b-11ea-9579-bba61161b25a  
891|BY%46174F|2023-01-12 01:57:27.049|1|NULL|16a17a48-d09b-11ea-9579-bba61161b25a  
892|AR%29125L|2023-01-12 01:57:27.049|1|NULL|16a17a48-d09b-11ea-9579-bba61161b25a  
893|MF&09274R|2023-01-12 01:57:27.049|1|NULL|16a17a48-d09b-11ea-9579-bba61161b25a  
894|GG@30042R|2023-01-12 01:57:27.049|1|NULL|16a17a48-d09b-11ea-9579-bba61161b25a  
895|UR%16109G|2023-01-12 01:57:27.049|1|NULL|16a17a48-d09b-11ea-9579-bba61161b25a  
896|PY#07500L|2023-01-12 01:57:27.049|1|NULL|16a17a48-d09b-11ea-9579-bba61161b25a  
897|NL#19026C|2023-01-12 01:57:27.049|1|NULL|16a17a48-d09b-11ea-9579-bba61161b25a  
898|OC#54757L|2023-01-12 01:57:27.049|1|NULL|16a17a48-d09b-11ea-9579-bba61161b25a  
899|MJ%30767Y|2023-01-12 01:57:27.049|1|NULL|16a17a48-d09b-11ea-9579-bba61161b25a  
900|UV&98511K|2023-01-12 01:57:27.049|1|NULL|16a17a48-d09b-11ea-9579-bba61161b25a  
901|JG%72416O|2023-01-12 01:57:27.049|1|NULL|16a17a48-d09b-11ea-9579-bba61161b25a  
902|YH%47316E|2023-01-12 01:57:27.049|1|NULL|16a17a48-d09b-11ea-9579-bba61161b25a  
903|SN%16050Z|2023-01-12 01:57:27.049|1|NULL|16a17a48-d09b-11ea-9579-bba61161b25a  
904|TW#86121V|2023-01-12 01:57:27.049|1|NULL|16a17a48-d09b-11ea-9579-bba61161b25a  
905|JK#22018U|2023-01-12 01:57:27.049|1|NULL|16a17a48-d09b-11ea-9579-bba61161b25a  
906|JC&35640C|2023-01-12 01:57:27.049|1|NULL|16a17a48-d09b-11ea-9579-bba61161b25a  
907|LB&78968H|2023-01-12 01:57:27.049|1|NULL|16a17a48-d09b-11ea-9579-bba61161b25a  
908|DA&20772N|2023-01-12 01:57:27.049|1|NULL|16a17a48-d09b-11ea-9579-bba61161b25a  
909|FE&28947J|2023-01-12 01:57:27.049|1|NULL|16a17a48-d09b-11ea-9579-bba61161b25a  
910|FN#64398M|2023-01-12 01:57:27.049|1|NULL|16a17a48-d09b-11ea-9579-bba61161b25a  
911|HE@32152S|2023-01-12 01:57:27.049|1|NULL|16a17a48-d09b-11ea-9579-bba61161b25a  
912|VO#46904B|2023-01-12 01:57:27.049|1|NULL|16a17a48-d09b-11ea-9579-bba61161b25a  
913|IY#76025P|2023-01-12 01:57:27.049|1|NULL|16a17a48-d09b-11ea-9579-bba61161b25a  
914|PG#96612C|2023-01-12 01:57:27.049|1|NULL|16a17a48-d09b-11ea-9579-bba61161b25a  
915|KH@62079G|2023-01-12 01:57:27.049|1|NULL|16a17a48-d09b-11ea-9579-bba61161b25a  
916|QW@17834F|2023-01-12 01:57:27.049|1|NULL|16a17a48-d09b-11ea-9579-bba61161b25a  
917|DF@12965I|2023-01-12 01:57:27.049|1|NULL|16a17a48-d09b-11ea-9579-bba61161b25a  
918|TJ#09411W|2023-01-12 01:57:27.049|1|NULL|16a17a48-d09b-11ea-9579-bba61161b25a  
919|LZ#34904F|2023-01-12 01:57:27.049|1|NULL|16a17a48-d09b-11ea-9579-bba61161b25a  
920|TT&03635P|2023-01-12 01:57:27.049|1|NULL|16a17a48-d09b-11ea-9579-bba61161b25a  
921|WJ%91927P|2023-01-12 01:57:27.049|1|NULL|16a17a48-d09b-11ea-9579-bba61161b25a  
922|EA@36529Q|2023-01-12 01:57:27.049|1|NULL|16a17a48-d09b-11ea-9579-bba61161b25a  
923|NW@06208K|2023-01-12 01:57:27.049|1|NULL|16a17a48-d09b-11ea-9579-bba61161b25a  
924|PO#00742O|2023-01-12 01:57:27.049|1|NULL|16a17a48-d09b-11ea-9579-bba61161b25a  
925|UB@80807E|2023-01-12 01:57:27.049|1|NULL|16a17a48-d09b-11ea-9579-bba61161b25a  
926|LP@68169S|2023-01-12 01:57:27.049|1|NULL|16a17a48-d09b-11ea-9579-bba61161b25a  
927|WW&19520K|2023-01-12 01:57:27.049|1|NULL|16a17a48-d09b-11ea-9579-bba61161b25a  
928|XK&65792T|2023-01-12 01:57:27.049|1|NULL|16a17a48-d09b-11ea-9579-bba61161b25a  
929|OL@25906Q|2023-01-12 01:57:27.049|1|NULL|16a17a48-d09b-11ea-9579-bba61161b25a  
930|XJ@39507X|2023-01-12 01:57:27.049|1|NULL|16a17a48-d09b-11ea-9579-bba61161b25a  
931|XT%37072H|2023-01-12 01:57:27.049|1|NULL|16a17a48-d09b-11ea-9579-bba61161b25a  
932|OO%17919L|2023-01-12 01:57:27.049|1|NULL|16a17a48-d09b-11ea-9579-bba61161b25a  
933|BL%26264J|2023-01-12 01:57:27.049|1|NULL|16a17a48-d09b-11ea-9579-bba61161b25a  
934|HL#84217B|2023-01-12 01:57:27.049|1|NULL|16a17a48-d09b-11ea-9579-bba61161b25a  
935|VN&01441N|2023-01-12 01:57:27.049|1|NULL|16a17a48-d09b-11ea-9579-bba61161b25a  
936|JG&78611R|2023-01-12 01:57:27.049|1|NULL|16a17a48-d09b-11ea-9579-bba61161b25a  
937|NU@10396Y|2023-01-12 01:57:27.049|1|NULL|16a17a48-d09b-11ea-9579-bba61161b25a  
938|NH&14971V|2023-01-12 01:57:27.049|1|NULL|16a17a48-d09b-11ea-9579-bba61161b25a  
939|NJ#89635G|2023-01-12 01:57:27.049|1|NULL|16a17a48-d09b-11ea-9579-bba61161b25a  
940|MX@69294B|2023-01-12 01:57:27.049|1|NULL|16a17a48-d09b-11ea-9579-bba61161b25a  
941|WF@72650F|2023-01-12 01:57:27.049|1|NULL|16a17a48-d09b-11ea-9579-bba61161b25a  
942|MC@17840A|2023-01-12 01:57:27.049|1|NULL|16a17a48-d09b-11ea-9579-bba61161b25a  
943|MG@41726H|2023-01-12 01:57:27.049|1|NULL|16a17a48-d09b-11ea-9579-bba61161b25a  
944|VS%12205L|2023-01-12 01:57:27.049|1|NULL|16a17a48-d09b-11ea-9579-bba61161b25a  
945|ZU&65807O|2023-01-12 01:57:27.049|1|NULL|16a17a48-d09b-11ea-9579-bba61161b25a  
946|QB&94182O|2023-01-12 01:57:27.049|1|NULL|16a17a48-d09b-11ea-9579-bba61161b25a  
947|ZB@01132N|2023-01-12 01:57:27.049|1|NULL|16a17a48-d09b-11ea-9579-bba61161b25a  
948|JA@33115C|2023-01-12 01:57:27.049|1|NULL|16a17a48-d09b-11ea-9579-bba61161b25a  
949|WR&78960W|2023-01-12 01:57:27.049|1|NULL|16a17a48-d09b-11ea-9579-bba61161b25a  
950|WD#47851F|2023-01-12 01:57:27.049|1|NULL|16a17a48-d09b-11ea-9579-bba61161b25a  
951|UK%54071H|2023-01-12 01:57:27.049|1|NULL|16a17a48-d09b-11ea-9579-bba61161b25a  
952|QX#56517M|2023-01-12 01:57:27.049|1|NULL|16a17a48-d09b-11ea-9579-bba61161b25a  
953|ID%94813L|2023-01-12 01:57:27.049|1|NULL|16a17a48-d09b-11ea-9579-bba61161b25a  
954|AR%93985D|2023-01-12 01:57:27.049|1|NULL|16a17a48-d09b-11ea-9579-bba61161b25a  
955|PA%22118M|2023-01-12 01:57:27.049|1|NULL|16a17a48-d09b-11ea-9579-bba61161b25a  
956|XY&93047Q|2023-01-12 01:57:27.049|1|NULL|16a17a48-d09b-11ea-9579-bba61161b25a  
957|TR#94473G|2023-01-12 01:57:27.049|1|NULL|16a17a48-d09b-11ea-9579-bba61161b25a  
958|CK#60814W|2023-01-12 01:57:27.049|1|NULL|16a17a48-d09b-11ea-9579-bba61161b25a  
959|MQ%41155J|2023-01-12 01:57:27.049|1|NULL|16a17a48-d09b-11ea-9579-bba61161b25a  
960|SW@24556Z|2023-01-12 01:57:27.049|1|NULL|16a17a48-d09b-11ea-9579-bba61161b25a  
961|HV@94892H|2023-01-12 01:57:27.049|1|NULL|16a17a48-d09b-11ea-9579-bba61161b25a  
962|EY&51956I|2023-01-12 01:57:27.049|1|NULL|16a17a48-d09b-11ea-9579-bba61161b25a  
963|JQ&40389N|2023-01-12 01:57:27.049|1|NULL|16a17a48-d09b-11ea-9579-bba61161b25a  
964|GT@16277G|2023-01-12 01:57:27.049|1|NULL|16a17a48-d09b-11ea-9579-bba61161b25a  
965|PQ@27343A|2023-01-12 01:57:27.049|1|NULL|16a17a48-d09b-11ea-9579-bba61161b25a  
966|WZ&65269F|2023-01-12 01:57:27.049|1|NULL|16a17a48-d09b-11ea-9579-bba61161b25a  
967|TP@56385Y|2023-01-12 01:57:27.049|1|NULL|16a17a48-d09b-11ea-9579-bba61161b25a  
968|XS&17995K|2023-01-12 01:57:27.049|1|NULL|16a17a48-d09b-11ea-9579-bba61161b25a  
969|XB&56228O|2023-01-12 01:57:27.049|1|NULL|16a17a48-d09b-11ea-9579-bba61161b25a  
970|WL&67527O|2023-01-12 01:57:27.049|1|NULL|16a17a48-d09b-11ea-9579-bba61161b25a  
971|GY#07851U|2023-01-12 01:57:27.049|1|NULL|16a17a48-d09b-11ea-9579-bba61161b25a  
972|UC@83757I|2023-01-12 01:57:27.049|1|NULL|16a17a48-d09b-11ea-9579-bba61161b25a  
973|VO&67126X|2023-01-12 01:57:27.049|1|NULL|16a17a48-d09b-11ea-9579-bba61161b25a  
974|EB@78270A|2023-01-12 01:57:27.049|1|NULL|16a17a48-d09b-11ea-9579-bba61161b25a  
975|XT#85443O|2023-01-12 01:57:27.049|1|NULL|16a17a48-d09b-11ea-9579-bba61161b25a  
976|VI@13332X|2023-01-12 01:57:27.049|1|NULL|16a17a48-d09b-11ea-9579-bba61161b25a  
977|WR#24862G|2023-01-12 01:57:27.049|1|NULL|16a17a48-d09b-11ea-9579-bba61161b25a  
978|MB&21182M|2023-01-12 01:57:27.049|1|NULL|16a17a48-d09b-11ea-9579-bba61161b25a  
979|WK%98491B|2023-01-12 01:57:27.049|1|NULL|16a17a48-d09b-11ea-9579-bba61161b25a  
980|DS%60488R|2023-01-12 01:57:27.049|1|NULL|16a17a48-d09b-11ea-9579-bba61161b25a  
981|FU#15164N|2023-01-12 01:57:27.049|1|NULL|16a17a48-d09b-11ea-9579-bba61161b25a  
982|XK%62830T|2023-01-12 01:57:27.049|1|NULL|16a17a48-d09b-11ea-9579-bba61161b25a  
983|ET#65077J|2023-01-12 01:57:27.049|1|NULL|16a17a48-d09b-11ea-9579-bba61161b25a  
984|DV&11308W|2023-01-12 01:57:27.049|1|NULL|16a17a48-d09b-11ea-9579-bba61161b25a  
985|CT@87363I|2023-01-12 01:57:27.049|1|NULL|16a17a48-d09b-11ea-9579-bba61161b25a  
986|YV#45125B|2023-01-12 01:57:27.049|1|NULL|16a17a48-d09b-11ea-9579-bba61161b25a  
987|WK%16506B|2023-01-12 01:57:27.049|1|NULL|16a17a48-d09b-11ea-9579-bba61161b25a  
988|SD&73597E|2023-01-12 01:57:27.049|1|NULL|16a17a48-d09b-11ea-9579-bba61161b25a  
989|WY@07411B|2023-01-12 01:57:27.049|1|NULL|16a17a48-d09b-11ea-9579-bba61161b25a  
990|DR@14233E|2023-01-12 01:57:27.049|1|NULL|16a17a48-d09b-11ea-9579-bba61161b25a  
991|KS@28080P|2023-01-12 01:57:27.049|1|NULL|16a17a48-d09b-11ea-9579-bba61161b25a  
992|RN#37218W|2023-01-12 01:57:27.049|1|NULL|16a17a48-d09b-11ea-9579-bba61161b25a  
993|QN%08396X|2023-01-12 01:57:27.049|1|NULL|16a17a48-d09b-11ea-9579-bba61161b25a  
994|XD&69902M|2023-01-12 01:57:27.049|1|NULL|16a17a48-d09b-11ea-9579-bba61161b25a  
995|FF&66759E|2023-01-12 01:57:27.049|1|NULL|16a17a48-d09b-11ea-9579-bba61161b25a  
996|NX&09490T|2023-01-12 01:57:27.049|1|NULL|16a17a48-d09b-11ea-9579-bba61161b25a  
997|HL#04499R|2023-01-12 01:57:27.049|1|NULL|16a17a48-d09b-11ea-9579-bba61161b25a  
998|JT#40185Y|2023-01-12 01:57:27.049|1|NULL|16a17a48-d09b-11ea-9579-bba61161b25a  
999|SH%89745A|2023-01-12 01:57:27.049|1|NULL|16a17a48-d09b-11ea-9579-bba61161b25a  
1000|UR%21005Z|2023-01-12 01:57:27.049|1|NULL|16a17a48-d09b-11ea-9579-bba61161b25a  
